{"paper_id": "2rHk2kZ5knTJ6", "header": "A Geometric Descriptor for Cell-Division Detection", "abstract": "We describe a method for cell-division detection based on a geometric-driven descriptor that can be represented as a 5-layers processing network, based mainly on wavelet filtering and a test for mirror symmetry between pairs of pixels. After the centroids of the descriptors are computed for a sequence of frames, the two-steps piecewise constant function that best fits the sequence of centroids determines the frame where the division occurs.", "reviews": [{"reviewer": "anonymous reviewer 3bab", "Review": "This paper aims to annotate the point at which cells divide in a video sequence.\n\nPros:\n- a useful and interesting application.\n\nCons:\n- it does not seem to involve any learning, it clearly does not fit at ICLR.\n- no comparison to other systems nor description of the dataset, nor cross-validation.\n- the results are not that impressive considering they are not that far from the results of a simple image difference. I think a learnt model would perform better at this task."}, {"reviewer": "anonymous reviewer ba30", "Review": "Goal: automatically spot the point in a video sequence where a cell-division occurs.\n\nInteresting application of deep networks."}, {"reviewer": "David Warde-Farley", "Review": "The proposed method appears to be an engineered descriptor that doesn't involve any learning. While the application is interesting, ICLR is probably not an appropriate venue."}], "url": "https://arxiv.org/abs/1301.3457"}