{"paper_id": "6ZY7ZnIK7kZKy", "header": "An Efficient Sufficient Dimension Reduction Method for Identifying\r\n      Genetic Variants of Clinical Significance", "abstract": "Fast and cheaper next generation sequencing technologies will generate unprecedentedly massive and highly-dimensional genomic and epigenomic variation data. In the near future, a routine part of medical record will include the sequenced genomes. A fundamental question is how to efficiently extract genomic and epigenomic variants of clinical utility which will provide information for optimal wellness and interference strategies. Traditional paradigm for identifying variants of clinical validity is to test association of the variants. However, significantly associated genetic variants may or may not be usefulness for diagnosis and prognosis of diseases. Alternative to association studies for finding genetic variants of predictive utility is to systematically search variants that contain sufficient information for phenotype prediction. To achieve this, we introduce concepts of sufficient dimension reduction and coordinate hypothesis which project the original high dimensional data to very low dimensional space while preserving all information on response phenotypes. We then formulate clinically significant genetic variant discovery problem into sparse SDR problem and develop algorithms that can select significant genetic variants from up to or even ten millions of predictors with the aid of dividing SDR for whole genome into a number of subSDR problems defined for genomic regions. The sparse SDR is in turn formulated as sparse optimal scoring problem, but with penalty which can remove row vectors from the basis matrix. To speed up computation, we develop the modified alternating direction method for multipliers to solve the sparse optimal scoring problem which can easily be implemented in parallel. To illustrate its application, the proposed method is applied to simulation data and the NHLBI's Exome Sequencing Project dataset", "reviews": [{"reviewer": "anonymous reviewer 1ff5", "Review": "Summary of the paper:\n\nThis paper proposes a sparse extension of sufficient dimension reduction (the problem of findind a linear subspace so that the output and the input are conditionally independent given the projection of the input onto that subspace). \n\nThe sparse extension is formulated through the eigenvalue formulation of sliced inverse regression.\n\nThe method is finally applied to identifying genetic variants of clinical significance.\n\nComments:\n\n-Other sparse formulations of SIR have been proposed and the new method should be compared to it (see two below)\n\nLexin Li, Christopher J. Nachtsheim, Sparse Sliced Inverse Regression, Technometrics. Volume 48, Issue 4, 2006\n\nLexin Li. Sparse sufficient dimension reduction. Biometrika (2007) 94(3): 603-613 \n\n-In experiments, it would have been nice to see another method run on these data.\n\n-The paper appears out of scope for the conference"}, {"reviewer": "anonymous reviewer 34e0", "Review": "The paper describes the application of a supervised projection method (Sufficient Dimension Reduction - SDR) for a regression problem in bioinformatics. SDR attempts to find a linear projection space such that the response variable depends on the linear projection of the inputs. The authors make a brief presentation of SDR and formulate it as an optimal scoring problem. It takes the form of a constrained optimization problem which can be solved using an alternating minimization procedure. This method is then applied to prediction problems in Bioinformatics.\nThe form and organization of the paper are not adequate. The projection method is only briefly outlined. Notations are not correct e.g. the same notations are used for random variables and data matrices, some of the notations or abbreviations are not introduced. The description of the applications remains extremely unclear. The abstract and the contribution do not correspond. The format of the paper is not NIPS format.\nThe proposed method is an adaptation of existing work. The formulation of SDR as a constrained problem is not new. The contribution here might be a variant of the alternating minimization technique used for this problem. The application is only briefly sketched and cannot be really appreciated from this description.\nPro\nDescribes an application of SDR, better known in the statistical community, which is an alternative to other matrix factorization techniques used in machine learning. \nCons\nForm and organization of the paper\nWeak technical contribution -  algorithmic and applicative"}], "url": "https://arxiv.org/abs/1301.3528"}