{"paper_id": "GgtWGz7e5_MeB", "header": "Joint Space Neural Probabilistic Language Model for Statistical Machine\r\n      Translation", "abstract": "A neural probabilistic language model (NPLM) provides an idea to achieve the better perplexity than n-gram language model and their smoothed language models. This paper investigates application area in bilingual NLP, specifically Statistical Machine Translation (SMT). We focus on the perspectives that NPLM has potential to open the possibility to complement potentially `huge' monolingual resources into the `resource-constraint' bilingual resources. We introduce an ngram-HMM language model as NPLM using the non-parametric Bayesian construction. In order to facilitate the application to various tasks, we propose the joint space model of ngram-HMM language model. We show an experiment of system combination in the area of SMT. One discovery was that our treatment of noise improved the results 0.20 BLEU points if NPLM is trained in relatively small corpus, in our case 500,000 sentence pairs, which is often the case due to the long training time of NPLM.", "reviews": [{"reviewer": "anonymous reviewer a273", "Review": "Author proposes 'n-gram HMM language model', which is inconsistent with the name of the paper. Also, the introduction is confusing and misleading.\n\nOverall the paper presents weak results. For example in Section 4 - the perplexity results are insignificantly better than from n-gram models, and most importantly are not reproducible: it is not even mentioned what is the amount of the training data, what is the order of n-gram models etc.\n\nAuthor uses irsltm, altough Srilm is cited too (giving it credit for n-gram language modeling, for some unknown reason); overall, many citations are unjustified, and unrelated to the paper itself (probably the only reason is to make everyone happy).\n\n0.2 bleu improvement is generally supposed to be insignificant.\n\nI don't see any useful information in the paper that can help others to improve their work (rather opposite). Unless author can obtain better results (which I honestly believe is not possible, with the explored approach), I don't see a reason why this work should be published."}, {"reviewer": "anonymous reviewer 5a64", "Review": "To quote the authors, this paper introduces a n-gram-HMM language\nmodel as neural probabilistic language model (NPLM) using the\nnon-parametric Bayesian construction. This article is really confused\nand describes a messy mix of different approaches. At the end, it is\nvery hard to understand what the author wanted to do and what he has\ndone. This paper can be improved in many ways before it could be\npublished: authors must clarify their motivations; the interaction\nbetween neural and HMM models could be describe more precisely;\n\n\nIn the reading order: \n\nIn the introduction, authors mistake the MERT process with the\ntranslation process. While MERT is used to tune the weights of a\nlog-linear combination of models in order to optimize BLEU for\ninstance, the NPLM are used as an additionnal model to re-rank nbest\nlists. Moreover, the correct citation for MERT is the ACL 2003 paper\nof F. Och.\n\nIn section 2, the authors introduce a HMM language model. A lot of\nquestions remain: What does the hidden states intend to capture ?\nWhat is the motivation ? What is the joint distribution associated to\nthe graphical model of figure 1 ? How the word n-gram distributions\nare related to the hidden states ?\n\nIn section 3, the authors enhance their HMM LM with an additional row\nof hidden states (joint space HMM). At this point the overall goal of\nthe paper is for me totally unclear. \n\nFor the following experimental sections, a lot of information on the\nset put is missing. Experiments cannot be reproduced given based on\nthe content of that paper. For example, the intrinsic evaluation\nintroduces ngram-HMM with one or two features. The very confused\nexplanation of these features is provided further in the\narticle. Authors do not describe the data-set (there are a lot of\neuroparl version), nor the order of the LMs under consideration.\n\nIn section 5, the following sentence puzzled me: 'Note that although\nthis experiment was done using the ngram-HMM language model, any NPLM\nmay be sufficient for this purpose. In this sense, we use the term\nNPLM instead of ngram-HMM language model.' Moreover, the first feature\nis derived from a NPLM, but how this NPLM is learnt, on which dataset,\nwhat are the parameters, the order of the model and how this feature\nis derived. I could not find the answers in this article. The rest of\nthe paper is more and more unclear. At the end, authors shows a BLEU\nimprovement of 0.2 on a system combination task. While I don't\nunderstand the models used, the gain is really small and I wonder if\nit is significant. For comparison's sake, MBR decoding usually provide\na BLEU improvement of at least 0.2."}, {"reviewer": "anonymous reviewer 5328", "Review": "The paper describes a Bayesian nonparametric HMM augmented with a hierarchical Pitman-Yor language model and slightly extends it by introducing conditioning on auxiliary inputs, possibly at each timestep. The observations are used for incorporating information from a separately trained model, such as LDA. In spite of the title and the abstract the paper has nothing to do with neural language models and very little with representation learning, as the author bizarrely uses the term NPLM to refer to the above n-gram HMM model. The model is evaluated as a part of a machine translation pipeline.\n\nThis is a very poorly written paper. The quality of writing makes it at times very difficult to understand what exactly has been done. The paper makes no significant  contributions from the machine learning standpoint, as what the author calls the 'n-gram HMM' is not novel, having been introduced by Blunsom & Cohn in 2011. The only material related to representation learning is not new either as it involves running LDA on documents. The rest of the paper is about tweaking a translation pipeline and is far too specialized for ICLR.\n\nReference:\nBlunsom, Phil, and Trevor Cohn. 'A hierarchical Pitman-Yor process HMM for unsupervised part of speech induction.' Proceedings of the 49th Annual Meeting of the ACL, 2011"}], "url": "https://arxiv.org/abs/1301.3614"}