{"paper_id": "iKeAKFLmxoim3", "header": "Heteroscedastic Conditional Ordinal Random Fields for Pain Intensity\r\n    Estimation from Facial Images", "abstract": "We propose a novel method for automatic pain intensity estimation from facial images based on the framework of kernel Conditional Ordinal Random Fields (KCORF). We extend this framework to account for heteroscedasticity on the output labels(i.e., pain intensity scores) and introduce a novel dynamic features, dynamic ranks, that impose temporal ordinal constraints on the static ranks (i.e., intensity scores). Our experimental results show that the proposed approach outperforms state-of-the art methods for sequence classification with ordinal data and other ordinal regression models. The approach performs significantly better than other models in terms of Intra-Class Correlation measure, which is the most accepted evaluation measure in the tasks of facial behaviour intensity estimation.", "reviews": [{"reviewer": "anonymous reviewer 9402", "Review": "This extended abstract discusses a modification to an existing ordinal conditional random field model (CORF) so as to treat non-stationary data. This is done by making the variance in a probit model depend on the observations (x) and appealing to results on kernels methods for CRFs by Lafferty et al. The authors also introduce what they call dynamic ranks, but it is impossible to understand, from this write-up, how these relate to the model. No intuition is provide either. What is the equal sign doing in the definition of dynamic ranks?\n\nRegarding section 2, it is too short and impossible to follow. The authors should rewrite it making sure the mathematical models are specified properly and in full mathematical detail. All the variables and symbols should be defined. I know there are space constraints, but I also believe a better presentation is possible.\n\nThe experiments claim great improvements over techniques that do not exploit structure or techniques that exploit structure but which are not suitable for ordinal regression. As it is, it would be impossible to reproduce the results in this abstract. However, it seems that great effort was put into the empirical part of the work.\n\nSome typos:\n\nAbstract: Add space after labels. Also, a novel should be simply novel.\nIntroduction: in the recent should be in recent. Also, drop the a in a novel dynamic features.\nSection 2: Add space after McCullagh. What is standard CRF form? Please be precise as there are many ways of parameterizing and structuring CRFs.\nReferences: laplacian should be Laplacian"}, {"reviewer": "anonymous reviewer 0342", "Review": "This paper seeks to estimate ordinal labels of pain intensity from\nvideos of faces.  The paper discusses a new variation of a conditional\nrandom field in which the produced labels are ordinal values.  The\npaper's main claim to novelty is the idea of 'dynamic ranks', but it\nis unclear what these are.\n\nThis paper does not convey its ideas clearly.  It is not immediately\nobvious why an ordinal regression problem demands a CRF, much less a\nkernelized heteroscedastic CRF.  Since I assume that each frame has a\nsingle label, is the function of the CRF simply to impose temporal\nsmoothness constraints?  I don't understand the motivation for the\nadditional aspects of this.  The idea of 'dynamic ranks' is not\nexplained, beyond Equation (2), which is itself confusing.  For\nexample, what does the equal sign inside the parentheses mean on the\nleft side of Equation 2?  It took me quite a while of looking at the\nright-hand side of this equation to realize that it was defining a\nset, but I don't understand how this relates to ranking or dynamics.\nSection 3 seems to imply that the kernel is between the features of\n6x6 patches, but this doesn't make sense to me if the objective is to\nhave temporal smoothing.\n\nI found this paper very confusing.  It does not provide many details\nor intuition.  In trying to resolve this confusion, I examined the\nauthors' previous work, cited as [14] and [15].  These other papers\nappear to contain most of the crucial details and assumptions that sit\nbehind the present paper.  I appreciate that this is a very short\npaper, but for it to be a useful contribution it must be at least\nsomewhat self contained.  As it stands, I do not feel this is\nachieved."}], "url": "https://arxiv.org/abs/1301.5063"}