{"paper_id": "11y_SldoumvZl", "header": "Factorized Topic Models", "abstract": "In this paper we present a new type of latent topic model, which exploits supervision to produce a factorized representation of the observed data. The structured parameterization separately encodes variance that is shared between classes from variance that is private to each class by the introduction of a new prior. The approach allows for a more efficient inference and provides an intuitive interpretation of the data in terms of an informative signal together with structured noise. The factorized representation is shown to enhance inference performance for both image and text classification.", "reviews": [{"reviewer": "Cheng Zhang, Carl Henrik Ek, Hedvig Kjellstrom", "Review": "Dear reviewers, \nthe new version of the paper, addressing all the changes in our comments, is public visible now in arXiv. \nThanks  in advance for your time."}, {"reviewer": "Cheng Zhang, Carl Henrik Ek, Hedvig Kjellstrom", "Review": "We would like to thank the reviewers for their insightful comments about the paper. We will first provide general comments in response to issues raised by more than one reviewer, and then discuss each of the reviews in more detail.\n\nFrom reading the reviews, we realize that the main contribution of the paper seems to have been obscured in the presentation - for example, due to a formulation in the beginning of the abstract (which now is changed). We do not propose a new topic model, but rather introduce a method for latent factorization in topic models. The method that we propose is general and can be adopted to many different topic models. \n\nSeveral tasks benefit from a factorized topic space; classification - the one we use to exemplify with in the paper - is just one. Factorized models produce interpretable latent spaces, which has been exploited in continous models for synthesis, as in [A], or for ambiguity modelling or domain transfer, as in [5] (Ek et al.), [B]. We believe the benefits of this transfer to topic models as well.\n\nIt would be very interesting to evaluate the benefit of a factorized topic space for a much larger range of topic models than what we do in this paper - this is beyond the scope of this paper but will definitely be pursued in a future journal version. \n\nIn a revised version of the paper, which is now uploaded to ArXiv, we have however added results from the SLDA model of Blei and McAuliffe, as a second baseline in the experiments, as suggested by reviewers c82a and fda8. The factorized LDA consistently performs better than both the regular LDA and SLDA.\n\nTo stress the focus on factorization rather than a specific classification application, we have furthermore  added an experiment with video classification. Other changes, as described below, are also included in this new paper version.\n\nNew references (included in the new version):\n[A]\tA. C. Damianou, C. H. Ek, M. Titsias, and N. D. Lawrence, \u201cManifold Relevance Determination,\u201d International Conference on Machine Learning, 2012.\n[B]\tR. Navaratnam, A. W. Fitzgibbon, and R. Cipolla, \u201cThe joint manifold model for semi-supervised multi-valued regression,\u201d IEEE International Conference on Computer Vision, 2007.\n\n\nReviewer c82a:\n\nWe agree with reviewer c82a that we used the word entropy in a rather sloppy manner. We have strived to make the distinction clear in the revised version.\n\nIn Figure 1(b), theta in the main plate is connected with another theta outside, since we use all the topics in theta to compute the entropy-like information measure for each topic theta_m. In this, we adopt a graphical notation similar to [9] (Jia et al.).  This is explained more thoroughly in the revised version of the paper.\n\nMoreover, p(theta | kappa) is proportional to F(k) in Equation (8). In the revised version of the paper, we explicitly state the form of the proposed prior.\n\nFinally, as reviewer c82a clearly states, topic models do not produce state-of-the-art results for scene classification (however, they do produce state-of-the-art results in other domains, such as text). The motivation for using the current classification tasks is that we find that they provide a nice intuition into why one would want a factorized representation, which is able to model separately the 'important information' (class-dependent) and the 'unimportant information/noise' (class-independent). \n\n\nReviewer 232f:\n\nAs reviewer 232f correctly states, the class-dependent and the class-independent topics jointly encode the variations in the data. The argument is not, as reviewer 232f suggests, to throw the class-independent topics away - they are important for explaining parts of the data variation. This is not suggested anywhere in the paper.  There are many motivations for learning a factorization. In the example application used in the paper, classification, the class dependent topics are the important ones. However, in a transfer learning scenario, the class-independent information is highly relevant. The manner in which factorization is used is highly application and domain specific; in this paper we exemplify one use for classification.\n\nAs reviewer 232f points out, using a feature that has been created for discriminative methods in a generative framework might not be particularly sensible. Our motivation for still taking this approach is to make a fair comparison to other topic models, for example, [6] (Fei-Fei and Perona).\n\nWe have replaced the term 'view' with 'modality' in the revised version of the paper, and also clarified the relation of our factorization method to the multi-modality methods cited in Section 2. In the literature on factorized latent variable models the word 'view' is predominantly used, but we think that 'modality' is clearer here.\n\n\nReviewer fda8:\n\nAs reviewer fda8 points out, we could achieve the same effect by using a beta distribution instead of A in Equation (7). However, it would still require a entropy-like measurement to steer the beta distribution so as to achieve the desired factorization. \n\nAs described above, we have added results using SLDA, and show that the factorized LDA consistently performs better than both regular LDA and SLDA. However, we did not have time to implement other variants suggested by reviewer fda8 - this is definitely something which is interesting to do for a journal version."}, {"reviewer": "anonymous reviewer fda8", "Review": "This paper introduces a new prior for topics in LDA to disentangle general variance and class specific variance.\n\nThe other reviews already mentioned the lack of novelty and some missing descriptions. Concretely, the definition of p(\theta | kappa), which is central to this paper, is not clear. Instead of defining these A(k) functions in figure 7, couldn't you just use a beta distribution as a prior?\n\nIn order to publish yet another variant of LDA, more comparisons are needed to the many other LDA-based models already published.\n\nIn particular, this paper tackles common issues that have been addresses many times by other authors. In order to have a convincing argument for introducing another LDA-like model, some form of comparison would be needed to a subset of these:\n- the supervised topic models of Blei et al., \n- DiscLDA from Lacoste, \n- partially labeled LDA from Ramage et al., \n- Factorial LDA: Sparse Multi-Dimensional Text Models by Paul and Dredze,\n- Modeling General and Specific Aspects of Documents with a Probabilistic Topic Model by Chemudugunta et al.\n- sparsity inducing topic models of  Chong Wang et al.\n\n\nUnless the current model outperforms at least a couple of the above related models it is hard to argue for acceptance."}, {"reviewer": "anonymous reviewer 232f", "Review": "This paper presents an extension of Latent Dirichlet Allocation (LDA) which explicitly factors data into a structured noise part (varation shared among classes) and a signal part (variation within a specific class). The model is shown to outperform a baseline of LDA with class labels (Fei-Fei and Perona). The authors also show that the model can extract class-specific and class-shared variability by examining the learned topics.\n\nThe authors show that the new model can outperform standard LDA on classification tasks, however, it's not clear to me why one would necessarily use an LDA-based topic model (or topic models in general) if they're just interested in classification. In the introduction, the paper motivates the use of generative models (all well known reasons - learning from sparse data, handling missing observations, and providing estimates of data uncertainty, etc.) But none of these situations are explored in the experiments. So in the end, the paper shows that a model that it not really necessarily good at classification being improved but not to the point where it's better than discriminative models and not in a context of where a generative model would really be helpful. \n\nPositive points:\n  * The method seems sound in its motivation and construction\n  * The model is shown to work on different modalities (text and images)\n  * The model outperforms classical LDA for classification\n\nNegative points\n  * As per my comments above, there may be situations in which one would want to use this type of model for classification, but they haven't been explored in this paper\n  * The argument that the model produces sparser topic representations could be more convincing: in 4.3, the paper claims that the class-specific topic space effectively used for classification consists of 8 topics, where 12 topics are devoted to modeling structured noise; however the 12 noise topics still form part of the representation. Is the argument that the non-class topics would be thrown away after learning while the class-specific topics are retained and/or stored?\n\nSpecific comments:\n\nIn the third paragraph of the introduction, I'm not sure about choosing SIFT as the feature extraction step of this example of inference in generative models. I can't think of examples where SIFT has been used as part of a generative model -- it seems to be a classical feature extraction step for discriminative methods. Therefore, why not use an example of features that are learned generatively for this example?\n\nIn Section 2, the paper begins to talk about 'views' without really defining what is meant by a 'view'. Earlier, the paper discussed 'class-dependent' and 'class-independent' variance, and now 'view-dependent' and 'view-independent' variance - but they are not the same thing (though connected, as in the next paragraph the paper describes providing class labels as an additional 'view'). Perhaps it's best just to define up-front what's meant by a 'view'. If 'views' are just being used as a generalization of classes here in describing related work, just state that. Maybe the generalization for purposes of this discussion is not even necessary and the concept of 'view' just adds confusion.\n\nSection 2: 'only the private class topics contain the relevant _____ for class inference'. \n\nEnd of section 3: 'we associate *low*-entropy topics as class-dependent while *low*-entropy topics are considered as independent' ? (change second low to high)"}, {"reviewer": "anonymous reviewer c82a", "Review": "* A brief summary of the paper's contributions, in the context of prior work.\n\nThis paper suggests an improvement over the LDA topic model with class labels of Fei-Fei and Perona [6], which consists in the incorporation of a prior that encourages the class conditional topic distributions to either be specific to a particular class or to be 'shared' across classes. Experiments suggest that this change to the original LDA model of [6] yields topics that are sharply divided into class-specified or shared topics and that are jointly more useful as a discriminative latent representation.\n\n* An assessment of novelty and quality.\n\nI like the motivation behind this work: designing models that explicitly try to separate the class-specific and class-invariant factors of variation is certainly an important goal and makes for a particularly appropriate topic at a conference on learning representations.\n\nThe novelty behind this paper is not great, since it adds a small component to a known model. But I wouldn't see this as a strong reason for not accepting this paper. There are, however, other issues which are more serious.\n\nFirst, I find the mathematical description of the model to be imprecise. The main contribution of this work lies in the specification of a class-dependent prior over topics. It corresponds to the product of the regular prior from [6] and a new prior factor p(\theta | kappa), which as far as I know is not explicitly defined anywhere. The authors only describe how this prior affect learning, but since no explicit definition of p(\theta | kappa) is given, we can't verify that the learning algorithm is consistent with the definition of the prior. Given that the learning algorithm is somewhat complicated, involving some annealing process, I think a proper, explicit definition of the model is important, since it can't be derived easily from the learning algorithm.\n\nI also find confusing that the authors refer to h(k) (Eq. 3) as an entropy. To be an entropy, it would need to involve a sum over k, not over c. Even the plate graphic representation of the new model is hard to understand, since \theta is present in two separate plates (over M).\n\nFinally, since there are other alternatives than [6] to supervised training of an LDA topic model, I think a comparison with these other alternatives would be in order. In particular, I'm thinking of the two following alternatives:\n\nSupervised Topic Models, by Blei and McAuliffe, 2007\nDiscLDA: Discriminative Learning for Dimensionality Reduction and Classi\ufb01cation, by Lacoste-Julien, Sha and Jordan, 2008\n\nI think these alternatives should at least be discussed, and one should probably be added as a baseline in the experiments. \n\nAs a side comment (and not as a strong criticism of this paper), I'd like to add that I don't think the state of the art for scene classification (or object recognition in general) is actually based on LDA. My understanding is that approaches based on sparse coding + max pooling + linear SVM are better. I still think it's OK for some work to focus on improving a particular class of models. But at one point, perhaps a comparison to these other approaches should be considered.\n\n* A list of pros and cons (reasons to accept/reject).\n\n|Pros|\n- attacks an important problem, that of discovering and separating the factors of variation of a data distribution that are either class-dependent or class-shared, in the context of a topic model\n\n|Cons|\n- somewhat incremental work\n- description of the model is not enough detailed\n- no comparison with alternative supervised LDA models", "Reply": "Once again, thanks to reviewer c82a for very helpful comments. We agree that the statement regarding connection between the prior and F(k) was not correct. The parameter kappa should not be considered as a prior in the model, instead it is used as a implementation specific parameter. We have now reorganized the paper so that the model section contains a definition of the factorizing prior p(\theta) (Eq (5)), which we believe will make things a lot clearer. Furthermore, we have added an appendix B  which gives details about the training of the factorized LDA using Gibbs sampling explaining the role of kappa.  The definition of F(k) has been moved in appendix B, and its relation to the prior (Eq (5)) has been made clearer.\n\nThe definition of the measure H of class-specificity (Eq (3)) has been made clearer by improving the notation. \n\nThe new version of the paper has been uploaded in arXiv, which will be public visible at Mon 18, March, 2013, 00:00:00 GMT.   Thanks a lot for your time in advance."}, {"reviewer": "anonymous reviewer c82a", "Reply": "Once again, thanks to reviewer c82a for very helpful comments. We agree that the statement regarding connection between the prior and F(k) was not correct. The parameter kappa should not be considered as a prior in the model, instead it is used as a implementation specific parameter. We have now reorganized the paper so that the model section contains a definition of the factorizing prior p(\theta) (Eq (5)), which we believe will make things a lot clearer. Furthermore, we have added an appendix B  which gives details about the training of the factorized LDA using Gibbs sampling explaining the role of kappa.  The definition of F(k) has been moved in appendix B, and its relation to the prior (Eq (5)) has been made clearer.\n\nThe definition of the measure H of class-specificity (Eq (3)) has been made clearer by improving the notation. \n\nThe new version of the paper has been uploaded in arXiv, which will be public visible at Mon 18, March, 2013, 00:00:00 GMT.   Thanks a lot for your time in advance."}], "url": "https://arxiv.org/abs/1301.3461"}