{"paper_id": "7hPJygSqJehqH", "header": "Latent Relation Representations for Universal Schemas", "abstract": "Traditional relation extraction predicts relations within some fixed and finite target schema. Machine learning approaches to this task require either manual annotation or, in the case of distant supervision, existing structured sources of the same schema. The need for existing datasets can be avoided by using a universal schema: the union of all involved schemas (surface form predicates as in OpenIE, and relations in the schemas of pre-existing databases). This schema has an almost unlimited set of relations (due to surface forms), and supports integration with existing structured data (through the relation types of existing databases). To populate a database of such schema we present a family of matrix factorization models that predict affinity between database tuples and relations. We show that this achieves substantially higher accuracy than the traditional classification approach. More importantly, by operating simultaneously on relations observed in text and in pre-existing structured DBs such as Freebase, we are able to reason about unstructured and structured data in mutually-supporting ways. By doing so our approach outperforms state-of-the-art distant supervision systems.", "reviews": [{"reviewer": "Andrew McCallum", "Review": "This is a test of a note to self."}, {"reviewer": "anonymous reviewer 2d4e", "Review": "This paper presents a framework for open information extraction.  This problem is usually tackled either via distant weak supervision from a knowledge base (providing structure and relational schemas) or in a totally unsupervised fashion (without any pre-defined schemas). The present approach aims at combining both trends with the introduction of universal schemas that can blend pre-defined ones from knowledge bases and uncertain ones extracted from free text.\n\nThis paper is very ambitious and interesting. The goal of bridging knowledges bases and text for information extraction is great, and this paper seems to go in the right direction. The experiments seem to show that mixing data sources is beneficial.\n\nThe idea of asymmetric implicature among relation is appealing but its implementation in the model remains unclear. How common is it that a tuple shares many relations? One can not tell anything for relations for which corresponding tuples are disjoint from the rest. \n\nThe main weakness of the system as it is presented here is that it relies on the fact that entities constituting tuples from the knowledge base (Freebase here) and tuples extracted from the text have been exactly matched beforehand. This is a huge limitation before any real application, because this involves solving a complex named entity recognition - word sense disambiguation - coreference resolution problem.\n\nIs there any parameter sharing between latent feature vectors of entities and tuples (=pairs of entities)? And between relation vectors and neighbors weights?\n\nMinor: the notation for the set of observed fact disappeared.\n\nPros:\n- great motivation and research direction\n- model and experiments are sound\n\nCons:\n- lack of details\n- many unanswered questions remain to apply it on real-world data."}, {"reviewer": "anonymous reviewer 129c", "Review": "The paper studies techniques for inferring a model of entities and relations capable of performing basic types of semantic inference (e.g., predicting if a specific relation holds for a given pair of entities).  The models exploit different types of embeddings  of entities and relations.\n\nThe topic of the paper is interesting and the contribution seems quite sufficient for a workshop paper. It should motivate an interesting discussion on how these models can be generalized to be applied to more complex datasets and semantic tasks (e.g.,  inferring these representation from natural language texts), and, in general,  on representation induction methods for semantic tasks. \n\nThe only concern I have about this paper is that it does not seem to properly cite much of the previous work on related subjects.  Though it mentions techniques for clustering semantically similar expressions, it seems to suggest that there has not been much work on inducing, e.g., subsumptions. However,  there has been a lot of  previous research on learning entailment (aka inference) rules (e.g.,  Chkolvsky and Pantel 2004; Berant et al, ACL 2011;  Nakashole et al, ACL 2012). Even more importantly, some of the very related work on embedding relations is not mentioned, e.g.,  Bordes et al (AAAI 2011), or, very closely related,  Jenatton et al (NIPS 2012).  However, these omissions may be understandable given the short format of the paper. \n\nPros:\n--  Interesting topics\n--  Fairly convincing experimental results\nCons:\n--  Previous work on embedding relations is not discussed."}], "url": "https://arxiv.org/abs/1301.4293"}