{"paper_id": "ACBmCbico7jkg", "header": "Gradient Driven Learning for Pooling in Visual Pipeline Feature Extraction Models", "abstract": "Hyper-parameter selection remains a daunting task when building a pattern recognition architecture which performs well, particularly in recently constructed visual pipeline models for feature extraction. We re-formulate pooling in an existing pipeline as a function of adjustable pooling map weight parameters and propose the use of supervised error signals from gradient descent to tune the established maps within the model. This technique allows us to learn what would otherwise be a design choice within the model and specialize the maps to aggregate areas of invariance for the task presented. Preliminary results show moderate potential gains in classification accuracy and highlight areas of importance within the intermediate feature representation space.", "reviews": [{"reviewer": "anonymous reviewer f473", "Review": "The paper proposes to learn the weights of the pooling region in a neural network for recognition.  The idea is a good one, but the paper is a bit terse.  Its not really clear what we are looking at in Figure 1b - the different quadrants and so forth - but I would guess the red blobs are the learned pooling regions.  Its kind of what you expect, so it also begs the question of whether this teaches us anything new. But still it seems like a sensible approach and worth reporting.   I suppose one can view it as a validation of the pooling envelope that is typically assumed."}, {"reviewer": "anonymous reviewer 06d9", "Review": "NA"}, {"reviewer": "anonymous reviewer 06d9", "Review": "The paper by Rose & Arel entitled 'Gradient Driven Learning for Pooling in Visual  Pipeline Feature Extraction Models' describes a new approach for optimizing hyper parameters in spatial pyramid-like architectures.\n\nSpecifically, an architecture is presented which corresponds to a spatial pyramid where a  two-layer neural net replaces the SVM in the final classification stage. The key contribution is to formulate the pooling operation in the spatial pyramid as a weighted sum over inputs which enables learning of the pooling receptive fields via back-propagation.\n\nPros: The paper addresses an important problem in the field of computer vision. Spatial pyramids are currently quite popular in the computer vision community and optimizing the many free parameters which are normally tuned by hand is a key problem.\n\nCons: The contribution of the present work remains very limited both in terms of the actual problem formulation and the empirical evaluation (no comparison to alternative approaches such as the recent work by Jia et al [ref 5] is shown). The overall 0.5% improvement in accuracy over non-optimized hyper-parameters is quite disappointing. In future work, the authors should compare their approach with alternative approaches in addition to suggesting significant improvement over non-optimized/standard parameters.\n\nAdditional comments: Additional references that could be added, discussed and/or used for benchmark. Y Boureau and J Ponce. A theoretical analysis of feature pooling in visual recognition. In ICML, 2010 and Pinto N, Doukhan D, DiCarlo JJ, Cox DD (2009). A High-Throughput Screening Approach to Discovering Good Forms of Biologically-Inspired Visual Representation. PLoS Computational Biology 5(11): e1000579. doi:10.1371/journal.pcbi.1000579."}], "url": "https://arxiv.org/abs/1301.3755"}