{"paper_id": "aQZtOGDyp-Ozh", "header": "Learning Stable Group Invariant Representations with Convolutional\r\n    Networks", "abstract": "Transformation groups, such as translations or rotations, effectively express part of the variability observed in many recognition problems. The group structure enables the construction of invariant signal representations with appealing mathematical properties, where convolutions, together with pooling operators, bring stability to additive and geometric perturbations of the input. Whereas physical transformation groups are ubiquitous in image and audio applications, they do not account for all the variability of complex signal classes. \nWe show that the invariance properties built by deep convolutional networks can be cast as a form of stable group invariance. The network wiring architecture determines the invariance group, while the trainable filter coefficients characterize the group action. We give explanatory examples which illustrate how the network architecture controls the resulting invariance group. We also explore the principle by which additional convolutional layers induce a group factorization enabling more abstract, powerful invariant representations.", "reviews": [{"reviewer": "Joan Bruna", "Review": "I would like to thank the reviewers for their time and constructive comments.\nIndeed, the paper, in its current form, explores the connection between deep convolutional networks and group invariance; but it lacks practical examples to motivate why this connection might be useful or interesting.\nI completely agree in that the paper is difficult to read and could be made much more accessible. Together with the practical aspects mentioned in the last section, this will be my priority. \nThank you again."}, {"reviewer": "anonymous reviewer 3316", "Review": "This short paper presents a discussion on the nature and the type of invariances that are represented and learned by convolutional neural networks.  It claims that the invariance a layer in a convolutional neural network can be expressed with a Lie group, and that the invariance of a deep convolutional neural network can be expressed with a product of groups.\n\nThis is a discussion paper that is difficult to understand without being familiar with group theory.  It would be easier to read if there were even toy examples that illustrate the concepts presented in this work.  In its current form the paper is incomplete; to be useful, it needs to use these ideas to somehow improve the training or generalization of convolutional neural networks.  On a related note, it is hard to understand the significance of the results.  So the invariance of a deep convolutional neural network can be expressed with a semi-direct product of some groups; this is nice, but what does it lead to, how can it be used?  \n\nTo summarize, paper has intriguing ideas, but they are not sufficiently developed, and their significance is not clearly explained."}, {"reviewer": "anonymous reviewer bf60", "Review": "I fully admit that I don't know enough about group theory to evaluate this submission. However, I do know about convolutional networks, so it is troubling that I can't understand it.\n\nSince this is only a workshop paper, we're not going to look for a new reviewer.\n\nWhen you do eventually pursue conference publication, I would suggest that you consider the audience and adapt the presentation somewhat, so that people who are familiar with convolutional networks but not with group theory will be able to get an idea of what the paper is about, and can read about the appropriate subjects to be able to understand it better.\n\nI would also suggest providing a high level summary of the paper that makes it clear what you consider your original contributions to be. I had a hard time telling what was original content and what was just describing what convolutional networks are in group theory notation."}], "url": "https://arxiv.org/abs/1301.3537"}