{"paper_id": "BmOABAaTQDmt2", "header": "A Semantic Matching Energy Function for Learning with Multi-relational\r\n    Data", "abstract": "Large-scale relational learning becomes crucial for handling the huge amounts of structured data generated daily in many application domains ranging from computational biology or information retrieval, to natural language processing. In this paper, we present a new neural network architecture designed to embed multi-relational graphs into a flexible continuous vector space in which the original data is kept and enhanced. The network is trained to encode the semantics of these graphs in order to assign high probabilities to plausible components. We empirically show that it reaches competitive performance in link prediction on standard datasets from the literature.", "reviews": [{"reviewer": "Xavier Glorot, Antoine Bordes, Jason Weston, Yoshua Bengio", "Review": "We thank the reviewers for their comments.\n\nIt is true that our model should be compared with (Jenatton et al., NIPS12). This model has been developed simultaneously as ours, that's why it has not been included in the first version.  We added this reference and their results (LFM model) in a revised version of our abstract ("}, {"reviewer": "anonymous reviewer cae2", "Review": "The paper proposes two functions for assigning energies to triples of\nentities, represented as vectors.  One energy function essentially\nadds the vectors of the relations and the entities, while another\nenergy function computes a tensor product of the relation and both\nentities.  The new energy functions appear to beat other methods.\n\nThe main weakness is in the relative lack of novelty. The paper\nproposes a slightly different neural network architecture for\ncomputing energies of object triplets from the ones that existed\nbefore, but its advantage over these architectures hasn't been\ndemonstrated conclusively.  How does it compare to a simple tensor\nfactorization? (or even a factorization that computes an energy with a\n3-way inner product sum_i a_i R_i b_i? such a factorization embeds\nentities and relations in the same space) Without this comparison, the\nnew energy function is merely a 'new neural network architecture' that\nis not shown to outperform other architectures.  And indeed, the the\nperformance of a simple Tensor factorization method matches the\nresults of the more sophisticated factorization method that is\nproposed here, on the datasets from [6] that overlap with the datasets\nhere (namely, UML and kinship).\n\nIn general, new energy functions or architectures are worthwhile only\nwhen they reliably improve performance (like the recently introduced\nmaxout networks) or when they have other desirable properties, such as\ninterpretability or simplicity.  The energy function proposed here is\nmore complex than a simple tensor factorization method which appears\nto work just as well.\n\nPros \n - New energy function, method appears to work well\nCons\n - The architecture is not compared against simpler architectures,\n   and there is evidence that the simpler architectures achieve\n   identical performance."}, {"reviewer": "anonymous reviewer 428a", "Review": "Semantic Matching Energy Function for Learning with Multi-Relational Data\n\nPaper Summary\n\nThis paper deals with learning an energy model over 3-way relationships. Each entity in the relation is associated a low dimensional representation and a neural network associate a real value to each representation triplet. The learning algorithm relies on an online ranking loss. Two models are proposed a linear model and a bilinear model.\n\nReview Summary\n\nThe paper is clear and reads well. Its use of the ranking loss function to this problem is an interesting proposition. It could give more details on the ranking loss and the training procedure. The experiments could also be more thorough. My main concern however is that references to a co-author own work have been omitted. This omission means that the authors pretend not to know that a model with better reported performance exists. This should be discouraged and I will recommend the rejection of the paper.\n\nReview\n\nThis paper is part of the recent effort of using distributed representation and various loss function for learning relational models. Papers focusing on this line of research include work from A. Bordes, J. Weston and Y. Bengio:\n- A Latent Factor Model for Highly Multi-relational Data (NIPS 2012).\n  Rodolphe Jenatton, Nicolas Le Roux, Antoine Bordes and Guillaume Obozinski.\n- Learning Structured Embeddings of Knowledge Bases (AAAI 2011). \n  Antoine Bordes, Jason Weston, Ronan Collobert and Yoshua Bengio.\n\nThe variations among this paper mainly involves  \n- model regularization (low rank, parameter tying...)\n- loss function\n\nRegarding regularization, your proposition, Jenatton et al, and RESCAL are highly related. Basically your bilinear model seems to introduce a rank constrain on the 3D tensor representing all the relation {R_k, forall k} as in RESCAL notation. Basically your bilinar model decomposes R_k = (E_{rel,k} W_l) (W_r E_{rel,k})^T while the NIPS2012 model decomposes R_k as a linear combination of rank one matrices shared accross relations. Like Jenatton et al, you brake the symetry of the left and right relations.\n\nRegarding loss, RESCAL uses MSE, Jenatton et al uses logistic loss and you use a ranking loss.\n\nThis differences result in different AUCs. Jenatton et al is always better, RESCAL and your model are close. Given that Jenatton et al and RESCAL precede your submission. I feel it is necessary to check one thing at a time, i.e. training a model parameterized like RESCAL / Jenatton et al / yours with all three losses. This would give the best combination. This could give an empirical advantage to your ideas (either parameterization or ranking loss) over Jenatton et al.\n\nGiven that your model is worse in terms of AUC compared to Jenatton et al. I feel that you should at least explain why and maybe highlight some other advantages of your approach. I am disappointed that you do not refer to Jenatton et al: you know about this paper (shared co-author), the results on the same data are better and you do not even mention it.\n\nTypos/Details\n\nIntro: unlike in previous work -> put citation here.\n2.2 (2) even if it remains low dimensional, nothing forces the dimension of ... -> barely understandable rephrase this sentence."}], "url": "https://arxiv.org/abs/1301.3485"}