{"paper_id": "gGivgRWZsLgY0", "header": "Clustering Learning for Robotic Vision", "abstract": "We present the clustering learning technique applied to multi-layer feedforward deep neural networks. We show that this unsupervised learning technique can compute network filters with only a few minutes and a much reduced set of pa- rameters. The goal of this paper is to promote the technique for general-purpose robotic vision systems. We report its use in static image datasets and object track- ing datasets. We show that networks trained with clustering learning can outper- form large networks trained for many hours on complex datasets.", "reviews": [{"reviewer": "Eugenio Culurciello, Jordan Bates, Aysegul Dundar, Jose Carrasco, Clement Farabet", "Review": "we accept the poster presentation, thank you for organizing this!"}, {"reviewer": "Eugenio Culurciello, Jordan Bates, Aysegul Dundar, Jose Carrasco, Clement Farabet", "Review": "Dear reviewers, we have fixed all issues that you have reported in your kind review of the manuscript and uploaded a revision."}, {"reviewer": "anonymous reviewer d2a7", "Review": "# Summary\n\nThis paper compares two types of filtering operator (linear filtering vs.  distance filtering) in convolutional neural networks for image processing. The paper evaluates two fairly arbitrarily-chosen architectures on the CIFAR-10 and SVHN image labeling tasks, and shows that neither of these architectures is very effective, but that the conventional linear operator works better. The paper nevertheless advocates the use of the distance filtering operation on grounds of superior theoretical efficiency on e.g. FPGA hardware, but details of this argument and empirical substantiation are left for future work. The distance-based algorithm was more accurate than the linear-filtering architecture on a tracking task. How good the tracker is relative to other algorithms in the literature on the data set is not clear; I am admittedly not an expert in object tracking, and the authors simply state that it is 'not state-of-the-art.'\n\nThe paper's value as a report to roboticists on the merit of either clustering or linear operators is undermined by the lack of discussion or guidance regarding how one might go beyond the precise experiments done in the paper. The paper includes several choices that seem arbitrary: filter sizes, filter counts, numbers of layers, and so on. Moreover these apparently arbitrary choices are made differently for the different data sets. Compared to other papers dealing with these data sets, the authors have made the model much smaller, faster, and less accurate. The authors stress that the interest of their work is in enabling 'real-time' operation on a laptop, but I don't personally see the interest of targeting such CPUs for real-time performance and the paper does not argue the point.\n\nThe authors also emphasize the value of fast unsupervised learning based on clustering, but the contribution of this work beyond that of Coates et al. published in 2011 and 2012 is not clear.\n\n# Detailed Comments\n\nThe statement 'We used the Torch7 software for all our experiments [18], since this software can reduce training and learning of deep networks by 5-10 times compared to similar Matlab and Python tools.' sounds wrong to me. A citation would help defend the statement, but if you meant simply to cite the benchmarking from [18], then the authors should also cite follow-up work, particularly Bastien et al. 2012  ('Theano: new features and speed improvements').\n\nThe use of 'bio-inspired' local contrast normalization instead of whitening should include citation to previous work. (i.e. Why/how is the technique inspired by biology?)\n\nIs the SpatialSAD model the authors' own innovation? If so, more details should be listed. If not, a citation to a publication with more details should be listed. I have supposed that they are simply computing a squared Euclidean distance between filter and image patch as the filter response.\n\nRegarding the two architectures used for performance comparison - I am left wondering why the authors chose not to use spatial contrastive normalization in both architectures.  As tested, performance differences could be attributed to *either* the CL or the spatial contrast normalization.\n\nI am a little confused by the phrase 'correlate filter responses to inputs' - with the sum-of-squared-differences operator at work, my intuition would be that inputs are less-correlated to filter responses than they would be with a convolution operator.\n\nThe use of the phrase 'fully connected' in the second-last paragraph on page 3 is confusing - I am assuming the authors mean all *channels* are connected to all *channels* in filters applied by the convolution operator.  Usually in neural networks literature, the phrase 'fully connected' means that all *units* are connected between two layers.\n\nThe results included no discussion of measurement error."}, {"reviewer": "anonymous reviewer d6ae", "Review": "I am *very* sympathetic to the aims of the authors:\nFind simple, effective and fast deep networks to understand sensor data. The authors defer some of the more interesting bits to future work however: they note that sum-abs-diff should be much more efficient in silicon implementation then convolution style results. That would indeed be interesting, and would make this paper all the more exciting.\n\nMethods that make such learning efficient are certainly important.\n\nThe paper references [8] to explain seemingly significant details. At least a summary seems in order.\nIdeally a pseudo-code description. Currently the paper is close to un-reproducible, which is unfortunate as it seems easy to correct that.\n\nDetails of the contrast normalization would make the paper more self contained. This is a rather specialized technique (by that name), and should be discussed when addressing the community at large.\n\nI can't parse the second paragraph of Section 2.3.\n\nMany of the details elements seem a bit unmotivated. The authors repeatedly mention in the beginning (which seem like details too early in the paper) things they *don't* do (Whitening, ZCA?, color space changes), but these seem like details, and the motivation to *not* perform them isn't compelling. Why the difference in connectivity between the CNN and that presented here?\n\nThe video data-sets are very interesting and compelling. It would be good for a sense of scale to report the results for [22,30] as well.\n\nThe fact that second layers that are random still works well is interesting:\n'The randomly connected 2nd layer used a fixed CNN layer as described in section 2.2.'\n\nWhy was this experiment with a random CNN, and not a random CL (sum-abs-diff) to match the experiments?\n\nWhat does one conclude from these results?\nIt seems the first layer is, to a close approximate, equivalent to a Gabor filter bank. The second layer, random appears to be perfectly acceptable. (Truly random? How does randomly initialized from the data do?)\nThat seems rather disappointing from a learning point of view.\n\nIn general the paper reads a bit like an early draft of a workshop paper. Interesting experiments, but hard to read, and seemingly incomplete. \n\nA few points on style seem in order:\n\nFirst the authors graciously acknowledge prior work and say 'we could not have done any of this work without standing on the shoulders of giants.' Oddly, one of the giants acknowledged is one of the authors. I assume this is some last minute mistake due to authorship changes, but it reflects the rushed and incomplete nature of the work.\n\nSimilarly, the advertisements for the laboratory in the footnotes are odd and out of place in a conference submission.\n\nThe title seems slightly misleading: this seems to be a straightforward ML for vision paper with otherwise no connection to robotics.\n\nPros:\n\nTacking important issues for the field.\nGood and interesting experiments.\nFocus on performance is important.\n\nCons:\n\nDifficult to understand details of implementation.\nMany design decisions make it hard to compare/contrast techniques and seem unmotivated.\nSome of the most interesting work (demonstrating benefits of technique in performance) are deferred to future work.\nStyle and writing make the paper difficult to read."}, {"reviewer": "anonymous reviewer 5eb5", "Review": "The paper presents an application of clustering-based feature learning ('CL') to image recognition tasks and tracking tasks for robotics.  The basic system uses a clustering algorithm to train filters from small patches and then applies them convolutionally using a sum-abs-difference (instead of inner product) operation.  This is followed with a fixed combination of processing stages (pooling, nonlinearity, normalization) and passed to a supervised learning algorithm.  The approach is compared with 2-layer CNNs on image recognition benchmarks (StreetView house numbers, CIFAR10) and tracking (TLD dataset);  in the last case it is shown that the method outperforms a 2-layer CNN from prior work.   The speed of learning and test-time evaluation are compared as a measure of suitability for realtime use in robotics.\n\nThe main novelty here appears to be on a couple of points:  (1) the particular choice of architecture (which is motivated at least in part by the desire to run in programmable hardware such as FPGAs), (2) documenting the speed advantage and positive tracking results in applications, both of which are worthwhile goals.  Evaluation and training speed, as the authors note, are not well-documented in deep learning work and this is a problem for real-time applications like robotics.\n\nSome questions I had about the content:\n\nI did not follow how the 2nd layer of clustered features were trained.  It looks like these were trained on single channels of the pooled feature responses?\n\nWas the sum-abs-diff operation also used for the CNN?\n\nOne advantage of the clustering approach is that it is easier to train larger filter banks than with fine-tuned CNNs.  Can the accuracy gap in recognition tasks be reduced by using more features?  And at what cost to evaluation time?\n\nPros:\n(1)  Results are presented for a novel network architecture, documenting the speed and simplicity of clustering-based feature learning methods for vision tasks.  It is hard to overstate how useful rapid training is for developing applications, so further results are welcome.\n(2)  Some discussion is included about important optimizations for hardware, but I would have liked more detail on this topic.\n\nCons:\n(1)  The architecture is somewhat unusual and it's not clear what motivates each processing stage.\n(2)  Though training is much faster, it's not clear to what degree the speed of training is useful for the robotics applications given.  [As opposed to online evaluation time.]\n(3)  The extent of results is modest, and their bearing on actual work in robotics (or broader work in CV) is unclear.  The single tracking result is interesting, but versus a baseline method.\n\nOverall, I think the 'cons' point to the robotics use-case not being thoroughly justified;  but there are some ideas in here that would be interesting on their own with more depth."}], "url": "https://arxiv.org/abs/1301.2820"}