{"paper_id": "jbLdjjxPd-b2l", "header": "Natural Gradient Revisited", "abstract": "The aim of this paper is two-folded. First we intend to show that Hessian-Free optimization (Martens, 2010) and Krylov Subspace Descent (Vinyals and Povey, 2012) can be described as implementations of Natural Gradient Descent due to their use of the extended Gauss-Newton approximation of the Hessian. Secondly we re-derive Natural Gradient from basic principles, contrasting the difference between the two version of the algorithm that are in the literature.", "reviews": [{"reviewer": "anonymous reviewer 1939", "Review": "As the previous reviewer states, there are very large improvements in the paper.  Clarity and mathematical precision are both greatly increased, and reading it now gives useful insight into the relationship between different perspectives and definitions of the natural gradient, and Hessian based methods.  Note, I did not check the math in Section 7 upon this rereading.\n\nIt's misleading to suggest that the author's derivation in terms of minimizing the objective on a fixed-KL divergence shell around the current location (approximated as a fixed value of the second order expansion of the Fisher information) is novel.  This is something that Amari also did (see for instance the proof of Theorem 1 on page 4 in Amari, S.-I. (1998). Natural Gradient Works Efficiently in Learning. Neural Computation, 10(2), 251\u2013276. doi:10.1162/089976698300017746.  This claim should be removed.\n\nIt could still use an editing pass, and especially improvements in the figure captions, but these are nits as opposed to show-stoppers (see specific comments below).  This is a much nicer paper.  My only significant remaining concerns are in terms of the Lagrange-multiplier derivation, and in terms of precedent setting.  It would be that it's a dangerous precedent to set (and promises to make much more work for future reviewers!) to base acceptance decisions on rewritten manuscripts that differ significantly from the version initially submitted.  So -- totally an editorial decision.\n\np. 2, footnote 2 -- 3rd expression should still start with sum_z\n\n'emphesis' -> emphasize'\n\n'to speed up' -> 'to speed up computations'\n\n'train error' -> 'training error'\n\nFigure 2 -- label panes (a) and (b) and reference as such.  'KL, different training minibatch' appears to be missing from Figure.  In latex, use ` for open quote and ' for close quote.  capitalize kl.  So, for instance, `KL, unlabeled'\n\nFigure 3 -- Caption has significant differences from figure\n\nin most places where it occurs, should refer to 'the natural gradient' rather than 'natural gradient'\n\n'equation (24) from section 3' -- there is no equation 24 in section 3.  Equation and Section should be capitalized."}, {"reviewer": "anonymous reviewer 6a77", "Review": "Clearly, the revised paper is much better than the initial paper to the extent that it should be considered a different paper that shares its title with the initial paper. The ICLR committee will have to make a policy decision about this.\n\nThe revised paper is poorly summarized by it abstract because it does not show things in the same order as the abstract.  The paper contains the following:\n\n*  A derivation of natural gradient that does not depend on information geometry.  This derivation is in fact well known (and therefore not new.)\n\n* A clear discussion of which distribution should be used to compute the natural gradient Riemannian tensor (equation 8).  This is not new, but this is explained nicely and clearly.\n\n* An illustration of what happens when one mixes these distributions. This is not surprising, but nicely illustrates the point that many so-called 'natural gradient' algorithms are not the same as Amari's natural gradient.   \n\n* A more specific discussion of the difference between LeRoux 'natural gradient' and the real natural gradient with useful intuitions.  This is a good clarification.\n\n* A more specific discussion of how many second order algorithms using the Gauss-Newton approximation are related to some so-called natural gradient algorithms which are not the true natural gradient.  Things get confusing because the authors seem committed to calling all these algorithms 'natural gradient' despite their own evidence.\n\nIn conclusion, although novelty is limited, the paper disambiguates some of the confusion surrounding natural gradient. I simply wish the authors took their own hint and simply proposed banning the words 'natural gradient' to describe things that are not Amari's natural gradient but are simply inspired by it."}, {"reviewer": "anonymous reviewer 6f71", "Review": "I read the updated version of the paper. I has indeed been improved substantially, and my concerns were addressed. It should clearly be accepted in its current form."}, {"reviewer": "Razvan Pascanu, Yoshua Bengio", "Review": "The revised arxiv paper is available now, and we replied to the reviewers comments."}, {"reviewer": "Razvan Pascanu", "Review": "We would like to thank all the reviewers for their feedback and insights. We had submitted a new version of the paper (it should appear on arxiv on Thu, 14 Mar 2013 00:00:00 GMT, though it can be retrieved now from \n\n"}, {"reviewer": "anonymous reviewer 1939", "Review": "This paper attempts to reconcile several definitions of the natural gradient, and to connect the Gauss-Newton approximation of the Hessian used in Hessian free optimization to the metric used in natural gradient descent.  Understanding the geometry of objective functions, and the geometry of the space they live in, is crucial for model training, and is arguably the greatest bottleneck in training deep or otherwise complex models.  However, this paper makes a confused presentation of the underlying ideas, and does not succeed in clearly tying them together.\n\nMore specific comments:\n\nIn the second (and third) paragraph of section 2, the natural gradient is discussed as if it stems from degeneracies in theta, where multiple theta values correspond to the same distribution p.  This is inaccurate.  Degeneracies in theta have nothing to do with the natural gradient.  This may stem from a misinterpretation of the role of symmetries in natural gradient derivations?  Symmetries are frequently used in the derivation of the natural gradient, in that the metric is frequently chosen such that it is invariant to symmetries in the parameter space.  However, the metric being invariant to symmetries does not mean that p is similarly invariant, and there are natural gradient applications where symmetries aren't used at all.  (You might find The Natural Gradient by Analogy to Signal Whitening, Sohl-Dickstein, ", "Reply": "We've made drastic changes to the paper, which should be visible starting Thu, 14 Mar 2013 00:00:00 GMT. We made the paper available also at "}, {"reviewer": "anonymous reviewer 6f71", "Review": "Summary\n\nThe paper reviews the concept of natural gradient, re-derives it in the context of neural network training, compares a number of natural gradient-based algorithms and discusses their differences. The paper's aims are highly relevant to the state of the field, and it contains numerous valuable insights. Precisely because of its topic's importance, however, I deplore its lack of maturity, especially in terms of experimental results and literature overview. \n\n\nComments\n\n-- The title raises the expectation of a review-style paper with a broad literature overview on the topic, but that aspect is underdeveloped. A paper such as this would be a perfect opportunity to relate natural gradient-related work in neural networks to closely related approaches in reinforcement learning [1,2] and stochastic search [3].\n\n-- The discussion in section 2 is correct and useful, but would benefit enormously from an illustrative figure that clarifies the relation between parameter space and distribution manifold, and how gradient directions differ in both. The last sentence (Lagrange method) is also breezing over a number of details that would benefit from a more explicit treatment.\n\n-- There is a recurring claim that gradient-covariances are 'usually confused' with Fisher matrices. While there are indeed a few authors who did fall victim to this, it is not a belief held by many researchers working on natural gradients, please reformulate.\n\n-- The information-geometric manifold is generally highly curved, which means that results that hold for infinitesimal step-sizes do not generally apply to realistic gradient algorithms with large finite steps. Indeed, [4] introduces an information-geometric 'flow' and contrasts it with its finite-step approximations. It is important to distinguish the effect of the natural gradient itself from the artifacts of finite-step approximations, indeed the asymptotic behavior can differ, see [5]. A number of arguments in section 6 could be revised in this light.\n\n-- The idea of using more data to estimate the Fisher information matrix (because if does not need to be labeled), compared to the data necessary for the steepest gradient itself, is promising for semi-supervised neural network training. It was previously was presented in [3], in a slightly different context with infinitely many unlabeled samples.\n\n-- The new variants of natural gradient descent should be given in pseudocode in the appendix, and if possible even with a reference open-source implementation in the Theano framework.\n\n-- The experiment presented in Figure 2 is very interesting, although I disagree with the conclusions that are derived from it: the variance is qualitatively the same for both algorithms, just rescaled by roughly a factor 4. So, relatively speaking, the influence of early samples is still equally strong, only the generic variability of the natural gradient is reduced: plausibly by the effect that the Fisher-preconditioning reduces step-sizes in directions of high variance.\n\n-- The other experiments, which focus on test-set performance, have a major flaw: it appears each algorithm variant was run exactly once on each dataset, which makes it very difficult to judge whether the results are significant. Also, the effect of hyper-parameter-tuning on those results is left vague.\n\n\n\nMinor points/typos\n-- Generally, structure the text such that equations are presented before they are referred to, this makes for a more linear reading flow.\n-- variable n is undefined\n-- clarify which spaces the variables x, z, t, theta live in.\n-- 'three most typical'\n-- 'different parametrizations of the model'\n-- 'similar derivations'\n-- 'plateaus' \n-- axes of figures could be homogenized.\n\nReferences\n[1] 'Natural policy gradient', Kakade, NIPS 2002.\n[2] 'Natural Actor-Critic', Peters and Schaal, Neurocomputing 2008.\n[3] 'Stochastic Search using the Natural Gradient', Sun et al, ICML 2009.\n[4] 'Information-Geometric Optimization Algorithms: A Unifying Picture via Invariance Principles', Arnold et al, Arxiv 2011.\n[5] 'Natural Evolution Strategies Converge on Sphere Functions', Schaul, GECCO 2012.", "Reply": "We've made drastic changes to the paper, which should be visible starting Thu, 14 Mar 2013 00:00:00 GMT. We made the paper available also at "}, {"reviewer": "Razvan Pascanu, Yoshua Bengio", "Review": "Thank you for your comments. We will soon push a revision to fix all the grammar and language mistakes you pointed out.\n\nRegarding equation (1) and equation (7), mathbf{G} represents the Fisher Information Matrix form of the metric resulting when you consider respectively p(x) vs p(y|x). Equation (1) is introduced in section 1, which presents the generic case of a family of distributions p_{\theta}(x). From section 3 onwards we adapt these equations specifically to neural networks, where, from a probabilistic point of view, we are dealing with conditional probabilities p(y|x).\n\nCould you please be more specific regarding the elements of the paper that you found confusing?\nWe would like to reformulate the conclusion to make our contributions clearer. The novel points we are trying to make are:\n\n(1) Hessian Free optimization and Krylov Subspace Descent, as long as they use the Gauss-Newton approximation of the Hessian, can be understood as Natural Gradient, because the Gauss-Newton matrix matches the metric of Natural Gradient (and the rest of the pipeline is the same).\n(2) Possibly due to the regularization effect discussed in (6), we hypothesize and support with empirical results that Natural Gradient helps dealing with the early overfitting problem introduced by Erhan et al.  This early overfitting problem might be a serious issue when trying to scale neural networks to large models with very large datasets.\n(3) We make the observation that since the targets get integrated out when computing the metric of Natural Gradient, one can use unlabeled data to improve the accuracy of this metric that dictates the speed with which we move in parameter space.\n(4) Natural Gradient introduced by Nicolas Le Roux et al has a fundamental difference with Amari's. It is not just a different justification, but a different algorithm that might behave differently in practice.\n(5) Natural Gradient is different from a second order method because while one uses second order information, it is not the second order information of the error function, but of the KL divergence (which is quite different). For e.g. it is always positive definite by construction, while the curvature is not. Also, when considering the curvature of the KL, is not the curvature of the same surface throughout learning. At each step we have a different KL divergence and hence a different surface, while for second order methods the error surface stays constant through out learning. The second distinction is that Natural Gradient is naturally suited for online learning, provided that we have sufficient statistics to estimate the KL divergence (the metric). Theoretically, second order methods are meant to be batch methods (because the Hessian is supposed over the whole dataset) where the Natural Gradient metric only depends on the model.\n(6) The standard understanding of Natural Gradient is that by imposing the KL divergence between p_{theta}(y|x) and p_{theta+delta}(y|x) to be constant it ensures that some amount of progress is done at every step and hence it converges faster. We add that it also ensures that you do not move too far in some direction (which would make the KL change quickly), hence acting as a regularizer.\n\nRegarding the paper not being formal enough we often find that a dry mathematical treatment of the problem does not help improving the understanding or eliminating confusions.  We believe that we were formal enough when showing the equivalence between the generalized Gauss-Newton and Amari's metric. Point (6) of our conclusion is a hypothesis which we validate empirically and we do not have a formal treatment for it."}, {"reviewer": "anonymous reviewer 6a77", "Review": "GENERAL COMMENTS\nThe paper promises to establish the relation between Amari's natural gradient and many methods that are called Natural Gradient or can be related to Natural Gradient because they use Gauss-Newton approximations of the Hessian.  The problem is that I find the paper misleading.  In particular the G of equation (1) is not the same as the G of equation (7).  The author certainly points out that the crux of the matter is to understand which distribution is used to approximate the Fisher information matrix, but the final argument is a mess.  This should be done a lot more rigorously (and a lot less informally.)  As the paper stands, it only increases the level of confusion.\n\nSPECIFIC COMMENTS\n* (ichi Amari, 1997) - > (Amari, 1997)\n* differ -> defer\n* Due to this surjection:  A surjection is something else!\n* Equation (1):  please make clear that the expectation is an expectation on z distributed according p_theta  (not the ground truth nor the empirical distribution). Equation (7) then appears to be a mix of both.\n* becomes the conditional p_\theta(t|x) where q(x) represents:     where is q in p_\theta(t|x)", "Reply": "We've made drastic changes to the paper, which should be visible starting Thu, 14 Mar 2013 00:00:00 GMT.  We made the paper available also at "}], "url": "https://arxiv.org/abs/1301.3584v4"}