{"paper_id": "msGKsXQXNiCBk", "header": "Learning New Facts From Knowledge Bases With Neural Tensor Networks and\r\n      Semantic Word Vectors", "abstract": "Knowledge bases provide applications with the benefit of easily accessible, systematic relational knowledge but often suffer in practice from their incompleteness and lack of knowledge of new entities and relations. Much work has focused on building or extending them by finding patterns in large unannotated text corpora. In contrast, here we mainly aim to complete a knowledge base by predicting additional true relationships between entities, based on generalizations that can be discerned in the given knowledgebase. We introduce a neural tensor network (NTN) model which predicts new relationship entries that can be added to the database. This model can be improved by initializing entity representations with word vectors learned in an unsupervised fashion from text, and when doing this, existing relations can even be queried for entities that were not present in the database. Our model generalizes and outperforms existing models for this problem, and can classify unseen relationships in WordNet with an accuracy of 82.8%.", "reviews": [{"reviewer": "Danqi Chen, Richard Socher, Christopher D", "Review": "We thank the reviewers for their comments and agree with most of them.\n\n- We've updated our paper on arxiv, and added the important experimental comparison to the model in 'Joint Learning of Words and Meaning Representations for Open-Text Semantic Parsing' (AISTATS 2012). \n  Experimental results show that our model also outperforms this model in terms of ranking & classification.\n\n- We didn't report the results on the original data because of the issues of overlap between training and testing set. \n  80.23% of the examples in the testing set appear exactly in the training set.\n  99.23% of the examples have e1 and e2 'connected' via some relation in the training set. Some relationships such as 'is similar to' are symmetric. \n  Furthermore, we can reach 92.8% of top 10 accuracy (instead of 76.7% in the original paper) using their model.\n\n- The classification task can help us predict whether a relationship is correct or not, thus we report both the results of classification and ranking. \n\n- To use the pre-trained word vectors, we ignore the senses of the entities in Wordnet in this paper. \n\n- The experiments section is short because we tried to keep the paper's length close to the recommended length. From the ICLR website: 'Papers submitted to this track are ideally 2-3 pages long'."}, {"reviewer": "Danqi Chen, Richard Socher, Christopher D", "Review": "We thank the reviewers for their comments and agree with most of them.\n\n- We've updated our paper on arxiv, and added the important experimental comparison to the model in 'Joint Learning of Words and Meaning Representations for Open-Text Semantic Parsing' (AISTATS 2012). \n  Experimental results show that our model also outperforms this model in terms of ranking & classification.\n\n- We didn't report the results on the original data because of the issues of overlap between training and testing set. \n  80.23% of the examples in the testing set appear exactly in the training set.\n  99.23% of the examples have e1 and e2 'connected' via some relation in the training set. Some relationships such as 'is similar to' are symmetric. \n  Furthermore, we can reach 92.8% of top 10 accuracy (instead of 76.7% in the original paper) using their model.\n\n- The classification task can help us predict whether a relationship is correct or not, thus we report both the results of classification and ranking. \n\n- To use the pre-trained word vectors, we ignore the senses of the entities in Wordnet in this paper. \n\n- The experiments section is short because we tried to keep the paper's length close to the recommended length. From the ICLR website: 'Papers submitted to this track are ideally 2-3 pages long'."}, {"reviewer": "anonymous reviewer 7e51", "Review": "This paper proposes a new model for modeling data of multi-relational knowledge bases such as Wordnet or YAGO. Inspired by the work of (Bordes et al., AAAI11), they propose a neural network-based scoring function, which is trained to assign high score to plausible relations. Evaluation is performed on Wordnet.\n\nThe main differences w.r.t. (Bordes et al., AAAI11) is the scoring function, which now involves a tensor product to encode for the relation type and the use of a non-linearity. It would be interesting if the authors could comment the motivations of their architecture. For instance, what does the tanh could model here?\n\nThe experiments raise some questions:\n- why do not also report the results on the original data set of (Bordes et al., AAAI11)? Even, is the data set contains duplicates, this stills makes a reference point.\n- the classification task is hard to motivate. Link prediction is a problem of detection: very few positive to find in huge set of negative examples. Transform that into a balanced classification problem is a non-sense to me.\n\nThere have been several follow-up works to (Bordes et al., AAAI11) such as (Bordes et al., AISTATS12) or (Jenatton et al., NIPS12), that should be cited and discussed (some of those involve tensor for coding the relation type as well). Besides, they would also make the experimental comparison stronger.\n\nIt should be explained how the pre-trained word vectors trained by the model of Collobert & Weston are use in the model. Wordnet entities are senses and not words and, of course, there is no direct mapping from words to senses. Which heuristic has been used?\n\nPros:\n- better experimental results\n\nCons:\n- skinny experimental section\n- lack of recent references"}, {"reviewer": "anonymous reviewer 75b8", "Review": "- A brief summary of the paper's contributions, in the context of prior work.\n\nThis paper proposes a new energy function (or scoring function) for ranking pairs of entities and their relationship type. The energy function is based on a so-called Neural Tensor Network, which essentially introduces a bilinear term in the computation of the hidden layer input activations of a single hidden layer neural network. A favorable comparison with the energy-function proposed in Bordes et al. 2011 is presented.\n\n- An assessment of novelty and quality.\n\nThis work follows fairly closely the work of Border et al. 2011, with the main difference being the choice of the energy/scoring function. This is an advantage in terms of the interpretability of the results: this paper clearly demonstrates that the proposed energy function is better, since everything else (the training objective, the evaluation procedure) is the same. This is however a disadvantage in terms of novelty as this makes this work somewhat incremental.\n\nBordes et al. 2011 also proposed an improved version of their model, using kernel density estimation, which is not used here. However, I suppose that the proposed model in this paper could also be similarly improved.\n\nMore importantly, Bordes and collaborators have more recently looked at another type of energy function, in 'Joint Learning of Words and Meaning Representations for Open-Text Semantic Parsing' (AISTATS 2012), which also involves bilinear terms and is thus similar (but not the same) as the proposed energy function here. In fact, the Bordes et al. 2012 energy function seems to outperform the 2011 one (without KDE), hence I would argue that the former would have been a better baseline for comparisons.\n\n- A list of pros and cons (reasons to accept/reject).\n\nPros: Clear demonstration of the superiority of the proposed energy function over that of Bordes et al. 2011.\n\nCons: No comparison with the more recent energy function of Bordes et al. 2012, which has some similarities to the proposed Neural Tensor Networks.\n\nSince this was submitted to the workshop track, I would be inclined to have this paper accepted still. This is clearly work in progress (the submitted paper is only 4 pages long), and I think this line of work should be encouraged. However, I would suggest the authors also perform a comparison with the scoring function of Bordes et al. 2012 in future work, using their current protocol (which is nicely setup so as to thoroughly compare energy functions)."}], "url": "https://arxiv.org/abs/1301.3618"}