{"paper_id": "OOuGtqpeK-cLI", "header": "Pushing Stochastic Gradient towards Second-Order Methods -- Backpropagation Learning with Transformations in Nonlinearities", "abstract": "Recently, we proposed to transform the outputs of each hidden neuron in a multi-layer perceptron network to have zero output and zero slope on average, and use separate shortcut connections to model the linear dependencies instead. We continue the work by firstly introducing a third transformation to normalize the scale of the outputs of each hidden neuron, and secondly by analyzing the connections to second order optimization methods. We show that the transformations make a simple stochastic gradient behave closer to second-order optimization methods and thus speed up learning. This is shown both in theory and with experiments. The experiments on the third transformation show that while it further increases the speed of learning, it can also hurt performance by converging to a worse local optimum, where both the inputs and outputs of many hidden neurons are close to zero.", "reviews": [{"reviewer": "Tommi Vatanen, Tapani Raiko, Harri Valpola, Yann LeCun", "Review": "First of all we would like to thank you for your informed, thorough and kind comments. We realize that there is major overlap with our previous paper [10]. We hope that these two papers could be combined in a journal paper later on. It was mentioned that we use some text verbatim from [10]. There is some basic methodology which is necessary to explain before going to deeper explanations and we felt that it is not a big violation to use our own text. However, we have now modified the sections in question with your comments and proposals in mind. If you feel that it is necessary to check every sentence for verbatim, please consider conditional acceptance with this condition.\n\nWe agree that the evidence supporting the use of the third transformation is rather weak. We have tried to report our findings as honestly as possible and also express our doubts in the paper (see, e.g.,  end of Section 4).\n\nTo reviewer 'Anonymous 1567':\n\nYou argue that Eqs. (12-17) are slightly accurate. However, we have computed the expectation over epsilon with pen and paper and epsilon does vanish from the Eqs. Thus, the Eqs. in question are exact. Would you think that we should still write down the gradients explicitly?\n\nWe had considered using the df/dx notation, but decided to use the f' notation, since the derivative is taken with respect to Bx and using the df/dx notation would require us to define a new variable u = Bx and denote df/du. We think, this would further clutter the equations. Would you think this is acceptable?\n\nWe tried to clarify the meaning of 'transforming the model instead of the gradient ...' in Discussion.\n\nTo reviewer 'Anonymous b670':\n\nWe have now explained the relationship to Schraudolph's method in more detail. We provide an example and refer to Discussion of [10].\n\nWhen writing about 'many competing paths' and 'linear dependencies', we have added explanations with equations in the updated version.\n\nThe question, whether the arguments in Section 3 can be applied to networks with more than one hidden layer: We have presented the theory with this simplified case in order to convey the understanding to the reader. We assume that the idea could be formulated in the general (deep) case, but writing it out would substantially complicate the equations. Our experimental results support this assumption.\n\nAbout the uncorrelatedness assumption, we have added the following explanation: 'Naturally, it is unrealistic to assume that inputs "}, {"reviewer": "anonymous reviewer b670", "Review": "This paper builds on previous work by the same authors that looks at performing dynamic reparameterizations of neural networks to improve training efficiency.  The previously published approach is augmented with an additional parameter (gamma) which, although it is argued should help in theory, doesn't seem to in practice.  Theoretical arguments for why the standard gradient computed under this reparameterization will be closer to a 2nd-order update are made, and experiments are conducted.   While the theoretical arguments are pretty weak in my opinion (see detailed comments below), the experiments that looks at eigenvalues of the Hessian are somewhat more convincing, although they indicate that the originally published approach, without the gamma modification, is doing a better job.\n\n\nPros:\n- reasonably well written\n- experiments looking at eigenvalue distributions are interesting\n\nCons:\n- actual method is similar to authors' previous work in [10] and the older method of Schraudolph [12]\n- the new modification doesn't seem to improve training efficiency, and even makes the eigenvalue distribution worse\n- there seem to be problems with the theoretical analysis (maybe the authors can address this in their response?)\n\n\n///// Detailed comments "}, {"reviewer": "anonymous reviewer c3d4", "Review": "* A brief summary of the paper's contributions, in the context of prior work.\n\nThis paper extends the authors' previous work on making sure that the hidden units in a neural net have zero output and slope on average, by also using direct connections that model explicitly the linear dependencies. The extension introduces another transformation which changes the scale of the outputs of the hidden units: essentially, they try to normalize both the scale and the slope of the outputs to one. This is done (essentially) by introducing a regularization parameter that encourages the geometric mean of the scale and the slope to be one.\n\nThe paper's contributions are also to give a theoretical analysis of the effect of the proposed transformations. The already proposed tricks are shown to make the non-diagonal elements of the Fisher information matrix closer to zero. The new transformation makes the diagonal elements closer to each other in scale, which is interesting as it's similar to what natural gradient does.\n\nThe authors also provide an empirical analysis of how the proposed method is close to what a second-order method would do (albeit on a small neural net). The experiment with the angle between the gradient and the second-order update is quite nice (I think such an experiment should be part of any paper that proposes new optimization tricks for training neural nets).\n\n* An assessment of novelty and quality.\n\nGenerally, this is a well-written and clear paper that extends naturally the authors' previous work. I think that the analysis is interesting and quite readable. I don't think that these particular transformations have been considered before in the literature and I like that they are not simply fixed transformations of the data, but something which integrates naturally into the learning algorithm.\n\n* A list of pros and cons (reasons to accept/reject).\n\nThe proposed scaling transformation makes sense in theory, but I'm not sure I agree with the authors' statement (end of Section 5) that the method's complexity is 'minimal regularization' compared to dropouts (maybe in theory, but honestly implementing dropout in a neural net learning system is considerably easier). The paper also doesn't show significant improvements (beyond analytical ones) over the previous transformations; based on the empirical results only I wouldn't necessarily use the scaling transformation."}, {"reviewer": "anonymous reviewer 1567", "Review": "In [10], the authors had previously proposed modifying the network\nparametrization, in order to ensure zero-mean hidden unit activations across training examples (activity centering) and zero-mean derivatives (slope centering). This was achieved by introducing skip-connections between layers l-1 and l+1 and adding linear components to the non-linearity of layer l: these new parameters aren't learnt however, but instead are adjusted deterministically to enforce activity and slope centering.  These ideas had initially been proposed by Schraudolph in earlier work, with [10] showing that these tricks significantly improved convergence of deep networks while also making the connection to second order methods.\n\nIn this work, the authors proposed adding an extra scaling parameter to the  non-linearity, which is adjusted in order to make the digonal terms of the  Hessian / Fisher Information matrix closer to unity. The authors study the  effect of these 3 transformations by: \n(1) measuring properties of the Hessian matrix with and without transformations, as well as angular distance of the resulting gradients to 2nd order gradients;\n(2) comparing the overall classification convergence speed for a 2 and 3 layer MLPs on MNIST and finally;\n(3) studying its effect on a deep auto-encoder.\n\nWhile I find this research direction particularly interesting, I find the \noverlap between this paper and [10] to be rather troubling. While their analysis of slope / activity centering is new (and a more direct test of their \nhypothesis), I feel that the case for these transformations had already been\nmade in [10]. More importantly, evidence for the 3rd transformation is rather weak: it seems to slightly help convergence of 3-layer models and also helps in making the diagonal elements of the Hessian more unimodal. However, including  gamma seem to rotate gradients *away* from 2nd order gradients. Also, their method did not seem to help in the deep auto-encoder setting: using gamma in the encoder network did not improve convergence speed, while using gamma in both encoders/decoders led to gamma either blowing-up or going to zero. While you would expect a diagonal approximation to a second-order method to help with the problem of dead-units, adding gamma did not seem to help in this respect. \n\nSimilarities between this paper and [10] are also evident in the writing itself. Large portions of Sections 1, 2 and 3 appear verbatim in [10]. This needs to be addressed prior to publication. The math of Section 3 could also be simplified by writing out gradients of log p (for each parameter \theta) and then simply stating the general form of the FIM as E_eps[ dlogp/dtheta^T dlogp / dtheta]. As it stands Eqs. (12-17) are slightly inaccurate, as elements of the FIM should include an expectation over epsilon.\n\nSummary: I find the direction promising but the conclusion to be somewhat confusing / disappointing. The premise for gamma seemed well motivated and I expected more concrete evidence explaining the need for this transformation. Unfortunately, I am left wondering where things went wrong: some missing theoretical insight, wrong update rule on gamma or other ?\n\nOther:\n* Authors should consider using df/dx instead of the more ambiguous f' notation.\n* Could the authors clarify what they mean by: 'transforming the model instead of the gradient makes it easier to generalize to other contexts such as variational Bayes ?'  One downside I see to transforming the model instead of the gradients is that it obfuscates the link to second order methods and might thus hide useful insights.\n* Section 4: 'algorith' -> algorithm"}], "url": "https://arxiv.org/abs/1301.3476"}