{"paper_id": "OVyHViMbHRm8c", "header": "Visual Objects Classification with Sliding Spatial Pyramid Matching", "abstract": "We present a method for visual object classification using only a single feature, transformed color SIFT with a variant of Spatial Pyramid Matching (SPM) that we called Sliding Spatial Pyramid Matching (SSPM), trained with an ensemble of linear regression (provided by LINEAR) to obtained state of the art result on Caltech-101 of 83.46%. SSPM is a special version of SPM where instead of dividing an image into K number of regions, a subwindow of fixed size is slide around the image with a fixed step size. For each subwindow, a histogram of visual words is generated. To obtained the visual vocabulary, instead of performing K-means clustering, we randomly pick N exemplars from the training set and encode them with a soft non-linear mapping method. We then trained 15 models, each with a different visual word size with linear regression. All 15 models are then averaged together to form a single strong model.", "reviews": [{"reviewer": "anonymous reviewer 9ba5", "Review": "Summary of contributions:\n\nThe paper presented a method to achieve a state-of-the-art accuracy on the object recognition benchmark Caltech101. The method used two major ingredients: 1. a sliding window of histograms (called sliding spatial pyramid matching) , 2. randomized vocabularies to generate different models and combine them. The authors claimed that, using only one image feature (transformed color SIFT), the method achieved really good results on Caltech101. \n\n\nAssessment of novelty and quality: \n\nThough the accuracy looks impressive, the paper offers limited research value to the machine learning community. The success is largely engineering, lacking insights that are informative to readers. \n\nThe sliding window representation does not explore multiple scales. Therefore  I don't understand why it is still called 'pyramid'. \n\nI hope the authors would try the methods on large-scale datasets like ImageNet. If good result obtained, then the work will be of great value to application."}, {"reviewer": "anonymous reviewer 9dc6", "Review": "This paper replaces the spatial pyramidal pooling in a spatial pyramid pooling by a sliding-window style pooling.\nBy using this method and color SIFT descriptors, state-of-the-art results are obtained on the Caltech-101 dataset (83.5% accuracy).\n\nThe contribution in this paper would be rather slight as is, but this is all the more true since it seems the idea of using sliding window pooling has already appeared in an older paper, with good results (they call the sliding windows 'components'):\n\n'A Boosting Sparsity Constrained Bi-Linear Model for Object  Recognition'\nIEEE Multimedia 2012\nChunjie Zhang  Jing Liu ;  Qi Tian ;  Yanjun Han ;  Hanqing Lu ;  Songde Ma\n\n Simply using it with color SIFT descriptors does not constitute enough novelty for accepting this paper."}], "url": "https://arxiv.org/abs/1212.3767"}