{"paper_id": "OznsOsb6sDFeV", "header": "Unsupervised Feature Learning for low-level Local Image Descriptors", "abstract": "Unsupervised feature learning has shown impressive results for a wide range of input modalities, in particular for object classification tasks in computer vision. Using a large amount of unlabeled data, unsupervised feature learning methods are utilized to construct high-level representations that are discriminative enough for subsequently trained supervised classification algorithms. However, it has never been quantitatively investigated yet how well unsupervised learning methods can find low-level representations for image patches without any supervised refinement. In this paper we examine the performance of pure unsupervised methods on a low-level correspondence task, a problem that is central to many Computer Vision applications. We find that a special type of Restricted Boltzmann Machines performs comparably to hand-crafted descriptors. Additionally, a simple binarization scheme produces compact representations that perform better than several state-of-the-art descriptors.", "reviews": [{"reviewer": "anonymous reviewer e954", "Review": "This paper proposes to evaluate feature learning algorithms by using a low-level vision task, namely  image patch matching. The authors compare three feature learning algorithms, GRBM. spGRBM and mcRBM against engineered features like SIFT and others.\nThe empirical results unfortunately show that the learned features are not very competitive for this task. \n\nOverall, the paper does not propose any new algorithm and does not improve performance on any task.\nIt does raise an interesting question though which is how to assess feature learning algorithms. This is a core problem in the field and its solution could help a) assessing which feature learning methods are better and b) designing algorithms that produce better features (because we would have better loss functions to train them). Unfortunately, this work is too preliminary to advance our understanding towards the solution of this problem (see below for more detailed comments). \nOverall quality is fairly poor: there are missing references, there are incorrect claims, the empirical validation is insufficient. \n\nPros\n-- The motivation is very good. We need to improve the way we compare feature learning methods.\n-- The filters visualization is nice.\n\nCons\n-- It is debatable whether the chosen task is any better for assessing the quality of feature learning methods. The paper almost suggested a better solution in the introduction: we should compare across several tasks (from low level vision like matching to high level vision like object classification). If a representation is better across several tasks, then it must capture many relevant properties of the input.\nIn other words, it is always possible to tweak a learning algorithm to give good results on one dataset, but it is much more interesting to see it working well across several different tasks after training on generic natural images, for instance. \n-- The choice of the feature learning methods is questionable, why are only generative models considered here? The authors do mention that other methods were tried and worked worse, however it is hard to believe that more discriminative approaches work worse on the chosen task. In particular, knowing the matching task it seems that a method that trains using a ranking loss (learning nearby features for similar patches and far away features for distant inputs) should work better. See:\nH. Mobahi, R. Collobert, J. Weston. Deep Learning from Temporal Coherence in Video. ICML 2009.\n-- The overall results are pretty disappointing. Feature learning methods do not outperform the best engineered features. They do not outperform even if the comparison is unfair: for instance the authors use 128 dimensional SIFT but much larger dimensionality for the learned features. Besides, the authors do not take into account time, neither the training time nor the time to extract these features. This would also be considered in the evaluation.\n\nMore detailed comments:\n-- Missing references.\nIt is not true that feature learning methods have never been assessed quantitatively without supervised fine tuning. On a low level vision task, I would refer to:\nLearning to Align from Scratch\nGary Huang, Marwan Mattar, Honglak Lee, Erik Learned-Miller.\nIn Advances in Neural Information Processing Systems (NIPS) 25, 2012.\nAnother missing reference is \n2011 Memisevic, R.\nGradient-based learning of higher-order image features. \nInternational Conference on Computer Vision (ICCV 2011).\nand other similar papers where Memisevic trains features that relate pairs of image patches.\n--ROC curves should be reported at least in appendix, if not in the main text.\n-- I do not understand why SIFT results on tab 1 a) differs from those in tab. 1 b).", "Reply": "Deare954,\nthank you for your detailed feedback.\n\nWe don't argue that the chosen task should replace existing \nbenchmarks. Instead, we think that it supplements these, because \nit covers aspects of unsupervised feature learning that have been \nignored so far. Note that by avoiding any subsequent supervision \nwe not only think of supervised fine tuning of the learnt architecture \nbut rather no supervised learning on the representations at all \n(e.g. like it is still done in [R2]). This is hopefully clearer in \nversion 3 of the paper, we removed words like 'refinement' \nand 'fine tuning'.\n\nThank you for pointing out missing references [R1, R2, R3]. We \nadded [R2, R4, R5] to the paper in order to avoid the impression \nwe are not aware of these approaches (we think that R4 fits better \nthan R1 and R5 better than R3). We were, but did not mention \nthese approaches because they are (i) relying on a supervised signal \nand/or (ii) are concerned with high-level correspondences (we consider\nfaces as high-level entities). Current work investigates some of these \nmethods, because utilizing the available pairing information should \nbe beneficial with respect to a good overall performance. We are not \narguing that discriminative methods work worse on this dataset. \nHowever, in this paper we are not striving to achieve state-of-the-art \nresults: We investigate a new benchmark for unsupervised learning and \ntest how good existing unsupervised methods do. We tried to make the \nanalysis part in version 3 of the paper more clearer.\n\nWe don't think that our claims are incorrect: We manage to perform \ncomparable to SIFT when the size of the representation is free. It is \nnot clear if for standard distance computations a bigger representations \n(in particular a sparse one) is actually an advantage. We also manage \nto perform better than several well known compact descriptors when we \nbinarize the learnt representations.\n\nWe also don't think that the evaluation is insufficient. The time to \nextract the features will be clearly dominated by the SIFT keypoint \ndetector, because computing a new representation given a patch is a \nsequence of matrix operations. Training times are added to the new\nversion of the paper. ROC curves will be in a larger technical \nreport that describes in more detail the performance of a bigger \nnumber of feature learning algorithms (both supervised and unsupervised)\non this dataset.\n\nThank you for pointing out a missing experiment, training on general \nnatural image patches (not extracted around keypoints) and then \nevaluating on the dataset. We are trying to incorporate results for \nthis experiment in the final version of the paper. It should also be \nvery interesting to experiment with the idea of unsupervised\nalignment [R2], especially as every patch implicitly has already \nsome general alignment information from its keypoint.\n\nIn Table 1b, SIFT is not normalized and used as a 128 byte descriptor \n(in Table 1a a 128 double descriptor (with normalized entries) is used).\n\nA new version (arxiv version 3) of the paper is uploaded on March 11.\n\n[R1] H. Mobahi, R. Collobert, J. Weston. Deep Learning from Temporal Coherence in Video.\n[R2] Gary Huang, Marwan Mattar, Honglak Lee, Erik Learned-Miller. Learning to Align from Scratch.\n[R3] Memisevic, R. Gradient-based learning of higher-order image features.\n[R4] S. Chopra, R. Hadsell, and Y. LeCun. Learning a similarity metric discriminatively, with application to face verification.\n[R5] J. Susskind, R. Memisevic, G. Hinton, and M. Pollefeys. Modeling the joint density of two images under a variety of transformations."}, {"reviewer": "anonymous reviewer 3338", "Review": "This paper is a survey of unsupervised learning techniques applied to the unsupervised task of descriptor matching. Various methods such as Gaussian RBMs, sparse RBMs, and mcRBMs were applied to image patches and the resulting feature vectors were used in a matching task. These methods were compared to standard hand-crafted descriptors such as SIFT, SURF, etc.\n\nPros\nProvides a survey of descriptors for matching pairs of image patches.\n\nCons\nIt is not clear what the purpose of the paper is. The paper compares several learning algorithms on the task of what essentially seems like clustering image patches to find their correspondences. The ground truth correspondences of the dataset were found by clustering the image patches to find correspondences... In this paper, simple clustering methods were not compared to such as kmeans or sparse coding which are less complicated models than RBMs and are meant for finding correspondences. Additionally, training in a supervised way makes much more sense for finding correspondences.\n\nIt is not clear from the paper alone what is considered at match between descriptors? Is it the distance being below a threshold, the pair of descriptors being closer than any other pair of descriptors, etc.?\n\nThe preprocessing of the image patches seems different for each method. This could lead to wildly different scales of the input pixels and thus the corresponding representations of the various methods.\n\nIn section 3.3 it is mentioned that it is surprising that L1 normalization works better because sparsity hurts classification typically. However, the sparsity in the paper is directly before the distance calculation, and not before being fed as input to a classifier which is a different setup and would thus be expected to behave differently with sparsity. This is the typical setup in which sparsity is found to hurt classification performance because information is being thrown away before the classifier is used.\n\nNovelty and Quality:\nThis paper is not novel in that it is survey of prior work applied to matching descriptors. It is well written but does not appear to apply to a wide audience as other papers have done a comparison of unsupervised methods in the past, for example:\n- A. Coates, H. Lee, and A. Ng. An analysis of single-layer networks in unsupervised feature learning. In Proc. AISTATS, 2011.\n- A. Coates and A. Ng. The importance of encoding versus training with sparse coding and vector quanti- zation. In Proc. ICML, 2011.", "Reply": "Dear 3338,\nThank you for your feedback. In order to give a comprehensive\nanswer, we quote sentences from your feedback and try to respond\nappropriately.\n\n>>> It is not clear what the purpose of the paper is.\nWe suggest that the way unsupervised feature learning\nmethods are evaluated should be extended: A more direct evalution\nof the learnt representations without subsequent supervised algorithms,\nand not tied to the task of high-level object classification.\n\n>>> The ground truth correspondences of the dataset were found by \n>>> clustering the image patches to find correspondences.\nThis is not how the description of [R1] with respect to the\nGround Truth Data (section II in [R1]) reads.\n\n>>> In this paper, simple clustering methods were not \n>>> compared to such as kmeans ...\nWe added a K-Means experiment to the new version of the paper.\nWe run K-Means (with a soft threshold function) [R2] on the dataset,\nit performs worse than spGRBM. (This is mentioned in the new version\n3 of the paper).\n\n>>> Additionally, training in a supervised way makes much more sense\n>>> for finding correspondences.\nThis is not the question that we are asking. We deliberately \navoid any supervised training because we want to investigate\npurely unsupervised methods. We are not trying to achieve any \nstate-of-the-art results.\n\n>>> It is not clear from the paper alone what is considered at match \n>>> between descriptors\nWe have added some text that describes how a false positive\nrate for a fixed true positive rate is computed.\n\n>>> The preprocessing of the image patches seems different for each \n>>> method. This could lead to wildly different scales of the input \n>>> pixels and thus the corresponding representations of the various \n>>> methods.\nCould you elaborate why this is something to consider \nin our setting?\n\n>>> In section 3.3 it is mentioned that it is surprising that L1 \n>>> normalization works better because sparsity hurts classification \n>>> typically.\nWe don't say that 'sparsity hurts classification typically'. We say\nthe exact opposite (that sparse representations are beneficial\nfor classification) and give a reference to [R3], a paper that you\nalso reference. We say that it is surprising that a sparse representation\n('sparse' as produced by spGRBM, not by a normalization scheme) \nperforms better in a  distance calculation, because the general \nunderstanding is (to our  knowledge) that sparse representations \nsuffer  more from the curse of dimensionality when considering \ndistances.\n\n>>> However, the sparsity in the paper is directly before the distance \n>>> calculation, and not before being fed as input to a classifier which \n>>> is a different setup and would thus be expected to behave differently \n>>> with sparsity. This is the typical setup in which sparsity is found to \n>>> hurt classification performance because information is being thrown \n>>> away before the classifier is used.\nWe don't understand what is meant here. Wasn't the gist of [R3] that\na sparse encoding is key for good classification results? However, we\nthink that the main point that we wanted to convey in the referred part\nof the paper was poorly presented. We tried\nto make the presentation of the analysis part better in the new version\n(arxiv version 3) of the paper.\n\n>>> ...does not appear to apply to a wide audience as other papers have \n>>> done a comparison of unsupervised methods in the past'\nThose comparisions are, as explained in the paper, done always in combination\nwith a subsequent supervised classification algorithm on a high-level\nobject classification task. We want to avoid exactly this setting. We think\nthat the paper is relevant for researchers working on\nunsupervised (feature) learning methods and for researchers working in \nComputer Vision.\n\nA new version (arxiv version 3) of the paper is uploaded on March 11.\n\n[R1] M. Brown, G. Hua, and S. Winder. Discriminative learning of local image descriptors.\n[R2] A. Coates, H. Lee, and A. Ng. An analysis of single-layer networks in unsupervised feature learning.\n[R3] A. Coates and A. Ng. The importance of encoding versus training with sparse coding and vector quantization."}, {"reviewer": "anonymous reviewer f716", "Review": "his paper proposes a dataset to benchmark the correspodence problem\nin computer vision. The dataset consists of image patches that have\ngroundtruth matching pairs (using separate algorithms). Extensive\nexperiments show that RBMs perform well compared to hand-crafted\nfeatures.\n\nI like the idea of using itermediate evaluation metrics to measure the\nprogress of unsupervised feature learning and deep learning. That\nsaid, comparing the methods on noisy groundtruth (results of other\nalgorithms) may have some bias.\n\nThe experiments could be made stronger if algorithms such as\nAutoencoders or Kmeans (Coates et al, 2011, An Analysis of\nSingle-Layer Networks in Unsupervised Feature Learning) are\nconsidered.\n\nIf we can consider the groundtruth as clean, will supervised learning\na deep (convolutional) network using the groundtruth produce better\nresults?", "Reply": "Dear f716,\nthank you for your feedback. We evaluated more models\nthan shown in Table 1, but they perform not as good as\nspGRBM so we decided to leave those out (from the Table) in order to\navoid clutter. The models are mentioned in section 3.5\nof the paper (the arxiv version 2 of the paper).\n\nWe are currently running experiments with deep convolutional\nnetworks to determine how much improvement supervision \nsignals can achieve.\n\nWe uploaded a new version (on March 11) that changes some\nbits of the presentation. We also evaluated K-Means on the\ndataset (it is mentioned under 'Other models', because its\nperformance is below the one frome spGRBM)."}], "url": "https://arxiv.org/abs/1301.2840"}