{"paper_id": "PRuOK_LY_WPIq", "header": "Matrix Approximation under Local Low-Rank Assumption", "abstract": "Matrix approximation is a common tool in machine learning for building accurate prediction models for recommendation systems, text mining, and computer vision. A prevalent assumption in constructing matrix approximations is that the partially observed matrix is of low-rank. We propose a new matrix approximation model where we assume instead that the matrix is only locally of low-rank, leading to a representation of the observed matrix as a weighted sum of low-rank matrices. We analyze the accuracy of the proposed local low-rank modeling. Our experiments show improvements in prediction accuracy in recommendation tasks.", "reviews": [{"reviewer": "simon bolivar", "Review": "It has already been mentioned above, but I checked the longer version of the document posted at "}, {"reviewer": "Joonseok Lee, Seungyeon Kim, Guy Lebanon, Yoram Singer", "Review": "We appreciate for both of your reviews and questions.\n\n- Kernel width: we validated the kernel width experimentally. Specifically, we examined the following kernel types: Gaussian, triangular, and Epanchnikov kernels. We also experimented with the kernel width (0.6, 0.7, 0.8). We found that sufficiently large width (>= 0.8) performs well, probably due to the fact that the similarity between users or items is typically small.\n\n- Distance measure: as the second reviewer mentioned, we first factorize M using standard incomplete SVD. We then compute the distance d based on the arc-cosine similarity between the rows of factor matrices U and V. We found that this approach performs better than defining the distance based on the rows and columns of the original rating matrix. This choice deems better probably due to the fact that many pairs of users (or item pairs) have almost no shared items because of the high sparsity of the rating matrix.\n\n- Variance observed due to the sampling of anchor points: We omitted the discussion of this issue due to space constraints (3 pages).\n\n- Effect of Nadaraya-Watson smoothing: we observed that the prediction quality is almost the same for anchor points and non-anchor points. In other words, the approximation due to the Nadaraya-Watson procedure does not seem to be the limiting factor.\n\n- Hoelder continuity: this assumption is actually essential in our model since we smooth locally with respect to the distance d. We performed large deviation analysis which is also omitted due to the lack of space.\n\n- We omitted references due to the strict page limit. We will add references to the most relevant work. Moreover, the long version of the submission includes substantial discussion and references of related work.\n\nPlease feel free to reply us if you have further questions.\nThank you."}, {"reviewer": "anonymous reviewer 76ef", "Review": "Approximation and completion of sparse matrices is a common task. As popularized by the Netflix prize, there are many possible approaches, and combinations of different styles of approach can lead to better predictions than individual methods. In this work, local prediction and low-rank factorization are combined as one coherent method.\n\nThis is a short paper, with an interesting idea, and some compelling results. It has the appealing property that one can almost guess what is going to come from the abstract. My key question while reading was how locality was going to be defined: one of the goals of low-rank learning is finding a space in which to represent entities. The paper uses a simple distance measure to local support points. I'm not sure if a value is missing from one row and not another whether it is ignored, or counted as zero. I wonder if an approach that finds a low-rank or factor model fit and uses that to define distances for local modelling might work better. Potentially one could iterate, after fitting the model, get improved distances and refit.\n\nI find the large improvement over the Netflix prize winners surprising given the large effort invested over three years to get that result. Is one relatively simple method really sufficient to blow that away? I think open code and scrutiny would be required to be sure. (Honest mistakes are not unprecedented: "}, {"reviewer": "anonymous reviewer 4b7c", "Review": "Matrix Approximation under Local Low-Rank Assumption\n\nPaper summary\n\nThis paper deals with low-rank matrix approximation/completion. To reconstruct a matrix element M_{i,j}, the proposed method performs a weighted low rank matrix approximation which considers a similarity metric between matrix coordinates. More precisely, the weighting scheme emphasizes reconstruction errors close to the element {i,j} to reconstruct. As a computational speedup, the authors perform the low rank approximation only on a small set of coordinates and approximate the reconstruction for any coordinate through kernel estimation.\n\nReview Summary\n\nThe core idea of the paper is interesting and could be helpful in many practical applications of low rank decomposition. The paper reads well and is technically correct. On the negative side, I feel that the availability of a meaningful similarity metric between coordinates should be discussed. The experimental section could be greatly improved. There is no reference to related work at all.\n\nReview \n\nIn many application of matrix completion, the low rank decomposition algorithm is here to circumvent the fact that no meaningful similarity metric between coordinate pairs is available. For instance, if such a metric is available in a collaborative filtering scenario, one would simply take the input (customer, item) fetch its neighbors and average its ratings. Your algorithm presuppose the availability of such a metric, could you discuss this core aspect of your proposal in the paper?\n\nFollowing on this idea, would you consider as baseline performing the Nadaraya-Watson kernel regression on the matrix itself and reports the result in your experimental section. This would be meaningful to quantify how much comes from the low rank smoothing and how much comes simply from the quality of the similarity metric.\n\nStill in the experimental section, \n- would you consider validating the kernel width?\n- discuss the influence of the L2 regularizer which is not even introduced in the previous sections\n- define clearly the d you use. To me d(s,s') compare two coordinate pairs and I do not know how to relate it to the arccos you are using, i.e. what are x,y?\n- could you measure the variance observed due to the sampling of anchor points and could you report whether the reconstruction error is greater further from anchor points?\n- how does Nadaraya-Watson smoothing compare with respect to solving the low rank problem for each point?\n\nReferences:\n- you should at least refer to weighted low rank matrix approximation (Srebro & Jaakkola, ICML-03). It would be good to refer to prior work on expanding low rank matric approximation, given how fertile this field has been in the Netflix prize days (Maximum Margin Matrix Factorizations, RBM for matrix completion...).\n\nDetails along the text\n\n- In Eq. 1, to unify notation, you could use the projection Pi here as well\n- Hoelder continuity: I do not understand how it relate to the smoothing kernel approach defined below. I believe this sentence could be removed."}], "url": "https://arxiv.org/abs/1301.3192"}