{"paper_id": "rtGYtZ-ZKSMzk", "header": "Tree structured sparse coding on cubes", "abstract": "A brief description of tree structured sparse coding on the binary cube.", "reviews": [{"reviewer": "anonymous reviewer fd41", "Review": "The paper extends the widely known idea of tree-structured sparse coding to the Hamming space. Instead for each node being represented by the best linear fit of the corresponding sub-space, it is represented by the best sub-cube. The idea is valid if not extremely original. \n\nI\u2019m not sure it has too many applications, though. I think it is more frequent to encounter raw data residing some Euclidean space, while using the Hamming space for representation (e.g., as in various similarity-preserving hashing techniques). Hence, I believe a more interesting setting would be to have W in R^d, while keeping Z in H^K, i.e., the dictionary atoms are real vectors producing best linear fit of corresponding clusters with binary activation coefficients. This will lead to the construction of a hash function. The out-of-sample extension would happen naturally through representation pursuit (which will now be performed over the cube).\n\nPros:\n\n1.\tA very simple and easy to implement idea extending tree dictionaries to binary data\n2.\tFor binary data, it seems to outperform other algorithms in the presented recovery experiment. \n\nCons:\n\n1.\tThe paper reads more like a preliminary writeup rather than a real paper. The length might be proportional to its contribution, but fixing typos and putting a conclusion section wouldn\u2019t harm.\n2.\tThe experimental result is convincing, but it\u2019s rather andecdotal. I might miss something, but the author should argue convincingly that representing binary data with sparse tree-structured dictionary is interesting at all, showing a few real applications. The presented experiment on binarized MNIST digit is very artificial."}, {"reviewer": "anonymous reviewer 2f02", "Review": "summary:\nThis is a 3-page abstract only. It proposes a low-dimensional representation of data in order\nto impose a tree structure. It relates to other mixed-norm approaches previously proposed in\nthe literature. Experiments on a binarized MNIST show how it becomes robust to added noise.\n\nreview:\nI must say I found the abstract very hard to read and would have preferred a longer version\nto better understand how the model is different from prior work. It's not clear for instance\nhow the proposed approach compares to other denoising methods. It's not clear neither what is\nthe relation between tree-based decomposition and noise in MNIST. Finally, I didn't understand\nwhy the model was restricted to binary representations. All this simply says I failed to\ncapture the essence of the proposed approach."}], "url": "https://arxiv.org/abs/1301.3590"}