{"paper_id": "V_-8VUqv8h_H3", "header": "The Manifold of Human Emotions", "abstract": "Sentiment analysis predicts the presence of positive or negative emotions in a text document. In this paper, we consider higher dimensional extensions of the sentiment concept, which represent a richer set of human emotions. Our approach goes beyond previous work in that our model contains a continuous manifold rather than a finite set of human emotions. We investigate the resulting model, compare it to psychological observations, and explore its predictive capabilities.", "reviews": [{"reviewer": "anonymous reviewer e0d0", "Review": "This paper proposes a new method for sentiment analysis of text\ndocuments based on two phases: first, learning a continuous vector\nrepresentation of the document (a projection on the mood manifold) and\nsecond, learning to map from this representation to the sentiment\nclasses. The assumption behind this model is that such an intermediate\nsmooth representation might help the classification, especially in the case where the number of sentiment classes is rather large (32) as it is studied here.\n\nThe idea of modeling the relationship between emotions labels (Y) and\ndocuments (X, encoded using bag-of-words) via an intermediate\nrepresentation (Z) is appealing and seems to be a good direction to pursue.\n\nThe main idea of the present model is to build a kind of two-layers\nnetwork(X->Z->Y), where each layers has its own architecture and learning\nprocess and is trained in a (weakly) supervised way. Unfortunately, it is not\nexactly clear how this training works. On one hand, the layer X->Z is trained via maximum likelihood, setting the supervision on Z via least-square regression for Z->Y (X and Y are known). But on the other hand, it is written that the layer Z->Y is obtained via MDS or kernel PCA. This is a bit puzzling.\n\nI also think that the dimension of the manifold (l) should be given.\n\nThere is a lack of references (maybe due to the page limit) Still,\n(Glorot et al., ICML11), (Chen et al., ICML12) or (Socher et al.,\nEMNLP11) should be discussed since all these papers presents neural\nnetwork archiecture for sentiment analysis and basically learn an\nintermediate representation of documents.\n\nPros:\n- interesting setting with weak supervision\n- new data\n\nCons:\n- many unclear points\n- lack references", "Reply": "1. It is more related to latent variable models than neural network as it doesn\u2019t have any activation function between layers. Moreover, neural network is learned by back-propagation algorithms, but our model is learnt using maximum likelihood with marginalizing latent variable Z. Linear regression part is result of Dirac\u2019s delta approximation. Detailed implementation is on our full paper on ArXiv ("}, {"reviewer": "anonymous reviewer 9992", "Review": "This paper introduces a model for sentiment analysis aimed at capturing blended, non-binary notions of sentiment. The paper uses a novel dataset of >1 million blog posts (livejournal) using 32 emoticons as labels. The model uses a Gaussian latent variable to embed bag of words documents into a vector space shaped by the emoticon labels. Experiments on the blog dataset demonstrate the latent vector representations of documents are better than bag of words for multiclass sentiment classification.\n\nI'm a bit confused as to how the inference procedure works. The conditional distribution P(Z|X) is Gaussian as is P(Z|Y), but the graphical structure suggests P(Y|Z) needs to be given and a Gaussian doesn't make sense here as Y is a binary vector. More generally, given the description in the paper I don't understand how to implement the proposed model. A more detailed description of the model itself and the inference procedure could help here.\n\nThere is a lot of recent work on representation learning for sentiment. No discussion of related models or comparisons to other work are given. In particular, recursive neural networks (e.g. Socher et al EMNLP 2011) have been used to learn document vector representations for multi-dimensional sentiment. Additionally, Maas et al (ACL 2011) introduce a benchmark dataset and similar latent-variable graphical model for sentiment representations. Overall, I think substantially more discussion of previous work is necessary. The two citations given aren't reflective of much of the recent work on learning text representations or sentiment.\n\nTo summarize:\n- The proposed dataset sounds interesting and could advance representation learning for multi-dimensional sentiment analysis\n- The proposed model is very unclear. With the current explanation I am unable to verify its correctness\n- Practically no discussion of the large amount of previous work on learning representations for text and sentiment", "Reply": "1. P(Y|Z) can be computed using Bayes rule on P(Z|Y). We had to remove lots of details due to the space limits. Detailed implementation is on our full paper on ArXiv ("}], "url": "https://arxiv.org/abs/1301.3214"}