{"paper_id": "YBi6KFA7PfKo5", "header": "Two SVDs produce more focal deep learning representations", "abstract": "A key characteristic of work on deep learning and neural networks in general is that it relies on representations of the input that support generalization, robust inference, domain adaptation and other desirable functionalities. Much recent progress in the field has focused on efficient and effective methods for computing representations. In this paper, we propose an alternative method that is more efficient than prior work and produces representations that have a property we call focality -- a property we hypothesize to be important for neural network representations. The method consists of a simple application of two consecutive SVDs and is inspired by Anandkumar (2012).", "reviews": [{"reviewer": "Hinrich Schuetze", "Review": "Thanks for your comments! The suggestions seem all good and pertinent to us and (in case the paper should be accepted and assuming there is enough space) we will incorporate them when revising the paper. In particular: relate the new method to overview in Turney&Pantel, to kernel PCA and matrix factorization approaches; expand on discussion of focality, addressing concerns about broad applicability (if it's only used as a diagnostic, then it may not be a huge concern that it's somewhat unwieldy); discussion of Turian, Socher and Maas; more details and more thorough description of 1layer vs 2layer (we thought this was pretty directly analogous to single-layer learning vs two-layer deep learning, but will expand on this in a potentially revised version).\n\nWe also totally agree that ideally larger experiments on previous data sets should be done. We were hoping that more conceptual papers (introducing new methods and metrics) would be ok without immediate large experiments. We would try to conduct some larger experiments if the paper gets accepted, but cannot promise these would be ready for the conference."}, {"reviewer": "anonymous reviewer 4c9d", "Review": "This paper introduces a novel method to induce word vector representations from a corpus of unlabeled text. The method relies upon 'stacking' singular value decomposition with an intermediate normalization nonlinearity. The authors propose 'focality' as a metric for quantifying the quality of a learned representation. Finally, control experiments on a small collection of sentence text demonstrates stacked SVD as producing more focal representations than a single SVD.\n\nThe method of stacked SVD is novel as far as I know, but could perhaps be generalized to use other nonlinearities between the two SVD layers than length normalization alone. As the authors acknowledge, SVD is a linear transform so the intermediate nonlinearity is important as to have the entire method not reduce to a single linear transform. There are a huge number of ways to use matrix factorization to induce word vectors, Turney & Pantel (JAIR 2010) give a nice review. I would like to better understand the proposed method in the context of the many alternatives to SVD factorization (e.g. kernel PCA etc.). \n\nThe introduced notion of focality might serve as a good metric for analysis of learned representation quality. It seems however that measuring focality is only possible with brute force experiments which could make it an unwieldy tool. Expanding on focality as a tool for representation evaluation, both in theory and practice, could strengthen this paper significantly. \n\nThe experiments use a small text corpus to demonstrate two SVDs as producing better representations than one. There is much room for improvement in the experiment section. In particular, there are several word representation benchmarks the authors could use to assess the quality of the proposed method relative to previous work:\n- Turian et al (ACL 2010) compare several word representations and release benchmark code. \n- Socher et al (EMNLP 2011) release a multi-dimensional sentiment analysis corpus and use neural nets to train word representations\n- Maas et al (ACL 2011) release a large semi-supervised sentiment analysis corpus and directly compare SVD-obtained word representations with other models\n\nThe experiments given are a reasonable sanity check for the model and demonstration of the introduced focality metric. However, the paper would be greatly improved by comparing to previous work on at least one of the tasks in papers listed above. \n\nThe 1LAYER vs 2LAYER experiment is not clearly explained. Please expand on the difference in 1 vs 2 layers and the experimental result.\n\nTo summarize:\n- Novel layer-wise SVD approach to inducing word vectors. Needs to be better explained in the context of matrix factorization alternatives\n- Novel 'focality' metric which could serve as a tool for measuring learned representation quality. Metric needs more explanation / analysis.\n- Experiments don't demonstrate the model relative to previous work. This is a major omission since many recent alternatives exist and comparison experiments should be straightforward with several public datasets exist\n- Overall paper is fairly clear but could use some work"}, {"reviewer": "anonymous reviewer 2448", "Review": "This paper proposes to use two consecutive SVDs to produce a\ncontinuous representation. This paper also introduces a property\ncalled focality. They claim that this property may be important for\nneural network: many classifiers cannot efficiently handle\nconjunctions of several features unless they are explicitly given as\nadditional features; therefore a more focal representation of the\ninputs can be a promising way to tackle this issue. This paper \nopens a very important discussion thread and provides some interesting\nstarting points. \n\nThere are two contributions in this paper. First, the authors define\nand motivate the property of focality for the representation of the\ninput. While the motivation is clear, its implementation is not\nobvious. For instance, the description provided in the subsection\n'Discriminative task' is hard to understand: what is really measured\nhow it is related to the focality property. This part of the paper\ncould be rephrased to be more explicit. The second contribution is the\nrepresentation derived by two consecutive SVDs. I would suggest to\nprovide a bit more of discussion about the related work like LSA, PCA,\nor the denoising auto-encoder.\n\nIn the third paragraph of section 'Discussion', the authors may cite\nthe work of (Collobert and Weston) and (Socher) for instance.", "Reply": "Thanks for your comments! If the paper is accepted, we will expand the description of the discrimination task and explain in more detail how it is related to focality (the idea is that a single hidden unit does well on the discrimination -- which is what focality is supposed to capture).\n\nWe will also expand the discussion of related methods (LSA, PCA, denoising auto-encoder) if the paper accepted (assuming there is space -- which should be the case).\n\nWe will cite&discuss (Collobert and Weston) and (Socher). Pointers to other relevant literature would be appreciated."}], "url": "https://arxiv.org/abs/1301.3627"}