{"paper_id": "B16Jem9xe", "header": "Learning in Implicit Generative Models", "abstract": "Showing connections between GANs, ABC, ratio estimation and other approaches for learning in deep generative models.", "reviews": [{"reviewer": "ICLR 2017 conference AnonReviewer1", "Comment": "Hi,\n\nApologies for both mistakes.\n\nRegarding Eqn. (14): indeed, I have misread what you wrote in the paper, my bad. I remember going down exactly the same rabbit hole before...\n\nRe: acceptance, I got confused as I've only read the subtitle of the PC's comment \"ICLR 2017 conference paper187 acceptance\", not the actual decision."}, {"reviewer": "ICLR 2017 conference AnonReviewer1", "Comment": "Hi,\n\nApologies for both mistakes.\n\nRegarding Eqn. (14): indeed, I have misread what you wrote in the paper, my bad. I remember going down exactly the same rabbit hole before...\n\nRe: acceptance, I got confused as I've only read the subtitle of the PC's comment \"ICLR 2017 conference paper187 acceptance\", not the actual decision."}, {"reviewer": "ICLR 2017 pcs", "Comment": "This paper provides a unifying review of various forms of generative model. The paper offers some neat perspectives that could encourage links between areas of machine learning and statistics. However, there aren't specific new proposals, and so there is no empirical evaluation either. The PCs thus believe this contribution is more appropriate for the Workshop Track.", "Decision": "Invite to Workshop Track"}, {"reviewer": "Balaji Lakshminarayanan", "Comment": "The reviewers have two common concerns (1) relevance of this paper to ICLR, and (2) its novelty. We address the common concerns here and address other questions individually.\n\nThe aim of our paper is to review different approaches for learning in implicit generative models; GANs are a special case of implicit generative models and our work helps understand connections between GAN variants as well as understand how GANs are related to the wider statistical literature. We are not aware of any other work in the GAN literature which discusses the connections to approximate Bayesian computation, moment-matching and two sample-testing, unsupervised-as-supervised learning, optimal transport, likelihood free inference, or non-maximum likelihood estimation, even though these methods are clearly related. We believe these connections would be interesting to ICLR community for at least two reasons: (1) we can borrow tools from the related literature to improve optimisation and analyse convergence and (2) we can use GAN-like techniques to train differentiable simulators in other application domains (e.g high energy physics, economics, ecology), thereby opening up exciting research directions. AnonReviewer4 writes \u201cI believe this work is significant - it provides a bridge for language and methods used in multiple parts of statistics and machine learning. This has the potential to accelerate progress.\u201d And AnonReviewer1 writes \u201cIt is well written and a good read, and one I would recommend to people who would like to get involved in GANs.\u201d This was our aim, and why this paper is of relevance to ICLR.\n\nNovelty: The view of hypothesis testing gives an insight about the learning principle used in likelihood free / implicit models. This view also helps understand connections between variants of GANs; for instance, methods that use the density ratio (e.g. the original GAN paper, f-GAN and b-GAN) or the density difference (e.g. generative moment matching networks). To the best of our knowledge, this unifying view through hypothesis testing is novel (see also the concurrent submissions by Lopez-paz and Oquab (2016) and Uehara et al. (2016)). To quote AnonReviewer4, \u201cthe individual pieces are not novel, and yet the exposition of all of them in the same space with clear outline of the connections between them is novel.\u201d \nThe unifying view opens up lots of interesting research directions, e.g., since our initial arxiv submission, Kareletsos (2016) has published \u201cAdversarial Message Passing For Graphical Models\u201d "}, {"reviewer": "ICLR 2017 conference AnonReviewer1", "Review": "I just noticed I submitted my review as a pre-review question - sorry about this. Here it is again, with a few more thoughts added...\n\nThe authors present a great and - as far as I can tell - accurate and honest overview of the emerging theory about GANs from a likelihood ratio estimation/divergence minimisation perspective. It is well written and a good read, and one I would recommend to people who would like to get involved in GANs.\n\nMy main problem with this submission is that it is hard as a reviewer to pin down what precisely the novelty is - beyond perhaps articulating these views better than other papers have done in the past. A sentence from the paper \"But it has left us unsatisfied since we have not gained the insight needed to choose between them.\u201d summarises my feeling about this paper: this is a nice 'unifying review\u2019 type paper that - for me - lacks a novel insight.\n\nIn summary, my assessment is mixed: I think this is a great paper, I enjoyed reading it. I was left a bit disappointed by the lack of novel insight, or a singular key new idea which you often expect in conference presentations, and this is why I\u2019m not highly confident about this as a conference submission (and hence my low score) I am open to be convinced either way.\n\nDetailed comments:\n\nI think the authors should probably discuss the connection of Eq. (13) to KLIEP: Kullback-Leibler Importance Estimation by Shugiyama and colleagues.\n\nI don\u2019t quite see how the part with equation (13) and (14) fit into the flow of the paper. By this point the authors have established the view that GANs are about estimating likelihood ratios - and then using these likelihood ratios to improve the generator. These paragraphs read like: we also tried to derive another particular formulation for doing this but we failed to do it in a practical way.\n\nThere is a typo in spelling Csiszar divergence\n\nEquation (15) is known (to me) as Least Squares Importance Estimation by Kanamori et al (2009). A variant of least-squares likelihood estimation uses the kernel trick, and finds a function from an RKHS that best represents the likelihood ratio between the two distributions in a least squares sense. I think it would be interesting to think about how this function is related to the witness function commonly used in MMD and what the properties of this function are compared to the witness function - perhaps showing the two things for simple distributions.\n\nI have stumbled upon the work of Sugiyama and collaborators on direct density ratio estimation before, and I found that work very insightful. Generally, while some of this work is cited in this paper, I felt that the authors could do more to highlight the great work of this group, who have made highly significant contributions to density ratio estimation, albeit with a different goal in mind.\n\nOn likelihood ratio estimation: some methods approximate the likelihood ratio directly (such as least-squares importance estimation), some can be thought of more as approximating the log of this quantity (logistic regression, denoising autoencoders). An unbiased estimate of the ratio will provide a biased estimate of the logarithm and vice versa. To me it feels like estimating the log of the ratio directly is more useful, and in more generality estimating the convex function of the ratio which is used to define the f-divergence seems like a good approach. Could the authors comment on this?\n\nI think the hypothesis testing angle is oversold in the paper.  I\u2019m not sure what additional insight is gained by mixing in some hypothesis testing terminology. Other than using quantities that appear in hypothesis testing as tests statistics, his work does not really talk about hypothesis testing, nor does it use any tools from the hypothesis testing literature. In this sense, this paper is in contrast with Sutherland et al (in review for ICLR) who do borrow concepts from two-sample testing to optimise hyperparameters of the divergence used.", "Rating": "6: Marginally above acceptance threshold", "Confidence": "4: The reviewer is confident but not absolutely certain that the evaluation is correct", "Comment": "Thanks for your detailed response and the pointers to the slides. I want to reiterate both to authors and to fellow reviewers/area chairs, that I do like this review and I think it is valuable to have it. I agree with other reviewers in that it is hard to evauate this paper as a conference submission, which also explains my relatively positive review with a not so good score.\n\nI would argue for accepting this paper, unless it would be at the cost of rejecting excellent papers that present more original ideas."}, {"reviewer": "ICLR 2017 conference AnonReviewer1", "Comment": "Thanks for your detailed response and the pointers to the slides. I want to reiterate both to authors and to fellow reviewers/area chairs, that I do like this review and I think it is valuable to have it. I agree with other reviewers in that it is hard to evauate this paper as a conference submission, which also explains my relatively positive review with a not so good score.\n\nI would argue for accepting this paper, unless it would be at the cost of rejecting excellent papers that present more original ideas."}, {"reviewer": "ICLR 2017 conference AnonReviewer4", "Review": "The paper provides an exposition of multiple ways of learning in implicit generative models, of which generative adversarial networks are an example. The paper is very clear, the exposition is insightful, and the presented material is clearly important.\n\nIt is hard to assess \"novelty\" of this work, as the individual pieces are not novel, and yet the exposition of all of them in the same space with clear outline of the connections between them is novel.\n\nI believe this work is significant - it provides a bridge for language and methods used in multiple parts of statistics and machine learning. This has the potential to accelerate progress.\n\nI recommend publishing this paper at ICLR, even though it is not the \"typical\" paper that get published at this conference (in that it doesn't offer empirical validation, nor makes a particular claim about relative merits of different methods).", "Rating": "8: Top 50% of accepted papers, clear accept", "Confidence": "4: The reviewer is confident but not absolutely certain that the evaluation is correct", "Comment": "Thank you for your positive and encouraging feedback!"}, {"reviewer": "ICLR 2017 conference AnonReviewer1", "Question": "The authors present a great and - as far as I can tell - accurate and honest overview of the emerging theory about GANs from a likelihood ratio estimation/divergence minimisation perspective. It is well written and a good read, and one I would recommend to people who would like to get involved in GANs.\n\nMy main problem with this submission is that it is unclear what precisely the novelty is - beyond perhaps articulating these views better than other papers have done in the past. A sentence from the paper \"But it has left us unsatisfied since we have not gained the insight needed to choose between them.\u201d summarises my feeling about this paper: this is a nice 'unifying review\u2019 type paper that - for me - lacks a novel insight.\n\nSo my assessment is mixed: I think this is a great paper, I enjoyed reading it. I was left a bit disappointed by the lack of novel insight, and this is why I\u2019m not highly confident this has to be a conference paper. I am open to be convinced either way.\n\nDetailed comments:\n\nI think the authors should probably discuss the connection of Eq. (13) to KLIEP: Kullback-Leibler Importance Estimation by Shugiyama and colleagues.\n\nI don\u2019t quite see how the part with equation (13) and (14) fit into the flow of the paper. By this point the authors have established the view that GANs are about estimating likelihood ratios - and then using these likelihood ratios to improve the generator. These paragraphs read like: we also tried to derive another particular formulation for doing this but we failed to do it in a practical way.\n\nTypo in Csiszar divergence\n\nEquation (15) is known (to me) as Least Squares Importance Estimation by Kanamori et al (2009).\n\nI have stumbled upon the work of Sugiyama and collaborators on direct density ratio estimation before, and I found that work very insightful. Generally, while some of this work is cited in this paper, I felt that the authors could do more to highlight the great work of this group, who have made highly significant contributions to density ratio estimation, albeit with a different goal in mind.\n\nI think the hypothesis testing angle is a bit oversold in the paper.  I\u2019m not sure what additional insight is gained by mixing in some hypothesis testing terminology. Other than using quantities that appear in hypothesis testing as tests statistics, his work does not really talk about hypothesis testing, nor does it use any tools from the hypothesis testing literature. In this sense, this paper is in contrast with Sutherland et al (in review for ICLR) who do borrow concepts from two-sample testing to optimise hyperparameters of the divergence used."}, {"reviewer": "ICLR 2017 conference AnonReviewer3", "Review": "Thank you for an interesting read.\n\nGiven the huge interest in generative modelling nowadays, this paper is very timely and does provide very clear connections between methods that don't use maximum likelihood for training. It made a very useful observation that the generative and the discriminative loss do **not** need to be coupled with each other. I think this paper in summary provides some very useful insights to the practitioners on how to select the objective function to train the implicit generative model.\n\nThe only reason that I decided to hold back my strong acceptance recommendation is that I don't understand the acceptance criteria of ICLR. First this paper has the style very similar to the Sugiyama et al. papers that are cited (e.g. presenting in different perspectives that were all covered in those papers but in a different context), making me unsure about how to evaluate the novelty. Second this paper has no experiment nor mathematical theorem, and I'm not exactly sure what kinds of contributions the ICLR committee is looking for.", "Rating": "7: Good paper, accept", "Confidence": "3: The reviewer is fairly confident that the evaluation is correct", "Comment": "Thank you for your positive comments. Our aim is to provide clarity, share a different perspective, and to highlight all the related work addressing the same problem that is not otherwise cited and used. We believe there is both novelty in our presentation, and is a good fit and of relevance to ICLR. Please see the more detailed response we provide in general rebuttal to the paper, since this was highlighted by other reviewers as well.\n\nThe work of Sugiyama et al. is especially important and one that has been a great inspiration to us. It is important to keep in mind that estimating the density ratio is only part of the problem when learning in GANs and implicit generative models. Showing how this can be used to form both the ratio and generative losses is an important aspect of this paper.\n"}, {"reviewer": "ICLR 2017 conference AnonReviewer3", "Question": "Thank you for an interesting read. \n\nI guess all the theory presented are already around but I still like the presentation which walked through each route in a very clear way.\n\nThe only question from a practitioner perspective is: which method should I choose when I want to learn an implicit model? Or can you comment a bit on the difficulty of training for different objectives?", "Comment": "\u201cWhich method should I choose when I want to learn an implicit model? Or can you comment a bit on the difficulty of training for different objectives?\u201d\n\nThis question is similar to the question of \u201cwhich approximate inference method should I use for my model?\u201d. And the answer is,  (perhaps not surprisingly) it really depends on the problem. We don\u2019t yet have a clear understanding of if and when one method is necessarily theoretically superior to another for all possible models (and the family of implicit models is huge!). There are some practical differences, e.g. a classifier as a discriminator is more amenable to minibatch training as opposed to moment matching which could affected by minibatch noise; hence, if the dataset is large, classifier approach might be preferable to moment matching. One could also think of combining multiple discriminator losses; this could help avoid the generator overfitting to any particular discriminator.  "}], "url": "/pdf?id=B16Jem9xe"}