{"paper_id": "B1hdzd5lg", "header": "Words or Characters? Fine-grained Gating for Reading Comprehension", "abstract": "Previous work combines word-level and character-level representations using concatenation or scalar weighting, which is suboptimal for high-level tasks like reading comprehension. We present a fine-grained gating mechanism to dynamically combine word-level and character-level representations based on properties of the words. We also extend the idea of fine-grained gating to modeling the interaction between questions and paragraphs for reading comprehension. Experiments show that our approach can improve the performance on reading comprehension tasks, achieving new state-of-the-art results on the Children's Book Test and Who Did What datasets. To demonstrate the generality of our gating mechanism, we also show improved results on a social media tag prediction task.", "reviews": [{"reviewer": "Kris Cao", "Comment": "Thanks for pointing this out, but I don't think the paper you mentioned is \"prior work\". Our paper was released on arxiv on Nov 6, while the paper you mentioned was released on arxiv on Nov 14. I would think these two are in parallel. Nevertheless, we would cite this paper according to your suggestion such that people reading our paper will also be aware of related parallel work."}, {"reviewer": "ICLR 2017 pcs", "Comment": "The consensus amongst reviewers is that this paper's proposal for combining character level information with word-level information is sound, well presented, and well evaluated. The main negative sentiment was that the approach was perhaps a little increment, although the conceptual size of the increment was sufficient to warrant publication, and will be relevant to the interests of ICLR attendees working on the intersection of deep learning and NLP. After a cursory reading of the paper, I see no reason to disagree, and recommend acceptance.", "Decision": "Accept (Poster)"}, {"reviewer": "ICLR 2017 conference AnonReviewer2", "Review": "This paper proposes a new gating mechanism to combine word and character representations. The proposed model sets a new state-of-the-art on the CBT dataset; the new gating mechanism also improves over scalar gates without linguistic features on SQuAD and a twitter classification task. \n\nIntuitively, the vector-based gate working better than the scalar gate is unsurprising, as it is more similar to LSTM and GRU gates. The real contribution of the paper for me is that using features such as POS tags and NER help learn better gates. The visualization in Figure 3 and examples in Table 4 effectively confirm the utility of these features, very nice! \n\nIn sum, while the proposed gate is nothing technically groundbreaking, the paper presents a very focused contribution that I think will be useful to the NLP community. Thus, I hope it is accepted.", "Rating": "7: Good paper, accept", "Confidence": "4: The reviewer is confident but not absolutely certain that the evaluation is correct"}, {"reviewer": "ICLR 2017 conference AnonReviewer3", "Review": "I think the problem here is well motivated, the approach is insightful and intuitive, and the results are convincing of the approach (although lacking in variety of applications). I like the fact that the authors use POS and NER in terms of an intermediate signal for the decision. Also they compare against a sufficient range of baselines to show the effectiveness of the proposed model.\n\nI am also convinced by the authors' answers to my question, I think there is sufficient evidence provided in the results to show the effectiveness of the inductive bias introduced by the fine-grained gating model.", "Rating": "6: Marginally above acceptance threshold", "Confidence": "4: The reviewer is confident but not absolutely certain that the evaluation is correct"}, {"reviewer": "ICLR 2017 conference AnonReviewer1", "Review": "SUMMARY.\n\nThe paper proposes a gating mechanism to combine word embeddings with character-level word representations.\nThe gating mechanism uses features associated to a word to decided which word representation is the most useful.\nThe fine-grain gating is applied as part of systems which seek to solve the task of cloze-style reading comprehension question answering, and Twitter hashtag prediction.\nFor the question answering task, a fine-grained reformulation of gated attention for combining document words and questions is proposed.\nIn both tasks the fine-grain gating helps to get better accuracy, outperforming state-of-the-art methods on the CBT dataset and performing on-par with state-of-the-art approach on the SQuAD dataset.\n\n\n----------\n\nOVERALL JUDGMENT\n\nThis paper proposes a clever fine-grained extension of a scalar gate for combining word representation.\nIt is clear and well written. It covers all the necessary prior work and compares the proposed method with previous similar models.\n\nI liked the ablation study that shows quite clearly the impact of individual contributions.\nAnd I also liked the fact that some (shallow) linguistic prior knowledge e.g., pos tags ner tags, frequency etc. has been used in a clever way. \nIt would be interesting to see if syntactic features can be helpful.\n\n", "Rating": "7: Good paper, accept", "Confidence": "3: The reviewer is fairly confident that the evaluation is correct"}, {"reviewer": "ICLR 2017 conference AnonReviewer3", "Question": "Considering that combined representation is a nonlinear function of the features, lookup value and the char-level representations (essentially the flat concatenation), did you try a, say, deep feedforward neural network to implement that function? I think that would be a good baseline to compare against to show that the inductive bias introduced by fine-grained gating is indeed helpful compared to other means of implementing that function.", "Comment": "Deep feed forward neural network is a universal function approximator, so any representation can be represented as a feed forward network applied on the flat concatenation of all inputs, but there are difficulties in optimization and generalization. We believe the inductive bias we introduce is helpful, with the following reasons:\n1. One of our baseline models uses the concatenation of character-level representation, word-level representation, and the features as the input, followed by multiple layers of LSTMs. If we only consider the feedforward depth, this model is essentially a deep feedforward network applied on the flat concatenation, so this can serve as a baseline to show that simple concatenation followed by feedforward layers fails to learn efficient representation.\n2. The number of layers is tuned as a hyper-parameter on the development set, and further increasing the number of layers increases the number of parameters and leads to overfitting. In contrast, fine-grained gating actually reduces the number of parameters, compared to concatenation.\n3. Our comparison with baseline models covers the current state-of-the-art approaches to combine word and character representations, including concatenation and scalar weighting."}, {"reviewer": "ICLR 2017 conference AnonReviewer1", "Question": "Hi, is there a particular reason for using a mono-directional RNN as character-level encoding? Have you tried with more expressive models i.e., a bidirectional RNN?", "Comment": "We tried bidirectional RNNs in our preliminary experiments and did not see noticeable differences. Thus we use uni-directional character-level RNNs throughout the paper."}], "url": "/pdf?id=B1hdzd5lg"}