{"paper_id": "BJYwwY9ll", "header": "Snapshot Ensembles: Train 1, Get M for Free", "abstract": "Ensembles of neural networks are known to be much more robust and accurate than individual networks. However, training multiple deep networks for model averaging is computationally expensive. In this paper, we propose a method to obtain the seemingly contradictory goal of ensembling multiple neural networks at no additional training cost. We achieve this goal by training a single neural network, converging to several local minima along its optimization path and saving the model parameters.  To obtain repeated rapid convergence, we leverage recent work on cyclic learning rate schedules. The resulting technique, which we refer to as Snapshot Ensembling, is simple, yet surprisingly effective.  We show in a series of experiments that our approach is compatible with diverse network architectures and learning tasks. It consistently yields  lower error rates than state-of-the-art single models at no additional training cost, and compares favorably with traditional network ensembles. On CIFAR-10 and CIFAR-100 our DenseNet Snapshot Ensembles obtain error rates of 3.4% and 17.4% respectively.", "reviews": [{"reviewer": "ICLR 2017 conference AnonReviewer3", "Question": "."}, {"reviewer": "ICLR 2017 pcs", "Comment": "Significant problem, interesting and simple solution, broad evaluation, authors highly responsive in incorporating feedback, all reviewers recommend acceptance. I agree.", "Decision": "Accept (Poster)"}, {"reviewer": "George Philipp", "Comment": "Dear George Philipp,\n\nThank you for your public comment. I am the Area Chair assigned on this paper. \n\nCan you please rephrase/edit your comment to remove unnecessarily confrontational language (\"What on earth is going on?\", etc)? \n\nSuch phrasing is unhelpful, unwelcome, disrespectful to colleagues, and likely to distract from a legitimate discussion. "}, {"reviewer": "ICLR 2017 conference", "Comment": "Dear Dr Weinberger,\n\nThank you for your response.\n\n**Strategy C**\n\nThe fact that ensembling 50-epoch models does not work is surprising to me, because of Figure 2. Figure 2 indicates to me that the model trained with the cosine schedule is already pretty good after 50 epochs. Hmmm ... do I fail to read Figure 2 correctly? Figure 2 looks to me that the benefit of running multiple 50-epoch cosine cycles is not even that dramatic. I would be very interested in seeing the curve of test error over time, or even just a list of the form \"test error after 50 epochs\", \"test error after 100 epochs\", etc. for both the cosine and traditional schedules.\n\nOf course, I still think that including the actual numbers for strategy C is absolutely necessary.\n\n**Strategy B as a baseline**\n\nLet me clarify my position on this. I agree that comparing the snapshot ensemble with a full ensemble of extensively trained models (strategy B) is relevant and interesting and Figure 4 is indeed valuable. (Contrary to what I said in my original comment.)\n\nHowever, I still believe that it is a weak baseline, because your paper is chiefly concerned with runtime. It appears to me that strategy B is concerned chiefly with test error of the final model, not with runtime. Therefore, it is a weak baseline to use strategy B in any kind of runtime comparison. \n\nRight now, the snapshot ensemble achieves performance comparable to that of 2.5 models fully trained with strategy B. This is a speedup of factor 2.5 (300 epochs for the snapshot ensemble, 750 epochs for the full ensemble), which is essentially your flagship result.\n\nBut what if I shortened strategy B to 150 epochs. Say this reduces the final test error by 1% and say this means I now need 3 full models to achieve the performance of the snapshot ensemble. Then my speedup would only be factor 1.5 (300 compared to 450). Now of course these numbers are made up. My point is only that it looks like one could easily train the network in a lot less than 300 epochs while only suffering a minor loss in accuracy which would be more than compensated for via ensembling. And if that is the case, then strategy B would be, by definition, a weak baseline, as there would exist another baseline of equal conceptual complexity that performs much better.\n\nDon't get me wrong, if strategy C indeed doesn't work, then I think comparing to strategy B is ok (not a fatal flaw). However, I think it would be a significant weakness.\n\n**\"at no additional cost\"**\n\nYou state:\n\n\"Our statement that we don't incur any additional cost was made in the context that we focus on the (common) setting where you stop after a fixed budget of T epochs\"\n\nI don't understand this statement, because to me cost and budget are synonymous. I don't understand how one can incur no additional cost in the setting where there is a fixed cost. What cost, if not training time, are you referring to? \n\nI think the main claim of the paper could be worded more clearly. (At this moment, I don't fully understand what it is.)\n\nFurther you state:\n\n\"The training loss of the cosine schedule is indeed higher (see Figure 2), whereas the test error is lower (very left point of Figure 4).\"\n\nIn my original comment, I indeed got mixed up between training and test error. Thank you for pointing this out.\n\nWhat about Figure 3 though? The leftmost blue bar is above the red dashed line. Does that not mean that the test error for the cosine schedule is higher? If so, you can only claim that the test error is **sometimes** lower for the cosine schedule (DenseNet-40) but sometimes higher (DenseNet-100). I think this point needs to be expanded on in the paper, as it is important to your claim that there are no downsides to using the cosine schedule.\n\n\nSUMMARY:\n\nI think the following needs to be included in the paper:\n\n - comparison with strategy C (see my original comment)\n - comparison of how the final test error of the cosine schedule compares with the final test error of the traditional schedule after 300 epochs. Some information can be gleaned from Figures 3 and 4, but I would include the information as en extra line in Table 1 and discuss the difference in performance in the main text. After all, this difference in performance is incurred by whoever chooses to train a snapshot ensemble, and therefore it is significant. \n\nIn addition, I would like to see at least one training curve of test error for both schedules in the style of Figure 2 and I would like some clarification on what \"no additional cost\" means when it doesn't refer to training time.\n\n\n\nAgain, thank you so much for your reply. I hope I am adding to (rather than detracting from) clarity for everyone involved.\n\nGeorge"}, {"reviewer": "George Philipp", "Comment": "Dear Dr Weinberger,\n\nThank you for your response.\n\n**Strategy C**\n\nThe fact that ensembling 50-epoch models does not work is surprising to me, because of Figure 2. Figure 2 indicates to me that the model trained with the cosine schedule is already pretty good after 50 epochs. Hmmm ... do I fail to read Figure 2 correctly? Figure 2 looks to me that the benefit of running multiple 50-epoch cosine cycles is not even that dramatic. I would be very interested in seeing the curve of test error over time, or even just a list of the form \"test error after 50 epochs\", \"test error after 100 epochs\", etc. for both the cosine and traditional schedules.\n\nOf course, I still think that including the actual numbers for strategy C is absolutely necessary.\n\n**Strategy B as a baseline**\n\nLet me clarify my position on this. I agree that comparing the snapshot ensemble with a full ensemble of extensively trained models (strategy B) is relevant and interesting and Figure 4 is indeed valuable. (Contrary to what I said in my original comment.)\n\nHowever, I still believe that it is a weak baseline, because your paper is chiefly concerned with runtime. It appears to me that strategy B is concerned chiefly with test error of the final model, not with runtime. Therefore, it is a weak baseline to use strategy B in any kind of runtime comparison. \n\nRight now, the snapshot ensemble achieves performance comparable to that of 2.5 models fully trained with strategy B. This is a speedup of factor 2.5 (300 epochs for the snapshot ensemble, 750 epochs for the full ensemble), which is essentially your flagship result.\n\nBut what if I shortened strategy B to 150 epochs. Say this reduces the final test error by 1% and say this means I now need 3 full models to achieve the performance of the snapshot ensemble. Then my speedup would only be factor 1.5 (300 compared to 450). Now of course these numbers are made up. My point is only that it looks like one could easily train the network in a lot less than 300 epochs while only suffering a minor loss in accuracy which would be more than compensated for via ensembling. And if that is the case, then strategy B would be, by definition, a weak baseline, as there would exist another baseline of equal conceptual complexity that performs much better.\n\nDon't get me wrong, if strategy C indeed doesn't work, then I think comparing to strategy B is ok (not a fatal flaw). However, I think it would be a significant weakness.\n\n**\"at no additional cost\"**\n\nYou state:\n\n\"Our statement that we don't incur any additional cost was made in the context that we focus on the (common) setting where you stop after a fixed budget of T epochs\"\n\nI don't understand this statement, because to me cost and budget are synonymous. I don't understand how one can incur no additional cost in the setting where there is a fixed cost. What cost, if not training time, are you referring to? \n\nI think the main claim of the paper could be worded more clearly. (At this moment, I don't fully understand what it is.)\n\nFurther you state:\n\n\"The training loss of the cosine schedule is indeed higher (see Figure 2), whereas the test error is lower (very left point of Figure 4).\"\n\nIn my original comment, I indeed got mixed up between training and test error. Thank you for pointing this out.\n\nWhat about Figure 3 though? The leftmost blue bar is above the red dashed line. Does that not mean that the test error for the cosine schedule is higher? If so, you can only claim that the test error is **sometimes** lower for the cosine schedule (DenseNet-40) but sometimes higher (DenseNet-100). I think this point needs to be expanded on in the paper, as it is important to your claim that there are no downsides to using the cosine schedule.\n\n\nSUMMARY:\n\nI think the following needs to be included in the paper:\n\n - comparison with strategy C (see my original comment)\n - comparison of how the final test error of the cosine schedule compares with the final test error of the traditional schedule after 300 epochs. Some information can be gleaned from Figures 3 and 4, but I would include the information as en extra line in Table 1 and discuss the difference in performance in the main text. After all, this difference in performance is incurred by whoever chooses to train a snapshot ensemble, and therefore it is significant. \n\nIn addition, I would like to see at least one training curve of test error for both schedules in the style of Figure 2 and I would like some clarification on what \"no additional cost\" means when it doesn't refer to training time.\n\n\n\nAgain, thank you so much for your reply. I hope I am adding to (rather than detracting from) clarity for everyone involved.\n\nGeorge"}, {"reviewer": "Gavin Brown", "Comment": "Thanks for pointing us towards this paper. It looks like this is yet another publication that invented the baseline we compare against (Table 1, also see comment on Horizontal Ensemble below). This may now be the oldest citation for that baseline that we are aware of. We will definitely cite it in the final version. "}, {"reviewer": "Bing Xu", "Comment": "Good comment!"}, {"reviewer": "(anonymous)", "Comment": "(Responding in place of the lead, authors who are traveling.)\n\nThe focus of this paper is primarily a method to obtain an (approximate) ensemble of neural networks. The size of the images is unlikely to impact this procedure. It is also not clear how larger data sets (e.g. ImageNet) would make our contribution more or less novel.\n\nThere is the temptation in machine learning to propose complicated \"highly novel\" approaches - many of which are never adopted and often similar results can be achieved by much simpler (possibly harder to publish) alternatives. In contrast, we explicitly tried to identify the simplest approach to make Snapshot ensembles work, something that several researchers have tried before us (with limited success). We are fully aware that there is the danger that readers may expect to see a big complicated solution, but we hope that by keeping things simple we can get more people to understand the paper and ultimately maybe implement it. The unusually large number of comments may suggest we are on the right track. \u00a0:-)\n\n-Kilian"}, {"reviewer": "ICLR 2017 conference AnonReviewer3", "Review": "This work develops a method to quickly produce an ensemble of deep networks that outperform a single network trained for an equivalent amount of time. The basis of this approach is to use a cyclic learning rate to quickly settle the model into a local minima and saving a model snapshot at this time before quickly raising the learning rate to escape towards a different minima's well of attraction. The resulting snapshots can be collected throughout a single training run and achieve reasonable performance compared to baselines and have some of the gains of traditional ensembles (at a much lower cost). \n\nThis paper is well written, has clear and informative figures/tables, and provides convincing results across a broad range of models and datasets. I especially liked the analysis in Section 4.4.  The publicly available code to ensure reproducibility is also greatly appreciated.\n\nI would like to see more discussion of the accuracy and variability of each snapshot and further comparison with true ensembles.\n\nPreliminary rating:\nThis is an interesting work with convincing experiments and clear writing. \n\nMinor note:\nWhy is the axis for lambda from -1 to 2 in Figure 5 where lambda is naturally between 0 and 1.", "Rating": "9: Top 15% of accepted papers, strong accept", "Confidence": "4: The reviewer is confident but not absolutely certain that the evaluation is correct", "Comment": "Thanks for the positive comments. We will provide more detailed analysis about the individual model snapshots, and more comparisons with true ensembles in the final version.\n\nWe agree that for lambda the most interesting values are between 0 and 1. We will update the figures in the final version."}, {"reviewer": "ICLR 2017 conference AnonReviewer2", "Review": "I don't have much to add to my pre-review questions. The main thing I'd like to see that would strengthen my review further is a larger scale evaluation, more discussion of the hyperparameters, etc. Where test error are reported for snapshot ensembles it would be useful to report statistics about the performance of individual ensemble members for comparison (mean and standard deviation, maybe best single member's error rate).", "Rating": "7: Good paper, accept", "Confidence": "5: The reviewer is absolutely certain that the evaluation is correct and very familiar with the relevant literature", "Comment": "Thanks for the suggestions. We will include statistics about the individual ensemble members, and evaluate our method on a larger data set, e.g., ImageNet."}, {"reviewer": "ICLR 2017 conference AnonReviewer1", "Review": "The work presented in this paper proposes a method to get an ensemble of neural networks at no extra training cost (i.e., at the cost of training a single network), by saving snapshots of the network during training. Network is trained using a cyclic (cosine) learning rate schedule; the snapshots are obtained when the learning rate is at the lowest points of the cycles. Using these snapshot ensembles, they show gains in performance over a single network on the image classification task on a variety of datasets.\n\n\nPositives:\n\n1. The work should be easy to adopt and re-produce, given the simple techinque and the experimental details in the paper.\n2. Well written paper, with clear description of the method and thorough experiments.\n\n\nSuggestions for improvement / other comments:\n\n1. While it is fair to compare against other techniques assuming a fixed computational budget, for a clear perspective, thorough comaprisons with \"true ensembles\" (i.e., ensembles of networks trained independently) should be provided.\nSpecificially, Table 4 should be augmented with results from \"true ensembles\".\n\n2. Comparison with true ensembles is only provided for DenseNet-40 on CIFAR100 in Figure 4. The proposed snapshot ensemble achieves approximately 66% of the improvement of \"true ensemble\" over the single baseline model. This is not reflected accurately in the authors' claim in the abstract: \"[snapshot ensembles] **almost match[es]** the results of far more expensive independently trained [true ensembles].\"\n\n3. As mentioned before: to understand the diversity of snapshot ensembles, it would help to the diversity against different ensembling technique, e.g. (1) \"true ensembles\", (2) ensembles from dropout as described by Gal et. al, 2016 (Dropout as a Bayesian Approximation).", "Rating": "8: Top 50% of accepted papers, clear accept", "Confidence": "3: The reviewer is fairly confident that the evaluation is correct", "Comment": "Thanks for the detailed suggestions. \n\n1. We agree that \u201ctrue ensemble\u201d results are important as they can be viewed as a lower bound of the test error given by Snapshot Ensemble. We\u2019ll include more of those in the final version. \n\n2. Thanks for pointing out this. We will fix it in the revision.\n\n3. Thanks, we will add those comparisons. \n"}, {"reviewer": "ICLR 2017 conference AnonReviewer1", "Question": "1. In Figure 6, the diversity of activations is studied with respect to different learning rate schedules. It would be interesting to see how this diversity, which is key for ensembles, compares with a different ensembling technique, e.g. (1) \"true ensembles\", (2) ensembles from dropout as described by Gal et. al, 2016 (Dropout as a Bayesian Approximation).\n\n2. In Table 2 (pg. 7), is the evaluation done using just the final snapshot or an ensemble? If using an ensemble, please specify the size of the ensemble (m) for clarity.\n", "Comment": "1. Thanks for the suggestion. We will include the result for \u201ctrue ensembles\u201d, and try to compare with ensembles from dropout.\n\n2. It is the ensemble result. The ensemble size is shown in the first column. We will make this clearer."}, {"reviewer": "ICLR 2017 conference AnonReviewer2", "Question": "- A trivial way to obtain equivalent local minima is to permute the hidden units. Have you thought about ways to discourage this? (I'd be interested to what degree this happens, which might be measured by comparing activations in sorted order or something like that.)\n- It seems on first glance difficult to evaluate hyperparameter choices when you're intentionally allowing the objective function to grow. Can you comment on the feasibility of hyperparameter search in this model class? One particular (perhaps obvious) improvement that as far as I can tell isn't mentioned is that, at each convergence, the new member's validation set predictions can be saved and a running sum/average maintained, enabling cheap computation and monitoring of the *ensemble* validation error.\n- Is it necessary to enable re-training of the entire model with the cycled learning rates or would a few of the top layers suffice?\n\nA small comment: please consider that your figures may be read in grayscale (or by the colorblind) and try to make them legible without relying on color.\n", "Comment": "1. Such equivalent local minima will ultimately lead to identical softmax predictions, although they are difficult to be observed from the hidden layers. According to our Snapshot Ensemble results, the models obtained from different learning rate cycles should have give very different softmax predictions. Hence we can safely conclude that the trivial solutions did not occur in our experiments. Probably they are automatically discouraged by the randomness of the SGD algorithm and the high dimensionality of the parameter space.\n\n2. This is an interesting point. We did not emphasize the hyperparameter selection method in our manuscript because we simply re-used the settings of training a single model. One would expect a set of particularly tuned hyperparameters will further improve the ensemble performance. In that case, we may use your suggest idea to perform hyperparameter selection.\n\n3. We tried this in an earlier experiment, but it did not perform as well as retraining the entire model. Moreover, it is less straightforward to implement and does not necessarily save much training time when data augmentation is used. So we opted out this choice.\n\n "}, {"reviewer": "Dmytro Mishkin", "Comment": "Thanks for pointing us to these papers. They are indeed very relevant (it is hard to keep track these days.) We'll definitely reference those in our updated version. \n\nEssentially they are using what we compare against as our baseline - ensembling intermediate networks along the optimization path with a standard learning rate schedule (see \"NoCycle Snapshot Ensemble\" in Table 1). This works, but the cyclic learning rate schedule makes quite a difference, as shown by our results.\n\nIt might also be interesting to see if these papers would get better results if they switched to the SGDR cosine annealing learning rate schedule. "}, {"reviewer": "Gao Huang", "Comment": "Thanks for pointing us to these papers. They are indeed very relevant (it is hard to keep track these days.) We'll definitely reference those in our updated version. \n\nEssentially they are using what we compare against as our baseline - ensembling intermediate networks along the optimization path with a standard learning rate schedule (see \"NoCycle Snapshot Ensemble\" in Table 1). This works, but the cyclic learning rate schedule makes quite a difference, as shown by our results.\n\nIt might also be interesting to see if these papers would get better results if they switched to the SGDR cosine annealing learning rate schedule. "}, {"reviewer": "(anonymous)", "Comment": "Thank you for explaining this. I look forward to seeing the additional comparisons."}, {"reviewer": "(anonymous)", "Comment": "Thank you for explaining this. I look forward to seeing the additional comparisons."}], "url": "/pdf?id=BJYwwY9ll"}