{"paper_id": "ByZvfijeg", "header": "Higher Order Recurrent Neural Networks", "abstract": "we study novel neural network structures to better model long term dependency in sequential data", "reviews": [{"reviewer": "ICLR 2017 pcs", "Comment": "Paper presents the idea of using higher order recurrence in LSTMs. The ideas are well presented and easy to follow.\n However, the results are far from convincing, easily being below well established numbers in the domain. Since the mode is but a very simple extension of the baseline recurrent models using LSTMs that are state of the art on language modelling, it should have been easy to make a fair comparison by replacing the LSTMs of the state of the art models with higher order versions, but the authors did not do that. Their claimed numbers for SOTA are far from previously reported numbers in that setup, as pointed out by reviewers.", "Decision": "Reject"}, {"reviewer": "ICLR 2017 conference AnonReviewer1", "Review": "The authors of the paper explore the idea of incorporating skip connections *over time* for RNNs. Even though the basic idea is not particularly innovative, a few proposals on how to merge that information into the current hidden state with different pooling functions are evaluated. The different models are compared on two popular text benchmarks.\n\nSome points.\n\n1) The experiments feature only NLP and only prediction tasks. It would have been nice to see the models in other domains, i.e. modelling a conditional distribution p(y|x), not only p(x). Further, sensory input data such as audio or video would have given further insight.\n\n2) As pointed out by other reviewers, it does not feel as if the comparisons to other models are fair. SOTA on NLP changes quickly and it is hard to place the experiments in the complete picture.\n\n3) It is claimed that this helps long-term prediction. I think the paper lacks a corresponding analysis, as pointed out in an earlier question of mine.\n\n4)  It is claimed that LSTM trains slow and is hard to scale. For one does this not match my personal experience. Then, the prevalence of LSTM systems in production systems (e.g. Google, Baidu, Microsoft, \u2026) clearly speaks against this.\n\n\nI like the basic idea of the paper, but the points above make me think it is not ready for publication.\n", "Rating": "4: Ok but not good enough - rejection", "Confidence": "4: The reviewer is confident but not absolutely certain that the evaluation is correct"}, {"reviewer": "ICLR 2017 conference AnonReviewer3", "Review": "I think the backbone of the paper is interesting and could lead to something potentially quite useful. I like the idea of connecting signal processing with recurrent network and then using tools from one setting in the other. However, while the work has nuggets of very interesting observations, I feel they can be put together in a better way. \nI think the writeup and everything can be improved and I urge the authors to strive for this if the paper doesn't go through. I think some of the ideas of how to connect to the past are interesting, it would be nice to have more experiments or to try to understand better why this connections help and how.", "Rating": "6: Marginally above acceptance threshold", "Confidence": "4: The reviewer is confident but not absolutely certain that the evaluation is correct"}, {"reviewer": "ICLR 2017 conference AnonReviewer2", "Review": "This paper proposes an idea of looking n-steps backward when modelling sequences with RNNs. The proposed RNN does not only use the previous hidden state (t-1) but also looks further back ( (t - k) steps, where k=1,2,3,4 ). The paper also proposes a few different ways to aggregate multiple hidden states from the past.\n\n\nThe reviewer can see few issues with this paper.\n\nFirstly, the writing of this paper requires improvement. The introduction and abstract are wasting too much space just to explain unrelated facts or to describe already well-known things in the literature. Some of the statements written in the paper are misleading. For instance, it explains, \u201cAmong various neural network models, recurrent neural networks (RNNs) are appealing for modeling sequential data because they can capture long term dependency in sequential data using a simple mechanism of recurrent feedback\u201d and then it says RNNs cannot actually capture long-term dependencies that well. RNNs are appealing in the first place because they can handle variable length sequences and can model temporal relationships between each symbol in a sequence. The criticism against LSTMs is hard to accept when it says: LSTMs are slow and because of the slowness, they are hard to scale at larger tasks. But we all know that some companies are already using gigantic seq2seq models for their production (LSTMs are used as building blocks in their systems). This indicates that the LSTMs can be practically used in a very large-scale setting.\n\n\nSecondly, the idea proposed in the paper is incremental and not new to the field. There are other previous works that propose to use direct connections to the previous hidden states [1]. However, the previous works do not use aggregation of multiple number of previous hidden states. Most importantly, the paper fails to deliver a proper analysis on whether its main contribution is actually helpful to improve the problem posed in the paper. The new architecture is said that it handles the long-term dependencies better, however, there is no rigorous proof or intuitive design in the architecture that help us to understand why it should work better. By the design of the architecture, and speaking in very high-level, it seems like the model maybe helpful to mitigate the vanishing gradients issue by a linear factor. It is always a good practice to have at least one page to analyze the empirical findings in the paper.\n\n\nThirdly, the baseline models used in this paper are very weak. Their are plenty of other models that are trained and tested on word-level language modelling task using Penn Treebank corpus, but the paper only contains a few of outdated models. I cannot fully agree on the statement \u201cTo the best of our knowledge, this is the best performance on PTB under the same training condition\u201d, these days, RNN-based methods usually score below 80 in terms of the test perplexity, which are far lower than 100 achieved in this paper.\n\n\n[1] Zhang et al., \u201cArchitectural Complexity Measures of Recurrent Neural Networks\u201d, NIPS\u201916\n", "Rating": "3: Clear rejection", "Confidence": "4: The reviewer is confident but not absolutely certain that the evaluation is correct"}, {"reviewer": "ICLR 2017 conference AnonReviewer1", "Question": "One of the claims of the paper is improved long-term modelling. This hypothesis is only tested on symbolic tasks, which do not necessarily contain such phenomena.\n\nCan you support that claim further? The experiment do not seem to indicate, and a mathematical analysis of the vanishing and exploding gradients problem (e.g. see Pascanu \"On the difficulty of training RNNs\") is lacking.", "Comment": "LM needs to model how the current word depends on the preceding words (at least 4-5 words or more) which is one of the complex tasks in capturing long-term dependency. HORNNs models were designed to combat vanishing gradients through its higher order connections. Due to the introduced short-cut paths in HORNNs, more historic information may directly flow to the computation at the current time instance. This may help to improve the model in capturing longer dependency information in the past.\n\nBy using its pooling/gating mechanism HORNN Models tries to review the information stored in the memory at each previous time step and pick the relevant information to help generate the outputs. We can see the gated HORNN as some sorts of attention models over previous representations of the history. those gates determine the region of focus in the memory of the network (i.e., previous hidden states) in which the model can access the information stored in the memory from previous time steps and pick the relevant information.\n\nThe analysis in (Pascanu \"On the difficulty of training RNNs\u201d) is applicable to HORNNs since HORNNs are still RNNs but just higher-order extension. It may take a bit more complex form. We haven\u2019t repeated this exercise for HORNNs yet."}, {"reviewer": "ICLR 2017 conference AnonReviewer2", "Question": "I am sorry for posting my question a bit late. Here is my question for you.\nIn character-level LM, the SOTA performance changes quickly every year (monthly based). Also, for a very basic baseline model such as vanilla LSTM, the performance could change a lot by simply adding recently developed training techniques. Same thing could happen here as well. I am a bit concerned that most of the baseline models in the tables are quite old (2011-2014). Have you try training a vanilla LSTM model using all of the recent techniques? I am basically asking if you have trained an LSTM model using exactly the same setting that HORNNs were trained with. ", "Comment": "Thank you for your question.\nBoth LSTM and HORNNs are all trained using the exactly setting. Here we compare our models with other RNN models that have tried to capture longer term dependency in sequential data. Using recent training techniques (like Dropout, BatchNorm,..) we can get better results from all of these models (including HORNNs). Although in this paper we just compare the HORNN model with other models without these training techniques to demonstrate the performance of the proposed model.\nDespite the recent progress in character-level LMs, the word-level LMs still maintain the SOAT in these tasks in terms of perplexity. I have Updated the table containing the results."}, {"reviewer": "ICLR 2017 conference AnonReviewer3", "Question": "Hi, sorry for the delay in posting the question.\n\nAn interesting read, and I think an interesting idea. I have a question about the motivation. In the introduction/abstract you mention signal processing which seems a very natural and interesting way of viewing this paper. However except mentioning it there is nothing more. Is there a stronger connection going here? Can I think of the HORNN say by thinking about band-pass filters or anything like that. Was there any attempt done to understand how it uses this previous time steps h_{t-2} .. \n\nAlso there is an underlying assumption that HORNN could deal better with long term issues. Why? When you connect back up to h_{t-k}, is your intention for that k to be large? Just because I have direct access to the last 3, 4 steps is not clear to me how it can help with long term memory. I mean you have some empirical evidence, but the improvement might be for completely different reasons, right? ", "Comment": "Conceptually speaking, the extra links are similar to high-order filters in signal processing. But the coefficients here are all matrices not scalars. It may be hard to analyze the property of these learned matrix-based 'filters'.\n\nIt is based on two observations: 1) in forward pass, more far-away historic hidden activations can participate in the computation at each time instant directly through these short-cut paths, rather than only going through more layers along the traditional path. 2) in backward pass, error signals can flow back more effectively to the past time steps via these short-cut paths as well, leading to better learning of the more distant information in history, which span a longer term in time.\n"}], "url": "/pdf?id=ByZvfijeg"}