{"paper_id": "HkCjNI5ex", "header": "Regularizing Neural Networks by Penalizing Confident Output Distributions", "abstract": "We show that penalizing low entropy output distributions, which has been shown to improve exploration in reinforcement learning, acts as a strong regularizer in supervised learning.", "reviews": [{"reviewer": "ICLR 2017 pcs", "Decision": "Accept"}, {"reviewer": "ICLR 2017 workshop AnonReviewer2", "Review": "The paper proposes using confidence as a term for regularization in neural networks, helping to prevent overfitting by penalizing overly confident predictions.  The experiments range across a number of fields and architectures, helping to show both the generality of the technique and where it appears to be most helpful.\n\nThe work and experiments are rather detailed and exhaustive, especially when delving in to the Appendix for specific details of the various experiments. The confidence penalty regularization is compared to and combined with dropout and label smoothing. I do agree with another reviewer that some of the baseline systems are weaker than others. Seeing an LSTM used without recurrent dropout (variational dropout, zoneout, ...) as a baseline for language modeling is unfortunate for example. Even with that acknowledged, the results and analysis over a variety of datasets is enough to convince me of the capability of confidence penalization as a regularization technique.\n\nOverall, I think the paper makes a good contribution to the knowledge and application of various smoothing techniques and introduces the benefits of confidence penalization as a competing and/or complementary regularization technique. The paper is clearly written and detailed in the number and variety of experiments performed.", "Rating": "7: Good paper, accept", "Confidence": "4: The reviewer is confident but not absolutely certain that the evaluation is correct"}, {"reviewer": "ICLR 2017 workshop AnonReviewer1", "Review": "The paper proposes to add a regularizing term to the objective function which penalizes the estimation of distributions with small entropy. It is one of these small tricks that were tried out by various groups even though only few people mention it in publications because the changes in performance are small and the additional hyperparameter makes it unattractive. This is also reflected in the paper here, as the improvements are very small compared to the baselines and usually vanish if more care is taking w.r.t. traditional regularization approaches. \n\nFurther remarks:\n\n- The evaluation is done on a broad spectrum of tasks, but the selections of the baseline systems is questionable. Especially on WSJ, there is no good reason to take an attention based seq2seq model but not also a network trained in a hybrid fashion or with CTC. Especially the CTC experiment would have been of great interest since the criterion tends to favor sharp probabilities.\n\n- A theoretical perspective on the convergence is not well established and a proper justification why this is should be able to improve neural network training is missing (except for the norms of the gradients on MNIST).  If the argument is that gradients saturate too quickly if probabilities go too high then I would like to see an experiment with the squared error criterion as comparison, where this effect is not that large. \n\nIn total I appreciate the work and broad evaluation but would suggest to include this method in a larger comparison paper that describes several of these tricks. The paper is well written and certainly correct, and the required scope is clearly limited within a workshop. Yet I would like to see some of the points here addressed before recommending acceptance. ", "Rating": "5: Marginally below acceptance threshold", "Confidence": "5: The reviewer is absolutely certain that the evaluation is correct and very familiar with the relevant literature", "Comment": "Thank you for the careful review and helpful feedback.\n\n1) Yes, we agree that in some cases, more competitive baselines exist. There was a tradeoff in implementing state-of-the-art baselines with all of the bells and whistles and trying the technique across multiple domains and different model architectures. For this workshop submission, we decided it would of more interest to focus on broadly evaluating the technique, but we see the merit of the other approach too. \n\nPreliminary results of label smoothing with the CTC objective yielded a small improvement when no language model was used. We smoothed all non-blank tokens at all timesteps using an auxiliary cost function. However, note that unlike the seq2seq networks that directly output next-token predictions, CTC comes with its own loss function and it is not obvious how to best apply the smoothing - Do you force a smooth distribution of the non-blank tokens? Do you smooth the blank? Do you extract alignments and only smooth the emission locations, or you indiscriminately smooth all locations? Furthermore, CTC needs a language model for optimal decoding. This will need to be tuned together with smoothing. Exploring CTC and label smoothing is thus an interesting topic, but may be of more interest to a speech focused venue, and treating it thoroughly exceeds the 3-page limitation of the workshop.\n\n2) We agree that the theoretical justification is mostly speculative (our primary contribution is the extensive empirical evaluation), however, as you suggest, we hypothesize that it is due to gradients saturating. We notice that once an example is correctly predicted, the only way to increase the log likelihood is to make the prediction sharper. Hence the outputs become uncalibrated and unless capacity is controlled in some way, the network will put very sharp distributions on its predictions. These regularizers prevent this behavior. Moreover, the Inception paper notes that the gradient vanishes on confident correctly predicted samples. This does not happen with label smoothing and the confidence penalty, which means that we do get some training signal for the lower layers even on correct predictions. This may improve data efficiency when doing multiple epochs (normally during the later passes only the few samples that the net doesn\u2019t get confidently have any influence). This is similar to the trick from Yann LeCun\u2019s \u201cEfficient Backprop\u201d in which the hyperbolic tangent was used on the output of the net, but it was scaled to have a range of [-1.1, 1.1], while the targets were +-1. Thus the net was never driven into saturation. \n\nCan you clarify the experiment you're suggesting to test this? Do you mean a regression task or classification with sigmoid outputs and L2 loss?\n\nA second point is that for misclassified examples, the network can get large gradients which may slow training. The confidence penalty would encourage the model to place mass on all classes, which would reduce the norm of these gradients, which is confirmed in the plot of the gradient norm. \n\nLastly, we can interpret our approach as a regularizer encouraging the predictive distribution to be close to uniform. So, when the model has little evidence it is regularized to the uniform, however, when sufficient evidence is accumulated, the predictive distribution matches the data.\n\n"}], "url": "/pdf?id=HyhbYrGYe"}