{"paper_id": "HkwoSDPgg", "header": "Semi-supervised Knowledge Transfer for Deep Learning from Private Training Data", "abstract": "Semi-supervised learning of a privacy-preserving student model with GANs by knowledge transfer from an ensemble of teachers trained on partitions of private data.", "reviews": [{"reviewer": "ICLR 2017 pcs", "Comment": "The paper presents a general teacher-student approach for differentially-private learning in which the student learns to predict a noise vote among a set of teachers. The noise allows the student to be differentially private, whilst maintaining good classification accuracies on MNIST and SVHN. The paper is well-written.", "Decision": "Accept (Oral)"}, {"reviewer": "(anonymous)", "Comment": "Auxiliary input in definition 2 represents any input other than the database that goes into the mechanism. E.g. in our setting, the aux input may be a point that the student wants labeled by the teachers in a differentially private way.\n\nIn general, such inputs could be taken to be part of the definition of the mechanism M, but in cases when the algorithm is adaptive, a formal privacy analysis requires that it be part of the input. This is so for a technical reason: to analyze the total privacy cost, we need the mechanism definition to not depend on the database. In our setting, the student needs a new point to be labeled, and in general, this point may depend on the labels the student received on the previous points (e.g. if using low confidence points using the student in Section C.2). Since our moments analysis allows for an auxiliary input, we can handle this adaptivity easily."}, {"reviewer": "(anonymous)", "Comment": "The generator network is a separately parameterized model. It is created and trained at the same time as the student network.\n\nThe teachers can't be the generator. The teachers take an image as input and produce a label as output. The generator needs to take noise as input and produce an image as output."}, {"reviewer": "(anonymous)", "Comment": "1. The first three questions in your comment refer to the attack model that we protect against. This is an important and subtle question. Differential privacy is the strongest existing definition of privacy for which we know of any methods of getting utility. The precise semantics say that no matter what the adversary knows (e.g., all of the training data except one example), she does not learn anything about any specific example that she could not have learnt if we omitted this example from the training data. This has strong implications. In particular, it protects against the second attacker model in your first question: the attacker cannot test whether a particular sample is in the training data. Moreover, even if the attacker has partial training data, they cannot reconstruct the rest. The precise implications of differential privacy are well-understood and exhaustively discussed in the privacy community. A full discussion of this is beyond the scope of this work and we refer interested readers to "}, {"reviewer": "ICLR 2017 conference AnonReviewer1", "Review": "This paper addresses the problem of achieving differential privacy in a very general scenario where a set of teachers is trained on disjoint subsets of sensitive data and the student performs prediction based on public data labeled by teachers through noisy voting. I found the approach altogether plausible and very clearly explained by the authors. Adding more discussion of the bound (and its tightness) from Theorem 1 itself would be appreciated. A simple idea of adding perturbation error to the counts, known from differentially-private literature, is nicely re-used by the authors and elegantly applied in a much broader (non-convex setting) and practical context than in a number of differentially-private and other related papers. The generality of the approach, clear improvement over predecessors, and clarity of the writing makes the method worth publishing.", "Rating": "9: Top 15% of accepted papers, strong accept", "Confidence": "4: The reviewer is confident but not absolutely certain that the evaluation is correct", "Comment": "Thank you for your encouraging review. In the revised version of our paper posted today, we added more context to the bound on the moment generating function provided in Theorem 1. Our analysis is rather conservative in that it pessimistically assumes that, even if just one example in the training set for one teacher changes, the classifier produced by that teacher may change arbitrarily. Therefore, our analysis does not require any assumptions about the workings of the teachers; we regard this point as an advantage of our approach. Nevertheless, we expect that stronger privacy guarantees may perhaps be established. We will add a discussion of this subject to the paper.\n"}, {"reviewer": "ICLR 2017 conference AnonReviewer3", "Review": "This paper discusses how to guarantee privacy for training data. In the proposed approach multiple models trained with disjoint datasets are used as ``teachers'' model, which will train a ``student'' model to predict an output chosen by noisy voting among all of the teachers. \n\nThe theoretical results are nice but also intuitive. Since teachers' result are provided via noisy voting, the student model may not duplicate the teacher's behavior. However, the probabilistic bound has quite a number of  empirical parameters, which makes me difficult to decide whether the security is 100% guaranteed or not.\n\nThe experiments on MNIST and SVHN are good. However, as the paper claims, the proposed approach may be mostly useful for sensitive data like medical histories, it will be nice to conduct one or two experiments on such applications. ", "Rating": "7: Good paper, accept", "Confidence": "3: The reviewer is fairly confident that the evaluation is correct", "Comment": "Thank you for your time and for your review. \n\nAs in other work on differential privacy, we provide probabilistic guarantees, and these are parameterized to make trade-offs explicit. Our method provides a lower probability of privacy failure than other methods at comparable utility. (You may find a detailed explanation of the different parameters of our analysis in our answer dated from November 22nd on OpenReview.)\n\nAn important advantage of MNIST and SVHN, at this stage of development of the field, is that they enable rapid experimentation and benchmarking---no dataset that contains sensitive data or that imitates sensitive data seems to be a standard \"fruit fly\" to the same degree. However, to further demonstrate the applicability of our approach to other natural data types, like the ones encountered in medical applications, we have followed your excellent suggestion of looking at specific applications using medical data. For this purpose we have performed additional experiments on the UCI Diabetes dataset, and have added the results to the new, revised version of our submission. The results show that our approach can apply well to medical data, and provide strong, meaningful privacy guarantees without reducing the accuracy of key medical-domain tasks, such as diagnostic classification and relapse prediction ["}, {"reviewer": "ICLR 2017 conference AnonReviewer2", "Review": "Altogether a very good paper, a nice read, and interesting. The work advances the state of the art on differentially-private deep learning, is quite well-written, and relatively thorough.\n\nOne caveat is that although the approach is intended to be general, no theoretical guarantees are provided about the learning performance. Privacy-preserving machine learning papers often analyze both the privacy (in the worst case, DP setting) and the learning performance (often under different assumptions). Since the learning performance might depend on the choice of architecture; future experimentation is encouraged, even using the same data sets, with different architectures. If this will not be added, then please justify the choice of architecture used, and/or clarify what can be generalized about the observed learning performance.\n\nAnother caveat is that the reported epsilons are not those that can be privately released; the authors note that their technique for doing so would change the resulting epsilon. However this would need to be resolved in order to have a meaningful comparison to the epsilon-delta values reported in related work.\n\nFinally, as has been acknowledged in the paper, the present approach may not work on other natural data types. Experiments on other data sets is strongly encouraged. Also, please cite the data sets used.\n\nOther comments:\n\nDiscussion of certain parts of the related work are thorough. However, please add some survey/discussion of the related work on differentially-private semi-supervised learning. For example, in the context of random forests, the following paper also proposed differentially-private semi-supervised learning via a teacher-learner approach (although not denoted as \u201cteacher-learner\u201d). The only time the private labeled data is used is when learning the \u201cprimary ensemble.\u201d  A \"secondary ensemble\" is then learned only from the unlabeled (non-private) data, with pseudo-labels generated by the primary ensemble.\n\nG. Jagannathan, C. Monteleoni, and K. Pillaipakkamnatt: A Semi-Supervised Learning Approach to Differential Privacy. Proc. 2013 IEEE International Conference on Data Mining Workshops, IEEE Workshop on Privacy Aspects of Data Mining (PADM), 2013.\n\nSection C. does a nice comparison of approaches. Please make sure the quantitative results here constitute an apples-to-apples comparison with the GAN results. \n\nThe paper is extremely well-written, for the most part. Some places needing clarification include:\n- Last paragraph of 3.1. \u201call teachers\u2026.get the same training data\u2026.\u201d This should be rephrased to make it clear that it is not the same w.r.t. all the teachers, but w.r.t. the same teacher on the neighboring database.\n- 4.1: The authors state: \u201cThe number n of teachers is limited by a trade-off between the classification task\u2019s complexity and the available data.\u201d However, since this tradeoff is not formalized, the statement is imprecise. In particular, if the analysis is done in the i.i.d. setting, the tradeoff would also likely depend on the relation of the target hypothesis to the data distribution.\n- Discussion of figure 3 was rather unclear in the text and caption and should be revised for clarity. In the text section, at first the explanation seems to imply that a larger gap is better (as is also indicated in the caption). However later it is stated that the gap stays under 20%. These sentences seem contradictory, which is likely not what was intended.", "Rating": "9: Top 15% of accepted papers, strong accept", "Confidence": "4: The reviewer is confident but not absolutely certain that the evaluation is correct", "Comment": "Thank you for your time and for your review. \n\nCurrent deep learning models do not come with any accuracy guarantees, unfortunately. In particular, for tasks such as MNIST and SVHN, none of the state-of-the-art methods, even those not concerned about privacy, provide accuracy guarantees. With our current level of theoretical understanding, performance in terms of accuracy has to be established empirically, as is current practice in ML research, and as we have done here.  \n\nIn order to further demonstrate the general applicability of our approach, we performed experiments on two additional datasets. The UCI Adult dataset is made up of census data, and the task is to predict when individuals make over $50k per year. The UCI Diabetes dataset includes de-identified records of diabetic patients and corresponding hospital outcomes, which we use to predict whether diabetic patients where readmitted less than 30 days after their hospital release. We looked at the UCI datasets because some of them appear in previous papers on privacy; among the many UCI datasets, in the limited time available, we quickly decided to study two that looked interesting. These UCI datasets seemed at least reasonable, and not random, as they had been used for similar ML applications, so they were the first (and only) datasets that we tried for our new experiments. They turned out to be well-suited to our techniques, even though we had no idea whether this was the case before running our experiments.  While our experiments on MNIST and SVHN used convolutional neural networks and generative adversarial networks, we instead used random forests to train our teacher and student models for both of the UCI datasets. Our new results on these datasets show that despite the differing data types and architectures, we are able to provide meaningful privacy guarantees---with epsilon bounds below 2.7---at modest costs in accuracy---with reductions of at most 2% between a non-private model and our privacy-preserving student. We added them to the revised draft of our paper posted today.\n\nIn a real deployment, noise needs to be added to the differential privacy guarantees themselves before releasing them. In order to allow for a meaningful comparison with related work, we provided these additional values in our updated draft. We note that doing so does not impact our results\u2019 competitiveness with prior work.\n\nWe added a discussion of prior work by Jagannathan et al. in the revision of our paper. A key difference is that their approach is tailored to decision trees. Our approach is applicable to any machine learning algorithm, including more complex ones. In the specific case of decision trees, our approach can also work well, as demonstrated by our new, added results for the Adult and Diabetes datasets performed with random forests. Another key difference is that their approach modifies the classic model of a decision tree to include the Laplace mechanism. Thus, the privacy guarantee does not come from the disjoint sets of training data analyzed by different decision trees in the random forest, but rather from the modified architecture. In contrast, partitioning is essential for our approach's privacy guarantees. We know of no other paper that is similarly comparable to our work, and could not find any via a reverse citation search based on Jagannathan et al.\n\nRegarding the comparison of Appendix C with GANs, we made it clearer that our goal was to reduce the number of labels required from the teacher ensemble. This makes the comparison more straightforward. \n\nWe thank you for all remaining comments not discussed in this response: we agree with all of them and modified the draft accordingly."}, {"reviewer": "(anonymous)", "Comment": "Thank you for your question.\n\nIn our approach, the sensitive and nonsensitive datasets have the same set of input features and output classes. Therefore, the knowledge learned by teachers can be transferred to the student by having the teachers provide labels for inputs on which the student is trained.\n\nIn some applications, it might be hard to find non-sensitive data that is drawn from the same distribution as the sensitive data. For the current work, we used the same source of data for both settings. In an application where this is not possible, the models would need to be trained with an algorithm that is capable of domain adaptation."}, {"reviewer": "ICLR 2017 conference AnonReviewer1", "Question": "Nice, well-written, and interesting paper. Very general question: what are the most important challenges in the context of privacy preserving specifically in deep learning that you perceive? ", "Comment": "In our view, the most important high-level challenge is to develop ML models that learn while protecting the privacy of training data, without sacrificing accuracy, performance, or software-engineering simplicity, and with a satisfactory definition of \"privacy\". This is particularly important because deep learning often relies on vast quantities of data for training, and this data is often sensitive. It is particularly difficult for deep learning because we cannot make some convenient simplifying assumptions (e.g., convexity). This is part of why in previous works, the accuracy losses to guarantee privacy were significant. \nIn addition, deep learning is a \"moving target\"---the field is so active that we cannot make very strong bets on which approaches will be most successful in the long run and deserve the biggest attention. At a lower level, these difficulties result in technical problems, such as the need for accurate tracking of privacy losses (which our moments account addresses) and of algorithmic and architectural ideas (of which our paper is an example), sometimes specialized to particular learning tasks or models.\n"}, {"reviewer": "ICLR 2017 conference AnonReviewer2", "Question": "You mentioned future work on tasks in which \"the discrete output categories are not as distinctly defined by the salient input space features.\"\n\nIs this primarily a matter of empirical experimentation, or are there also some technical/theoretical challenges that would need to be addressed? If so, please elaborate.", "Comment": "Thank you for the insightful question. The short answer is that it's\nboth empirical and theoretical work. Here's the long answer:\n\nSuppose we have input images x and class labels y. Purely supervised\nlearning consists of learning p(y|x). A common strategy for\nsemi-supervised learning is to learn a generative model p(x,y). The\nconditional distribution p(y|x) in this generative model often solves\nthe semi-supervised learning task with less overfitting than would\noccur with direct supervised learning. This common strategy does not\nyet have a clear theoretical justification. The limitations of\ntheoretical understanding of this approach are described in the Deep\nLearning textbook, section 15.1.1, \"When and why does unsupervised\npretraining work?\":\n"}, {"reviewer": "ICLR 2017 conference AnonReviewer3", "Question": "Thanks for the nice paper with inspiring intuitions. The theory analysis is cool, however, the probabilistic bound has quite a number of  empirical parameters, which makes it difficult to understand whether the absolute 100% security is  guaranteed. Thus we have to check the experiments to understand how secure the method is, unfortunately it is not straightforward to evaluate either. \n\nMore specifically, I have two questions related to the experiments.\n\n1) It is not clear from the experiments that how much better the proposed method is compared with the previous works, e.g., [Fredikson et al, 2015] and [Hamm et al, 2016].\n\n2)  I am quite interested in the comparison between GANs vs distillation for semisupervised learning. From the paper my impression is that GAN-based approach is more secure while distillation-based approach may have higher performance. If it is correct, please give more details and analyze why. \n", "Comment": "The newer comments from the reviewer relate to the parameters of our work, and their evaluation.\n\nOur analysis follows the established framework of differential privacy. It defines a probabilistic bound, with parameters (epsilon and delta) on changes in the output of our algorithm when it is ran on differing inputs. Smaller values of the parameters yield stronger guarantees. As is often the case with security, achieving 100% privacy (represented by epsilon = delta = 0) is unfortunately impossible while releasing a useful model. However, we follow standard practices and guidelines, setting epsilon in the single-digit range (as is often done, for instance, by Google's Rappor system and in Apple's use of differential privacy) and setting delta so that its order of magnitude is inverse to the number of training samples. The other \"empirical\" parameters of our method (e.g., number of teachers and level of noise) do not have to be considered separately: they can be accurately judged by their impact on privacy (as represented by epsilon and delta), and on utility (the accuracy on test data). We believe that our results provide a validation for these \"empirical\" parameters, in the sense that we can take epsilon and delta as explained above while maintaining competitive accuracy. In other words, to evaluate how \u201csecure the method is,\u201d using the standard metrics of the security and privacy community, it suffices to look at the privacy parameters epsilon and delta; it is not necessary to consider details of the algorithm, the internal parameters, or the experimental setup.\n\nWe would welcome input on whether adding an explanation along these lines to the paper would be helpful. Also, if we are speaking to a different notion of security than what the reviewer had in mind, we would be happy to continue this discussion."}, {"reviewer": "Nicolas Papernot", "Comment": "The newer comments from the reviewer relate to the parameters of our work, and their evaluation.\n\nOur analysis follows the established framework of differential privacy. It defines a probabilistic bound, with parameters (epsilon and delta) on changes in the output of our algorithm when it is ran on differing inputs. Smaller values of the parameters yield stronger guarantees. As is often the case with security, achieving 100% privacy (represented by epsilon = delta = 0) is unfortunately impossible while releasing a useful model. However, we follow standard practices and guidelines, setting epsilon in the single-digit range (as is often done, for instance, by Google's Rappor system and in Apple's use of differential privacy) and setting delta so that its order of magnitude is inverse to the number of training samples. The other \"empirical\" parameters of our method (e.g., number of teachers and level of noise) do not have to be considered separately: they can be accurately judged by their impact on privacy (as represented by epsilon and delta), and on utility (the accuracy on test data). We believe that our results provide a validation for these \"empirical\" parameters, in the sense that we can take epsilon and delta as explained above while maintaining competitive accuracy. In other words, to evaluate how \u201csecure the method is,\u201d using the standard metrics of the security and privacy community, it suffices to look at the privacy parameters epsilon and delta; it is not necessary to consider details of the algorithm, the internal parameters, or the experimental setup.\n\nWe would welcome input on whether adding an explanation along these lines to the paper would be helpful. Also, if we are speaking to a different notion of security than what the reviewer had in mind, we would be happy to continue this discussion."}], "url": "/pdf?id=HkwoSDPgg"}