{"paper_id": "r1VdcHcxx", "header": "Recurrent Batch Normalization", "abstract": "Make batch normalization work in recurrent neural networks", "reviews": [{"reviewer": "ICLR 2017 pcs", "Comment": "The reviewers believe this paper is of significant interest to the ICLR community, as it demonstrates how to get the popular batch normalization method to work in the recurrent setting. The fact that it has already been cited a variety of times also speaks to its interest within the community. The extensive experiments are convincing that the method works. One common criticism is that the authors don't address enough the added computational cost of the method in the text or empirically. Plots showing loss as a function of wall-clock time instead of training iteration would be more informative to readers deciding whether to use batch norm. \n \n Pros: \n - Gets batch normalization to work on recurrent networks (which had been elusive to many)\n - The experiments are thorough and demonstrate the method reduces training time (as a function of training iterations)\n - The paper is well written and accessible\n \n Cons\n - The contribution is relatively incremental (several tweaks to an existing method)\n - The major disadvantage to the approach is the added computational cost, but this is conspicuously not addressed.", "Decision": "Accept (Poster)"}, {"reviewer": "ICLR 2017 conference AnonReviewer1", "Review": "The paper shows that BN, which does not work out of the box for RNNs, can be used with LSTM when the operator is applied to the hidden-to-hidden and the input-to-hidden contribution separately. Experiments are conducted to show that it leads to improved generalisation error and faster convergence.\n\nThe paper is well written and the idea well presented. \n\ni) The data sets and consequently the statistical assumptions used are limited (e.g. no continuous data, only autoregressive generative modelling).\nii) The hyper parameters are nearly constant over the experiments. It is ruled out that they have not been picked in favor of one of the methods. E.g. just judging from the text, a different learning rate could have lead to equally fast convergence for vanilla LSTM. \n\nConcluding, the experiments are flawed and do not sufficiently support the claim. An exhaustive search of the hyper parameter space could rule that out. ", "Rating": "7: Good paper, accept", "Confidence": "4: The reviewer is confident but not absolutely certain that the evaluation is correct", "Comment": "Hi,\n\n\nWe updated the paper and all the information related to the hyperparameters exploration are in the appendix D, at the end of the paper.\n\nLet us know if you need more information.\n\nThanks!"}, {"reviewer": "ICLR 2017 conference AnonReviewer1", "Comment": "Hi,\n\n\nWe updated the paper and all the information related to the hyperparameters exploration are in the appendix D, at the end of the paper.\n\nLet us know if you need more information.\n\nThanks!"}, {"reviewer": "ICLR 2017 conference AnonReviewer3", "Review": "This paper extends batch normalization successfully to RNNs where batch normalization has previously failed or done poorly. The experiments and datasets tackled show definitively the improvement that batch norm LSTMs provide over standard LSTMs. They also cover a variety of examples, including character level (PTB and Text8), word level (CNN question-answering task), and pixel level (MNIST and pMNIST). The supplied training curves also quite clearly show the potential improvements in training time which is an important metric for consideration.\n\nThe experiment on pMNIST also solidly shows the advantage of batch norm in the recurrent setting for establishing long term dependencies. I additionally also appreciated the gradient flow insight, specifically the impact of unit variance on tanh derivatives. Showing it not just for batch normalization but additionally the \"toy task\" (Figure 1b) was hugely useful.\n\nOverall I find this paper a useful additional contribution to the usage of batch normalization and would be necessary information for successfully employing it in a recurrent setting.", "Rating": "8: Top 50% of accepted papers, clear accept", "Confidence": "4: The reviewer is confident but not absolutely certain that the evaluation is correct", "Comment": "Thank you for your review and positive feedback,"}, {"reviewer": "ICLR 2017 conference AnonReviewer2", "Review": "Contributions\nThe paper presents an adaptation of batch normalization for RNNs in the case of LSTMs, along the horizontal depth. Contrary to previous work from (Laurent 2015; Amodei 2016), the work demonstrates that batch-normalizing the hidden states of RNNs can improve optimization, and argues with quantitative experiments that the key factor to making this work is proper initialization of parameters, in particular gamma. Experiments show some gain in performance over vanilla LSTMs on Sequential MNIST, PTB, Text8 and CNN Question-Answering.\n\nNovelty+Significance\nBatch normalization has been key for training deeper and deeper networks (e.g. ResNets) and it seems natural that we would want to extend it to RNNs.  The paper shows that it is possible to do so with proper initialization of parameters, contrary to previous work from (Laurent 2015; Amodei 2016). Novelty comes from where to batch norm (i.e. not in the cell update) and in the per-time step statistics. \n\nAdding batch normalization to LSTMs incurs additional computational cost and bookkeeping; for training speed comparisons (e.g. Figure 2) the paper only compares LSTM and BN-LSTM by iteration count; given the additional complexity of the BN-LSTM I would have also liked to see a wall-clock comparison.\n\nAs RNNs are used across many tasks, this work is of interest to many.  However, the results gains are generally minor and require several tricks to work in practice. Also, this work doesn\u2019t address a question about batch normalization that it seems natural that it helps with faster training, but why would it also improve generalization? \n\nClarity\nThe paper is overall very clear and well-motivated. The model is well described and easy to understand, and the plots illustrate the points clearly.\n\nSummary\nInteresting though relatively incremental adaptation, but shows batch normalization to work for RNNs where previous works have not succeeded. Comprehensive set of experiments though it is questionable if the empirical gains are significant enough to justify the increased model complexity as well as computational overhead.\n\nPros\n- Shows batch normalization to work for RNNs where previous works have not succeeded\n- Good empirical analysis of hyper-parameter choices and of the activations\n- Experiments on multiple tasks\n- Clarity\n\nCons\n- Relatively incremental\n- Several \u2018hacks\u2019 for the method (per-time step statistics, adding noise for exploding variance, sequence-wise normalization)\n- No mention of computational overhead\n- Only character or pixel-level tasks, what about word-level?", "Rating": "7: Good paper, accept", "Confidence": "4: The reviewer is confident but not absolutely certain that the evaluation is correct", "Comment": "Thank you for the detailed feedback. We address some of your concerns below.\n\n\u201c... why would it also improve generalization?\u201d\n\nThis is one of the effects of batch normalization in feed-forward networks. We believe that  generalization improvement is due to the use of batch statistics. As the estimated means and variances through the batch are not perfect, they introduce some noise in the training process that have a regularizing effect.\n\nWe experimentally verified this effect by varying the minibatch size. When the minibatch size is increased, noise is reduced in the estimated means and variances. Consequently, we observed faster optimization, but it also tends to increase the model overfitting. By reducing the batch size, we observe a gain in generalization, but a relative slowdown in the optimization.\n\n\n\n\u201c...Several \u2018hacks\u2019 for the method (per-time step statistics, adding noise for exploding variance, sequence-wise normalization)\u201d\n\nWe would like to clarify the motivations behind the use of per-time step statistics and sequence-normalization.  When BN is applied to an LSTM, one needs to consider the normalization of the state activation and the inputs.\n\nWhile LSTM activations do converge to a stationary distribution,  we observe that their statistics during the initial transient differ significantly (see Figure 5 in Appendix A). It is therefore necessary to leverage per time step statistics for estimating the mean and variance of the *state activation*, to take into account this initial transient. Note that we always use per-time step statistics for the state activations in our experiments.\n\nOn the other hand, inputs means and variances  are not necessarily time-dependent. You can therefore share the statistics over the different time-step leading to the sequence-wise normalization for the *input*.\n\nFinally, adding noise is a way to artificially increase the variance, when the estimated variance  is exactly 0. This problem occurs in the in-order MNIST task due to the first hundred or so pixels being black. Increasing the "}, {"reviewer": "ICLR 2017 conference AnonReviewer1", "Question": "Do you have any experiments for vanilla RNNs with e.g. tanh transfer functions? It would be interesting to know how your method performs in that case.", "Comment": "We performed preliminary experiments on tanh RNNs and observed similar effects -- faster convergence and better generalization. However, we quickly moved on to the more practically relevant LSTMs and so we do not have a formal set of results for vanilla RNNs."}, {"reviewer": "ICLR 2017 conference AnonReviewer3", "Question": "Thanks for the paper - I've enjoyed reading it :)\n\nThe gradient flow insight, specifically the impact of unit variance on tanh derivatives, seems something that should be more broadly known and may have impacts in other areas. Showing it not just for batch normalization but the \"toy task\" (Figure 1b) was hugely useful.\nDemonstrating the advantages of batch normalization on both sequential and permuted MNIST was a great idea and shows it works well for many standard dependencies and highly convoluted long term dependencies.\n\nI may have missed it, but I'd be curious as to the impact of generalizing beyond T_max. You note that the sequences tend to a steady state distribution - does that imply you think there's minimal impact to performance? Is that the figure A in the appendix? Longer sequences than seen in training are already a difficult enough proposition to most models, I'm just curious as to what the impact of batch normalization may be upon them.", "Comment": "Thanks for your response!\n\nWe do show generalization beyond T_max in Figure 4b. There the model was trained on subsequences of length 100 and subsequently evaluated on subsequences of lengths up to 1000. The figure confirms that we can exploit the stationarity of statistics by repeating the last population statistic.\n\nThe figure also appears to show that performance *improves* with sequence length, however we think this improvement is due to having fewer hidden state resets as evaluation proceeds along the test sequence."}, {"reviewer": "ICLR 2017 conference AnonReviewer2", "Question": "Ioffe and Szegedy (2015) report that deep convolutional networks with batch normalization can often be trained with much higher learning rates than equivalent networks without batch normalization. For your MNIST, Penn Treebank, and text8 experiments you use the same learning rate for models with and without recurrent batch normalization; can you comment on how these learning rates were chosen, and more generally whether you have found recurrent batch normalization to allow for higher learning rates?", "Comment": "Thank you for your question. We evaluated a variety of learning rates for both models on the tasks you mention, however the ones reported in the paper worked best. We do find that batch normalization makes these models more robust to high learning rates, however recurrent neural networks are more sensitive to high learning rates in the first place due to strong curvature in the loss."}], "url": "/pdf?id=r1VdcHcxx"}