{"paper_id": "rJY3vK9eg", "header": "Neural Combinatorial Optimization with Reinforcement Learning", "abstract": "neural combinatorial optimization, reinforcement learning", "reviews": [{"reviewer": "ICLR 2017 pcs", "Decision": "Accept"}, {"reviewer": "ICLR 2017 workshop AnonReviewer1", "Review": "This paper is basically pointer networks but with reinforcement learning. The reward is the negative tour length.\n\nI think this approach is superior to the original pointer networks, which assumed a supervised signal. Since we're working with NP-hard problems, this is difficult to obtain.\n\nPros:\n+ Good ablation study. I particularly liked the Active Learning ablation, which tries to train a network from scratch for one instance of the problem.\n+ Results on toy TSP problems (lengths 25, 50, 100) are near optimal.\n+ Authors recognize the limitations of their approach w.r.t. order of magnitude worse running time\n\nCons:\n- Unclear how well this approach will scale up to non-toy scales\n- Would like to have seen other NP-hard problems\n\nThis paper is a good fit for the workshop.", "Rating": "7: Good paper, accept", "Confidence": "4: The reviewer is confident but not absolutely certain that the evaluation is correct"}, {"reviewer": "ICLR 2017 workshop AnonReviewer2", "Review": "This is a well written and interesting paper.\nTo carry out the inference for TSP problem by REINFORCE algorithm make a lot more sense.\nHowever, I feel to apply LSTM as the encoder is still not perfect.\nAs the extension of pointer network on this problem, the paper could have more explorations on the model design or combination of heuristics instead of simply reusing the ptrNet structure with REINFORCE algorithm. \nThough I would be conservative about using vanilla pointer network on combinatorial optimization problems, the paper gave enough insights and experiments showing the significance of applying neural network on the classical problems.", "Rating": "7: Good paper, accept", "Confidence": "4: The reviewer is confident but not absolutely certain that the evaluation is correct"}], "url": "/pdf?id=Bk9mxlSFx"}