{"paper_id": "ryXZmzNeg", "header": "Improving Sampling from Generative Autoencoders with Markov Chains", "abstract": "Iteratively encoding and decoding samples from generative autoencoders recovers samples from the true latent distribution learned by the model", "reviews": [{"reviewer": "ICLR 2017 pcs", "Comment": "This approach taken in this paper is topical, especially since the importance of sampling and generating diverse samples is increasingly discussed in work on generative models. There were several concerns from reviewers, in three areas particularly: connection and comparison to related work; lack of clarity and understanding of the paper; experiments that are not sufficiently convincing. These have been addressed to some extent by the authors, discussing in more detail the related work, especially in connection to Rezende et al., and GSN of Bengio et al., and with improved figures. But these points are still of concern especially in terms of assessing sample diversity in relation to much of the recent work on richer variational posterior methods and other techniques. For these reasons, the paper is not yet ready for acceptance at this years conference.", "Decision": "Reject"}, {"reviewer": "Antonia Creswell", "Comment": "We have updated our paper to include changes that reflect comments made by the reviewers. A PDF document detailing our changes  may be found at: "}, {"reviewer": "ICLR 2017 conference AnonReviewer3", "Review": "This paper attempts to learn a Markov chain to estimate a probability distribution over latent variables Z, such that P(X | Z) can be eased to generate samples from a data distribution.\n\nThe paper in its current form is not acceptable due to the following reasons:\n1. No quantitative evaluation. The authors do include samples from the generative model, which however are insufficient to judge performance of the model. See comment 2.\n2. The description of the model is very unclear. I had to indulge in a lot of charity to interpret what the authors \"must be doing\". What does Q(Z) mean? Does it mean the true posterior P(Z | X) ? What is the generative model here? Typically, it's P(Z)P(X|Z). VAEs use a variational approximation Q(Z | X) to the true posterior P(Z | X). Are you trying to say that your model can sample from the true posterior P(Z | X)?\n\nComments:\n1. Using additive noise in the input does not seem like a reasonable idea. Any justification of why this is being done?\n2. Approaches which learn transition operators are usually very amenable to data augmentation-based semi-supervised learning. I encourage the authors to improve their paper by testing their model on semi-supervised learning benchmarks.", "Rating": "3: Clear rejection", "Confidence": "5: The reviewer is absolutely certain that the evaluation is correct and very familiar with the relevant literature", "Comment": "The details of changes have been included in a compiled latex document at the following link: "}, {"reviewer": "ICLR 2017 conference AnonReviewer2", "Review": "The authors propose to sample from VAEs through a Markov chain [z_t ~ q(z|x=x_{t-1}), x_t ~ p(x|z=z_t)]. The paper uses confusing notation, oversells the novelty, ignoring some relevant previous results. The qualitative difference between regular sampling and this Gibbs chain is not very convincing, judging from the figures. It would be a great workshop paper (perhaps more), if the authors fix the notation, fix the discussion to related work, and produce more convincing (perhaps simply upscaled?) figures.\n\nComments: \n - Rezende et al's (2014) original VAE paper already discusses the Markov chain, which is ignored in this paper\n - Notation is nonstandard / confusing. At page 1, it\u2019s unclear what the authors mean with \u201cp(x|z) which is approximated as q(x|z)\u201d.\n- It\u2019s also not clear what\u2019s meant with q(z). At page 2, q(z) is called the learned distribution, while p(z) can in general also be a learned distribution.\n- It\u2019s not true that it\u2019s impossible to draw samples from q(z): one can sample x ~ q(x) from the dataset, then draw z ~ q(z|x).\n- It's not explained whether the analysis only applies to continuous observed spaces, or also discrete observed spaces\n- Figures 3 and 4 are not very convincing.\n", "Rating": "3: Clear rejection", "Confidence": "4: The reviewer is confident but not absolutely certain that the evaluation is correct", "Comment": "The details of changes have been included in a compiled latex document at the following link: "}, {"reviewer": "ICLR 2017 conference AnonReviewer1", "Review": "The authors argues that the standard ancestral sampling from stochastic autoencoders (such as the Variational Autoencoder and the Adversarial\nAutoencoder) imposes the overly-restrictive constraint that the encoder distribution must marginally match the latent variable prior. They propose, as an alternative, a Markov Chain Monte Carlo approach that avoids the need to specify a simple parametric form for the prior.\n\nThe paper is not clearly written. Most critically, the notation the authors use is either deeply flawed, or there are simple misunderstanding with respect to the manipulations of probability distributions. For example, the authors seem to suggest that both distributions Q(Z|X) and Q(X|Z) are parametrized. For this to be true the model must either be trivially simple, or an energy-based model. There is no indication that they are speaking of an energy-based model. Another example of possible confusion is the statement that the ratio of distributions Q(Z|X)/P(Z) = 1. I believe this is supposed to be a ratio of marginals: Q(Z)/P(X) = 1. Overall, it seems like there is a confusion of what Q and P represent. The standard notation used in VAEs is to use P to represent the decoder distribution and\nQ to represent the encoder distribution. This seems not to be how the authors are using these terms. Nor does it seem like there is a single consistent interpretation. \n\nThe empirical results consist entirely of qualitative results (samples and reconstructions) from a single dataset (CelebA). The samples are also not at all up to the quality of the SOTA models. The interpolations shown in Figures 1 and 3 both seems to look like interpolation in pixel space for both the VAE model and the proposed DVAE. \n", "Rating": "3: Clear rejection", "Confidence": "4: The reviewer is confident but not absolutely certain that the evaluation is correct", "Comment": "The details of changes have been included in a compiled latex document at the following link: "}, {"reviewer": "ICLR 2017 conference AnonReviewer3", "Question": "For the sake of understanding, can you position your paper relative to ", "Comment": "1) Markov Chain Monte Carlo and Variational Inference: Bridging the Gap - Salimans et al. [1]\nIn both our approach and the approach of the authors of [1] we want to learn a transition operator p(z_t | z_{t-1}). \n\nOur approach is to train an auto-encoder, made up of an encoder, E:x\u2014>z and decoder, D:z\u2014>x, modelled as neural networks with learnable parameters. To train the auto-encoder we minimise a reconstruction loss and a loss on the distribution of the encodings, w.r.t. a prior distribution p(z). We formulate a homogenous fixed p(z_t | z_{t-1}), i.e. it does not change with time. We then iteratively draw samples from p(z_t | z_{t-1}); ideally we sample until the chain converges to a stationary distribution.\n\nIn contrast, Salimans et al. [1] set up the transition operator, p_t (z_t | z_{t-1}) as a parameterised distribution which is sampled in order to calculate an unbiased MCMC estimate for the variational lower bound of p(x). Parameters of p_t are updated using gradient descent methods on the estimate of the lower bound, in order to update p_t. The lower bound is also updated and gradient methods applied again to update p_t.\n\nDifferences:\nThe transition operator proposed by Salimans et al. [1]  is not homogenous, but is updated after each MCMC estimation of the lower bound. In our work the parameters are learned by training the auto-encoder and are fixed before sampling. The parameters are not updated after sampling. In addition:\ni) Salimans et al. [1] use MCMC sampling to approximate a parameterised, variational lower bound on the likelihood of p(x). In ours we draw samples from a Markov chain to approximate q(z), in order to sample from q(x|z). \nii) Salimans et al. [1] learn the parameters of the transition operator by minimising the estimated, parameterised, variational lower bound. In our case the parameters of the transition operator are learned by training an auto-encoder.\niii) Salmons et al. [1] introduce auxiliary variables, which require an inverse model for the MCMC approximation of the lower bound. For practicality, this requires that the transition operator satisfies detailed balance, while our approach requires that the transition operator is ergodic.\n\n2) Plug & Play Generative Networks: Conditional Iterative Generation of Images in Latent Space - Nguyen et al. [2]\ni) Nguyen et al. [2] are focused on an MCMC chain that converges to an approximation of p(x). We generate samples from q(x), but can only produce good samples from q(x) by sampling q(z) and then q(x|z). Since we do not know q(z), only that p(z) is close to q(z), in practice we use MCMC sampling to efficiently approach q(z) starting from p(z), in order to generate samples from q(x) which approximates p(x).\nii) Both approaches use an auto-encoder to derive distribution models for the transition operator. However, while we directly sample from the encoder and decoder to define a transition operator for a latent distribution (which we denote z, and they denote h), Nguyen et al. [2] use an auto-encoder to evaluate the gradient of p(h) w.r.t h to calculate terms in their transition operator. \niii) Their transition operator also includes a term to push samples towards a specific class. This requires a third classification network to be trained using labelled images. We do not do this.\niv) Section 3.2 of Nguyen et al. [2] focuses on sampling a latent representation. However, instead of iteratively passing samples ONLY forwards through networks (i.e. no backpropagation, no explicit calculation of gradients), Nguyen et al. [2] pass latent samples through a generator and classification network and then backpropagate back to the latent space to get a new latent sample. The new latent sample is passed through the generator to generate a new image. \nv) Their motivation for using the latent space was to improve diversity, ours was to prevent having to use training samples to initialise the sampling chain. \nvi) Section 3.3 of Nguyen et al. [2] also focus on sampling a latent representation using an auto-encoder. They use the auto-encoder to calculate the gradient of the p(h) w.r.t. h to be used to calculate the transition, unlike our transition operator which directly uses samples from the auto-encoder. Further, points from iv) apply. Further, we train a DAE on x, they train the DAE on h - features extracted from a pre-trained classification network.\nvii) The architecture used in Sections 3.4 and 3.5 of Nguyen et al. [2] are the most similar to our own as they do not have a separate generator network - the DAE is an encoder network along with the generator. However, the generator network is trained with additional losses - we use only a reconstruction loss. The DAE is used to approximate the gradient of log p(h) w.r.t. h, unlike our approach which directly samples the DAE to produce latent samples which converge to q(z) and finally sampling q(x|z) to generate more realistic samples.\n\n3) Deep Generative Stochastic Networks Trainable by Backprop - Bengio et al. [3]\ni) No prior is placed on P(H), so the generative model P(X|H) may not be sampled, therefore H0 must be produced by H0 ~ P(H|X0) where X0 is a sample from the training data. This may lead to X1 ~ P(X|H0) that are very similar to examples from the training data.\nii) Bengio et al. [3] make a distinction between P(X), the true data distribution, and P_theta(X), the distribution learned by sampling the model, which we call Q(X). In our case we are interested in sampling Q(Z), in order to sample Q(X|Z), the conditional distribution learned by the model. In our case, we know the prior, P(Z), but not the distribution learned by the model, Q(Z). While GSNs apply sampling to recover P(X), we use sampling to recover Q(Z) in order to sample Q(X|Z) and produce samples from Q(X). Bengio et al. [3] assumes that with sufficient training samples P_theta(X) \u2014> P(X). We only want to find the Q(Z) that the encoder and decoder have learned to map image samples to and from.\niii) Further, because we constrain Z using P(Z), we are able to train an auto-encoder without noise."}, {"reviewer": "Pedro Tabacof", "Comment": "Thank you for your reference to this detail in Rezende et al. (2014). Indeed, the main loop is similar, and we will make note of this in the next revision. Furthermore, we could benefit from their proofs in Appendix F. Our work traces the use of MCMC in autoencoders to Bengio et al. (2013), who use this to treat denoising autoencoders as generative models.\n\nWe believe that our main contribution can be seen as rejecting the common assumption that, quoting Rezende et al. (2014) directly, \"the recognition model is sufficiently close to the true posterior\". This assumption is required for their data imputation, starting with a corrupted X. With our view that the model distribution, denoted Q, may not be sufficiently close to the prior, P, imputation makes less sense. Our view of these models places emphasis on how to draw latent samples to generate novel x. In particular, we advocate z ~ Q(Z), rather than z ~ P(Z). Therefore their Markov transition operator is T(X_{t+1}|X_t), whereas ours is T(Z_{t+1}|Z_t); our notation uses x and z to represent observed samples and latent samples, whereas Renzende et al. (2014) use v and xi. This difference arises from our differing motivations - under our interpretation we can use MCMC to improve upon novel samples from learned models, whereas Rezende et al. (2014) use it for data imputation from corrupted data."}, {"reviewer": "Suraj Srinivas", "Comment": "The purpose of our approach (using MCMC sampling) is to sample variables, z that are from regions of high density in the learned, unknown distribution Q(z). Regions in the learned distribution, Q(z), that correspond to training samples are likely to be of high density, so after many MCMC steps the generations may be more like the training samples. In our experiments we have not observed what you describe, however, we have not run nearest neighbours experiments, as this is unlikely to detect near duplicates [1].\n\nIn Figure 3 we spherically interpolate the top rows (a, e, i, m)  from left to right, and then each sample in those rows is passed through the sampling process, which we display vertically. There is only a direct connection between the horizontal neighbouring samples in the top rows. Therefore, we agree that it is unlikely that our method explicitly interpolates using the Fisher information metric, however, there may be a connection to information geometry which we will look into further.\n\n[1] Theis, Lucas, A\u00e4ron van den Oord, and Matthias Bethge. \"A note on the evaluation of generative models.\" arXiv preprint arXiv:1511.01844 (2015)."}], "url": "/pdf?id=ryXZmzNeg"}