{"paper_id": "SJGCiw5gl", "header": "Pruning Convolutional Neural Networks for Resource Efficient Inference", "abstract": "New approach for removing unnecessary conv neurons from network. Work is focused on how to estimate importance fast and efficiently by Taylor expantion.", "reviews": [{"reviewer": "ICLR 2017 pcs", "Comment": "The paper presents a method for pruning filters from convolutional neural networks based on the first order Taylor expansion of the loss change. The method is novel and well justified with extensive empirical evaluation.", "Decision": "Accept (Poster)"}, {"reviewer": "[Deleted]"}, {"reviewer": "Pavlo Molchanov", "Comment": "We would like to thank reviewers for their comments and suggestions. We added a new revision which addresses main points requested for clarification.\nList of changes:\n- Added comparison with Optimal Brain Damage. See section 2.2, paragraph \"Relation to Optimal Brain Damage\" for discussion, appendix A.6 for implementation details, Tables 1 and 3, Figures 4 and 5 for results and comparisons\n- Comparison with average percentage of zeros criterion (APoZ) proposed by Hu et al. (2016)\n- Comparison with pruning by regularization in appendix A.4\n- Wall-clock time measurements for inference of pruned networks in section 3.6\n- Results of combining Taylor and activation criteria in appendix A.5\n- (Jan 16) Correlation of Taylor criterion with gradient and activation, appendix A.7"}, {"reviewer": "ICLR 2017 conference AnonReviewer3", "Review": "Authors propose a strategy for pruning weights with the eventual goal of reducing GFLOP computations. The pruning strategy is well motivated using the taylor expansion of the neural network function with respect to the feature activations. The obtained strategy removes feature maps that have both a small activation and a small gradient (eqn 7). \n\n(A) Ideally the gradient of the output with respect to the activation functions should be 0 at the optimal, but as a result of stochastic gradient evaluations this would practically never be zero. Small variance in the gradient across mini-batches indicates that irrespective of input data the specific network parameter is unlikely to change - intuitively these are parameters that are closer to convergence. Parameters/weights that are close to convergence and also result in a small activation are intuitively good candidates for pruning. This is essentially what eqn 7 conveys and is likely to be reason why just removing weights that result in small activations is not as good of a pruning strategy (as shown by results in the paper). There are two kind of differences in weights that are removed by activation v/s taylor expansion:\n1. Weights with high-activations but very low gradients will be removed by taylor expansion, but not by activation alone. \n2. Weights with low-activation but high gradients will be removed by activation criterion, but not by taylor expansion. \nIt will be interesting to analyze which of (1) or (2) contribute more to the differences in weights that are removed by the taylor expansion v/s activation criterion. Intuitively it seems that weight that satisfy (1) are important because they are converged and contribute significantly to network's activation. It is possible that a modified criterion - eqn (7) + \\lambda feature activation, (where \\lambda needs to be found by cross-validation) may lead to even better results at the cost of more parameter tuning. \n  \n(B) Another interesting comparison is with the with the optimal damage framework - where the first order gradients are assumed to be zero and pruning is performed using the second-order information (also discussed by authors in the appendix). Critically, only the diagonal of the Hessian is computed. There is no comparison with optimal damage as authors claim it is memory and computation inefficient. Back of envelope calculations suggest that this would result only in 50% increase in memory and computation during pruning, but no loss in efficiency during testing. Therefore from a standpoint of deployment, I don't think this missing comparison is justified. \n\n(C) The eventual goal of the authors is to reduce GFLOPs. Some recent papers have proposed using lower precision computation for this. A comparison in GFLOPs with lower precision v/s pruning would be a great. While both these approaches are complementary and it is expected that combining both of them can lead to superior performance than either of the two - it is unclear when we are operating in the low-precision regime how much pruning can be performed. Any analysis on this tradeoff would be great (but not necessary).\n\n(D) On finetuning, authors report results of AlexNet and VGG on two different datasets - Flowers and Birds respectively. Why is this the case? It would be great to see the results of both the networks on both the datasets. \n\n(E) Authors report there is only a small drop in performance after pruning. Suppose the network was originally trained with N iterations, and then M finetuning iterations were performed during pruning. This means that pruned networks were trained for N + M iterations. The correct comparison in accuracies would be if we the original network was also trained for N + M iterations. In figure 4, does the performance at 100% parameters reports accuracy after N+M iterations or after N iterations? \n\nOverall I think the paper is technically and empirically sound, it proposes a new strategy for pruning:\n(1) Based on taylor expansion\n(2) Feature normalization to reduce parameter tuning efforts. \n(3) Iterative finetuning. \nHowever, I would like to see some comparisons mentioned in my comments above. If those comparisons are made I would change my ratings to an accept. \n\n\n\n\n\n\n\n", "Rating": "7: Good paper, accept", "Confidence": "4: The reviewer is confident but not absolutely certain that the evaluation is correct", "Comment": "Thanks for the clarifications. The contributions of the paper are much clearer now. I have revised my ratings. "}, {"reviewer": "Kaushalya Madhawa", "Comment": "This a good paper on network pruning specially with the extensive evaluations. I'm just curious about the reasons behind having Figure 14. Do you have any explanation on how activation is correlated to the gradient in Taylor criterion?\n\nThanks."}, {"reviewer": "ICLR 2017 conference AnonReviewer3", "Comment": "Thanks for the clarifications. The contributions of the paper are much clearer now. I have revised my ratings. "}, {"reviewer": "ICLR 2017 conference AnonReviewer3", "Comment": "Thanks for the clarifications. The contributions of the paper are much clearer now. I have revised my ratings. "}, {"reviewer": "ICLR 2017 conference AnonReviewer1", "Review": "This paper presents a novel way of pruning filters from convolutional neural networks with a strong theoretical justification. The proposed methods is derived from the first order Taylor expansion of the loss change while pruning a particular unit. This leads to simple weighting of the unit activation with its gradient w.r.t. loss function and performs better than simply using the activation magnitude as the heuristic for pruning. This intuitively makes sense, as we would like to remove not only the filters with low activation, but also filters where the incorrect activation value would not have small influence on the target loss.\n\nAuthors thoroughly investigate multiple baselines, including an oracle which sets an upper bound on the target performance even though it is computationally expensive. The devised method seems to be quite elegant and authors show that it generalizes well on multiple tasks and is computationally more than feasible as it is easy to combine with traditional fine tuning procedure. Also, the work clearly shows the trade-offs of increased speed and decreased performance, which is useful for practical applications.\n\nIt would be also useful to compare against different baselines, e.g. [1]. However this method seems to be more useful as it does not involve training of a new network (and thus is probably much faster).\n\nSuggestion - maybe it can be extended in the future towards also removing only parts of the filters(e.g. for the 3D convolution)? This may be more complicated as it would need to change the implementation of convolution operator, but can lead to further speedup.\n\n[1] ", "Rating": "9: Top 15% of accepted papers, strong accept", "Confidence": "4: The reviewer is confident but not absolutely certain that the evaluation is correct", "Comment": "We would like to thank reviewer for comments and suggestions.\nWe added 3 more comparisons as baseline methods: Optimal Brain Damage, APoZ and pruning by regularization.\n\nTaylor criterion performs slightly better than OBD and requires no change to back-propagation algorithm, OBD on the other hand requires back-propagation of diagonal of the Hessian which adds extra computations and is at least 3 times slower in our implementation. \n\nProposed criterion demonstrates better performance than APoZ and pruning by regularization on network transfer tasks.\n\n\"Dark Knowledge\" or network distillation is a very interesting approach to reduce computations by training a smaller network. However it requires search of network architecture, which is done automatically for the proposed approach.\n\nProposed criterion and method can be used for pruning network parameters at different levels: individual connections, part of filters or entire filter.  Modern GPU hardware exploits regularities in computation for high throughput and only pruning the entire filter provides immediate speed up. Considering other levels of pruning is our goal for future work. \n\nAnalysing pre-review questions we added section 3.6 Speed up measurements where we measured wall-clock time of inference. Also we added FLOPs numbers per layer used in FLOPs regularization for pruning. "}, {"reviewer": "ICLR 2017 conference AnonReviewer4", "Review": "Authors propose a neural pruning technique starting from trained models using an approximation of change in the cost function and outperform other criteria. Authors obtain solid speedups while maintaining reasonable accuracy thanks to finetuning after pruning. Comparisons to existing methods is weak as GFLOPS graphs only show a couple simple baselines and no prior work baselines. I would be more convinced of the superiority of the approach with such comparison.", "Rating": "6: Marginally above acceptance threshold", "Confidence": "4: The reviewer is confident but not absolutely certain that the evaluation is correct", "Comment": "Thank you for the added baselines, they make the work more convincing, I bumped my rating up to 6."}, {"reviewer": "ICLR 2017 conference AnonReviewer4", "Comment": "Thank you for the added baselines, they make the work more convincing, I bumped my rating up to 6."}, {"reviewer": "ICLR 2017 conference AnonReviewer4", "Question": "- Is it possible to combine criterions to increase pruning confidence?\n- To be sure what you mean by feature map, do you mean the resulting map from one convolution kernel, or the accumulation of multiple kernels into one feature map (this is the definition that is usually meant)? If it's the latter, have you tried pruning by kernel rather than by a set of kernels?\n- It is not clear to me how many samples are used for each criterion evaluation? The entire training set or K mini-batch updates?  If K, what is the impact of the choice of K on the results? Is using the entire training set impractical? Could it lead to better results?", "Comment": "Thank you for asking these clarification questions, we will incorporate answers into the paper for better explanation.\n\nQ: - Is it possible to combine criterions to increase pruning confidence?\nA: Interesting suggestion. During our greedy pruning we are estimating importance of neurons (feature maps for convolutional layers) by selected criterion. The goal is to have criterion being highly correlated with oracle (true change in loss by pruning, which is computationally infeasible to compute) as shown in Table 1. Indeed, several criteria can be efficiently combined to improve correlation with oracle and better pruning as a result. \nSimple averaging of criteria didn\u2019t lead to improvement, for example Spearman's rank correlation:\nVGG-16/Birds 200 (similar to Table 1)\nAcivation (mean) + Taylor: per layer 0.56; all layers 0.64\nWeight + Taylor: per layer 0.72; all layers 0.73\nTaylor alone: per layer 0.73; all layers 0.73\nFor a linear combination, we will need to compute weights for each criterion on a separate subset of data given oracle which will be unfair comparison to oracle-free pruning.\n\nQ: - To be sure what you mean by feature map, do you mean the resulting map from one convolution kernel, or the accumulation of multiple kernels into one feature map (this is the definition that is usually meant)? If it's the latter, have you tried pruning by kernel rather than by a set of kernels? \nA: By feature map we mean z_l^(k) described in equation (2), computed by applying individual convolutions, summing them together, adding bias and applying activation function. For example VGG-16 has 64 feature maps as the output of the first convolutional layer, 64 as second, 128 for the third convolutional layer etc. \nBy convolutional kernel we mean a 3D dimensional tensor (nymber_of_input_channels x kernel_width x kernel_height) and after pruning we remove it completely (together with corresponding biases). If pruning by kernel you mean removing individual connections (e.g. kernel 1 uses only input channels 2,5,9; kernel 2 uses input channels 1,3,9) then we don\u2019t do it. It is absolutely possible with framework described in the paper, however, such pruning doesn\u2019t result in inference speedup on current architectures of GPGPUs with available SW. We will need to change HW and/or SW to see speedup given by such pruning. \nWith pruning described in the paper we get speedup on current HW and SW without any modifications which is the focus of the paper.\n\nQ: - It is not clear to me how many samples are used for each criterion evaluation? The entire training set or K mini-batch updates? If K, what is the impact of the choice of K on the results? Is using the entire training set impractical? Could it lead to better results?\nA: For criterion evaluation we only use samples from K mini-batch updates. Indeed, choice of K has impact on results, please see Figure 6 and Figure 8. We jointly apply fine-tuning and criteria evaluation on the same data for K mini-batches. Selecting K to be larger (even up to the entire training set) will lead to better approximation of importance. However, pruning will take longer; user needs to select this parameter according to available resources. "}, {"reviewer": "ICLR 2017 conference AnonReviewer1", "Question": "- What is the time needed for the pruning procedure? I assume that it gets faster as more and more filters are removed, however it would be useful to show some integral value. Furthermore, one can point out that the additional fine-tuning at the end is much faster than fine tuning of the original network.\n- Were you able to observe some over-fitting behavior? E.g. that more thorough fine-tuning only at the end would lead to inferior results compared to increased number of mini-batches while tuning? (this can be easily shown in Figure 8, for example).\n- What are roughly the FLOPS per layer? These values would give a bit of an intuition for the lambda parameter...\n- Is it possible that the abs-loss is a better oracle indicator due to increased accuracy being a sign of over-fitting? This is more an open question...", "Comment": "Please see answers in-line:\n\nQ:What is the time needed for the pruning procedure? I assume that it gets faster as more and more filters are removed, however it would be useful to show some integral value. Furthermore, one can point out that the additional fine-tuning at the end is much faster than fine tuning of the original network.\nA:We prune a single neuron at every pruning iteration. Pruning is performed sequentially after every K mini-batch updates. I.e., the parameter K defines the how frequently a neuron is pruned from the network. E.g., 10 neurons will be removed after 10*K mini-batch updates. \nThe comment that pruning gets faster is absolutely right. We remove the entire neuron (convolutional feature map) and the forward and backward passes get faster as a result. From an implementation point of view we found that it is faster to maintain the same model during training and apply pruning by setting the gate element g to 0 in eq. 2 rather than recompiling the model after each iteration. After pruning is completed, we generate a new model according to the learned weights and pruning gates.\nFine tuning after pruning as a separate step was performed only for R3DCNN on nvGesture and VGG16 on ImageNet. For R3DCNN pruning took 100 epochs, and additional fine tuning took 14 additional epochs. For VGG-16 the entire pruning shown in Fig. 9 was computed during 7 epochs over the ImageNet dataset and additional fine-tuning took 7 more epochs. After profiling the networks we observed that for VGG16 pruning from 31 to 12 and to 8 GFLOPs speeds up fine-tuning 1.83x and 2.35x, respectively. Pruning R3DCNN from 38 to 3 GFLOPs sped-up fine-tuning 4.7x. \n\nQ:Were you able to observe some over-fitting behavior? E.g. that more thorough fine-tuning only at the end would lead to inferior results compared to increased number of mini-batches while tuning? (this can be easily shown in Figure 8, for example).\nA:During pruning for transfer learning we observed that during first iterations the training and testing losses decrease because pruning acts as a regularizer. With more pruning, the training loss stays low but testing loss increases. It is not clear if behaviour can be explained by overfitting or reduced generalization due to the pruning.\nThe question of balance between increasing the number of mini-batches versus more thorough fine-tuning is indeed interesting. We did not run this comparison. However, our intuition is that with a larger number of mini-batches, the network can stabilize better after the last pruning iteration and we are able to collect more statistics for the criteria and their estimate will be more accurate.\n\nQ:What are roughly the FLOPS per layer? These values would give a bit of an intuition for the lambda parameter\u2026\nA:The lambda parameter used in our experiments is always equal to 1e-3.\nFor VGG-16: FLOPs per convolutional neuron in every layer: [3.1, 57.8, 14.1, 28.9, 7.0, 14.5, 14.5, 3.5, 7.2, 7.2, 1.8, 1.8, 1.8, 1.8], fully connected neurons: [0.05, 0.008], linear layer before softmax is not included.\nFor AlexNet: FLOPs per convolutional neuron in every layer: [2.3, 1.7, 0.8, 0.6, 0.6] and per fully connected neuron: [0.018, 0.008], linear layer before softmax is not included.\nFor R3DCNN: FLOPs per convolutional neuron: [5.6, 86.9, 21.7, 43.4, 5.4, 10.8, 1.4, 1.4] and for fully connected [0.016, 0.008], linear layer before softmax is not included.\n\nQ:Is it possible that the abs-loss is a better oracle indicator due to increased accuracy being a sign of over-fitting? This is more an open question...\nA:Intuitively, the oracle-loss is prone to overfitting as we remove neurons that potentially reduce the loss of the training set. With oracle-abs we remove neurons that have the smallest impact on the output of the network. For the experiment on Fig. 3, we do not recompute the oracle after each pruning iteration (this would be computationally infeasible), therefore oracle-loss-based pruning will cause more instability into the network. \n\nWe will revise the paper to reflect these answers. "}, {"reviewer": "Zehao Huang", "Comment": "Dear Pavlo, thanks for you reply! Your clarification is very clear."}, {"reviewer": "Zehao Huang", "Comment": "Dear Pavlo, thanks for you reply! Your clarification is very clear."}], "url": "/pdf?id=SJGCiw5gl"}