{"paper_id": "SJRpRfKxx", "header": "Recurrent Mixture Density Network for Spatiotemporal Visual Attention", "abstract": "In many computer vision tasks, the relevant information to solve the problem at hand is mixed to irrelevant, distracting information. This has motivated researchers to design attentional models that can dynamically focus on parts of images or videos that are salient, e.g., by down-weighting irrelevant pixels. In this work, we propose a spatiotemporal attentional model that learns where to look in a video directly from human fixation data. We model visual attention with a mixture of Gaussians at each frame. This distribution is used to express the probability of saliency for each pixel. Time consistency in videos is modeled hierarchically by: 1) deep 3D convolutional features to represent spatial and short-term time relations and 2) a long short-term memory network on top that aggregates the clip-level representation of sequential clips and therefore expands the temporal domain from few frames to seconds. The parameters of the proposed model are optimized via maximum likelihood estimation using human fixations as training data, without knowledge of the action in each video. Our experiments on Hollywood2 show state-of-the-art performance on saliency prediction for video. We also show that  our attentional model trained on Hollywood2 generalizes well to UCF101 and it can be leveraged to improve action classification accuracy on both datasets.", "reviews": [{"reviewer": "ICLR 2017 pcs", "Comment": "The paper describes a model for video saliency prediction using a combination of spatio-temporal ConvNet features and LSTM. The proposed method outperforms the state of the art on the saliency prediction task and is shown to improve the performance of a baseline action classification model.", "Decision": "Accept (Poster)"}, {"reviewer": "ICLR 2017 conference AnonReviewer1", "Review": "The authors formulate a recurrent deep neural network to predict human fixation locations in videos as a mixture of Gaussians. They train the model using maximum likelihood with actual fixation data. Apart from evaluating how good the model performs at predicting fixations, they combine the saliency predictions with the C3D features for action recognition.\n\nquality: I am missing a more thorough evaluation of the fixation prediction performance. The center bias performance in Table 1 differs significantly from the on in Table 2. All the state-of-the-art models reported in Table 2 have a performance worse than the center bias performance reported in Table 1. Is there really no other model better than the center bias? Additionally I am missing details on how central bias and human performance are modelled. Is human performance cross-validated?\n\nYou claim that your \"results are very close to human performance (the difference is only 3.2%). This difference is actually larger than the difference between Central Bias and your model reported in Table 1. Apart from this, it is dangerous to compare AUC performance differences due to e.g. saturation issues.\n\nclarity: the explanation for Table 3 is a bit confusing, also it is not clear why the CONV5 and the FC6 models differ in how the saliency map is used. At least one should also evaluate the CONV5 model when multiplying the input with the saliency map to see how much of the difference comes from the different ways to use the saliency map and how much from the different features.\n\nOther issues:\n\nYou cite K\u00fcmmerer et. al 2015 as a model which \"learns ... indirectly rather than from explicit information of where humans look\", however the their model has been trained on fixation data using maximum-likelihood.\n\nApart from these issues, I think the paper make a very interesting contribution to spatio-temporal fixation prediction. If the evaluation issues given above are sorted out, I will happily improve my rating.", "Rating": "7: Good paper, accept", "Confidence": "4: The reviewer is confident but not absolutely certain that the evaluation is correct", "Comment": "In the new version of the manuscript, we added the experiments that use CONV5 when multiplying the input with the saliency map (second row of Table 3). We also modified the text to discuss the new results (second and fourth paragraph of Sec. 4.2).\n\nWe called \"feature mode\" when the convolutional representation is multiplied by the saliency, and \"clip mode\" when the saliency maps are used to weight the input video pixels. In summary: 1) the clip mode preforms better than the feature mode and 2) CONV5 and FC6 give similar results when considering the clip mode, but FC6 is preferred since it provides a more compact representation."}, {"reviewer": "Loris Bazzani", "Comment": "In the new version of the manuscript, we added the experiments that use CONV5 when multiplying the input with the saliency map (second row of Table 3). We also modified the text to discuss the new results (second and fourth paragraph of Sec. 4.2).\n\nWe called \"feature mode\" when the convolutional representation is multiplied by the saliency, and \"clip mode\" when the saliency maps are used to weight the input video pixels. In summary: 1) the clip mode preforms better than the feature mode and 2) CONV5 and FC6 give similar results when considering the clip mode, but FC6 is preferred since it provides a more compact representation."}, {"reviewer": "ICLR 2017 conference AnonReviewer2", "Review": "This work proposes to a spatiotemporal saliency network that is able to mimic human fixation patterns,\nthus helping to prune irrelevant information from the video and improve action recognition.\n\nThe work is interesting and has shown state-of-the-art results on predicting human attention on action videos.\nIt has also shown promise for helping action clip classification.\n\nThe paper would benefit from a discussion on the role of context in attention.\nFor instance, if context is important, and people give attention to context, why is it not incorporated automatically in your model?\n\nOne weak point is the action recognition section, where the comparison between the two (1)(2) and (3) seems unfair.\nThe attention weighted feature maps in fact reduce the classification performance, and only improve performance when doubling the feature and associated model complexity by concatenating the weighted maps with the original features.\n\nIs there a way to combine the context and attention without concatenation?\nThe rational for concatenating the features extracted from the original clip,\nand the features extracted from the saliency weighted clip seems to contradict the initial hypothesis that `eliminating or down-weighting pixels that are not important' will improve performance.\n\nThe authors should also mention the current state-of-the-art results in Table 4, for comparison.\n\n# Other comments:\n# Abstract\n- Typo: `mixed with irrelevant ...'\n``Time consistency in videos ... expands the temporal domain from few frames to seconds'' - These two points are not clear, probably need a re-write.\n\n# Contributions\n- 1) `The model can be trained without having to engineer spatiotemporal features' - you would need to collect training data from humans though.. \n\n# Section 3.1\nThe number of fixation points is controlled to be fixed for each frame - how is this done?\n\nIn practice we freeze the layers of the C3D network to values pretrained by Tran etal.\nWhat happens when you allow gradients to flow back to the C3D layers?\nIs it not better to allow the features to be best tuned for the final task?\n\nThe precise way in which the features are concatenated needs to be clarified in section 3.4.\n\nMinor typo:\n`we added them trained central bias'", "Rating": "6: Marginally above acceptance threshold", "Confidence": "4: The reviewer is confident but not absolutely certain that the evaluation is correct", "Comment": "The context and attention parts are capturing slightly different information (as confirmed empirically in our study). The context features represent the video in its entirety. Therefore they may contain elements from the background, which may be useful for action categorization but at times also potentially distracting. Instead, the attention part focuses only on the most salient spatiotemporal volumes in the video. We agree that there are many other ways to use the saliency maps produced by our model. For example, the saliency map could be used to sample higher-resolution crops of the frames. We opted for the simplest model in order to show that what is contributing to the improvement in action categorization is truly coming from the saliency map and not from a more complex model.\n\n\u201cComparison between [(1), (2)] and (3) seems unfair.\u201d As we mentioned in the pre-review answer \u201cAnswer to few questions, comments\u201d, we ran an experiment with PCA to yield the same feature dimensionality as (1) in order to have a more fair comparison. The resulting testing mAP of this compressed descriptor (using both context and attention) is 51.82%, which is quite a bit better than method (1) (based on context only), despite having the same dimensionality. We added this relevant result to the paper (last paragraph in page 8).\n\nThe number of fixations are randomly subsampled (first paragraph, Sec. 3.1) if greater than A. Conversely, they are  randomly duplicated if less than A. \n\nIn our experiments, we froze the layers of the C3D. We ran several fine-tuning experiments for action recognition using the Hollywood2 dataset, however we have never obtained any significant improvement. We think that this might be due to the small size of the dataset and to the fact that the C3D features are already representative and general since they were trained on a huge dataset. This discouraged us to run fine-tuning experiments for saliency prediction.\n\nAbout feature concatenation: for each clip, we stacked the d-dimensional context feature vector on top of the d-dimensional attention-based feature vector to form a (2*d)-dimensional descriptor.\n"}, {"reviewer": "ICLR 2017 conference AnonReviewer3", "Review": "This paper proposes a new method for estimating visual attention in videos. The input clip is first processed by a convnet (in particular, C3D) to extract visual features. The visual features are then passed to LSTM. The hidden state at each time step in LSTM is used to generate the parameters in a Gaussian mixture model. Finally, the visual attention map is generated from the Gaussian mixture model.\n\nOverall, the idea in this paper is reasonable and the paper is well written. RNN/LSTM has been used in lots of vision problem where the outputs are discrete sequences, there has not been much work on using RNN/LSTM for problems where the output is continuous like in this paper.\n\nThe experimental results have demonstrated the effectiveness of the proposed approach. In particular, it outperforms other state-of-the-art on the saliency prediction task on the Hollywood2 datasets. It also shows improvement over baselines (e.g. C3D + SVM) on the action recognition task.\n\nMy only \"gripe\" of this paper is that this paper is missing some important baseline comparisons. In particular, it does not seem to show how the \"recurrent\" part help the overall performance. Although Table 2 shows RMDN outperforms other state-of-the-art, it might be due to the fact that it uses strong C3D features (while other methods in Table 2 use traditional handcrafted features). Since saliency prediction is essentially a dense image labeling problem (similar to semantic segmentation). For dense image labeling, there has been lots of methods proposed in the past two years, e.g. fully convolution neural network (FCN) or deconvnet. A straightforward baseline is to simply take FCN and apply it on each frame. If the proposed method still outperforms this baseline, we can know that the \"recurrent\" part really helps.\n\n\n", "Rating": "6: Marginally above acceptance threshold", "Confidence": "4: The reviewer is confident but not absolutely certain that the evaluation is correct", "Comment": "We run the ablation study where the recurrent link between time t-1 and time t is removed from our model. The results in terms of AUC are 1.2% and 2.4% lower with respect to the RMDN which uses RNN and LSTM, respectively. We reported this result in the paper at page 7, second paragraph."}, {"reviewer": "Loris Bazzani", "Comment": "We run the ablation study where the recurrent link between time t-1 and time t is removed from our model. The results in terms of AUC are 1.2% and 2.4% lower with respect to the RMDN which uses RNN and LSTM, respectively. We reported this result in the paper at page 7, second paragraph."}, {"reviewer": "ICLR 2017 conference AnonReviewer2", "Question": "# Section 3.3\nWhat is the effect of normalising the probability map to sum to one at each time-step? How do you represent the saliency in a frame where nothing is salient? Is that an issue?\n\n# Section 3.4\nThe rational for concatenating the features extracted from the original clip,\nand the features extracted from the saliency weighted clip seems to contradict the initial hypothesis that `eliminating or down-weighting pixels that are not important' will improve performance.\nCan you elaborate on this point?\n\n# Section 4.1\nCan you send an email to the authors to get their computational timings for a comparison?\n\n# Section 4.2\nConcatenating features from two sources will double the SVM model complexity, making the comparison between [(1),(2)] and (3) in Table 3 unfair.\nThe dimensionality of the features can have a large effect on the ease of classification.\nWhat are your thoughts on that?\n\n\nMissing references in the introduction.\nParagraphs 1-2, an example of using attention modelling to improve action recognition:\n", "Comment": "Normalizing the saliency map to sum up to one does not have any major implications. We did it to facilitate evaluation and to have a normalized reweighting of the video for the action recognition task. In practice, one can use directly the learned Gaussian mixture as probability distribution, to sample fixations for example. When there is nothing salient in the image (e.g., when the ground truth human fixations are spread and do not show a clear pattern), the model still outputs a saliency map. But in such cases we empirically observed that the variances of the Gaussian components are quite large, and they collectively approximate the uniform distribution.\n\nThe concatenation of the two descriptors produces a representation that 1) includes the general context of the action in the videos and 2) down-weights pixels deemed less important, thus encouraging the recognition model to focus on parts that may be more salient. Since the RMDN is computing anyway the context features for each clip in order to estimate the saliency map, reusing them for action recognition seems straightforward and does not add computations. \n\nWe sent an email to the authors requesting their runtimes for comparison. Unfortunately, we cannot promise that they will respond in time.\n\nThe SVM model complexity for experiment (3) in Table 3 is indeed twice as large as the complexity for [(1),(2)]. The same applies when comparing (5) against [(1),(4)]. In fact, we added PCA dimensionality reduction to experiment (5) in order to match the same feature dimensionality as (1) (and (4)). Although the validation accuracies are similar, the testing mAP drops from 54.85% of experiment (5) to 51.82% of the PCA experiment. This is not surprising, since the extra dimensions provided by the use of the saliency map are not redundant with respect to the context representation (1). Therefore, concatenation seems to be the best way to make use of the saliency map.\n\nThank you for providing additional references that we missed. We will include them in newer versions of the paper."}, {"reviewer": "ICLR 2017 conference AnonReviewer1", "Question": "In Table 1 you evaluate among others the AUC metric. Could you clarify which kind of AUC metric you use? I guess it is the AUC metric with a uniform nonfixation distribution (e.g. using more or less all pixels of the saliency map as nonfixated pixels). Additionally to get a better understanding for how good the model is I think it would be very helpful to see not only the centerbias baseline, but also the performance of the empirical distribution that you show in the video you refer to. Besides this, as you train the model for log-likelihood, why don't report this metric too? I think it might be very informative, especially for getting and intuition of how predictable the data is.", "Comment": "The human performance reported in Table 2 has been taken from Mathe & Sminchisescu, 2015 for comparisons. We can easily put the AUC in Table 1, however we do not have the NSS, the CC and the Sim measurements for the human performance. \n\nHuman performance (Mathe & Sminchisescu, 2015) is computed by deriving a saliency map from half of our human subjects and is evaluated with respect to fixations of the remaining ones. From their paper, it seems that the saliency map is computed in the same way as the ground truth saliency map, but considering half of the subjects.\n\nQualitative results that show how peaked are the predicted distributions can be found in the video available at "}, {"reviewer": "ICLR 2017 conference AnonReviewer1", "Comment": "The trained central bias of Table 1 has been trained using all the fixations of the training set (see third paragraph of sec. 4.1 for details). Instead the central bias of Table 2 is manually created by Mathe & Sminchisescu, 2015 and there is no training at all.\n"}, {"reviewer": "ICLR 2017 conference AnonReviewer1", "Comment": "The human performance reported in Table 2 has been taken from Mathe & Sminchisescu, 2015 for comparisons. We can easily put the AUC in Table 1, however we do not have the NSS, the CC and the Sim measurements for the human performance. \n\nHuman performance (Mathe & Sminchisescu, 2015) is computed by deriving a saliency map from half of our human subjects and is evaluated with respect to fixations of the remaining ones. From their paper, it seems that the saliency map is computed in the same way as the ground truth saliency map, but considering half of the subjects.\n\nQualitative results that show how peaked are the predicted distributions can be found in the video available at "}, {"reviewer": "ICLR 2017 conference AnonReviewer3", "Question": "Most attention-based models in deep learning are in some sense \"unsupervised\" attentions, where the attentions are some hidden variables jointly trained with the rest of the network. What is the advantage of the \"supervised\" attention in this paper, if the goal is to solve some high-level task (e.g. classification)? ", "Comment": "The main motivation of the paper is to create a model that is able to mimic human attention. Since human fixations are not specialized for a single task but instead are functional to all forms of our visual processing, we believe that our model may serve as a general-purpose saliency estimator that can be useful for different applications. \n\nConversely, \u201cunsupervised\u201d attention models learned as part of a supervised task are more specific by design and they may be harder to transfer to other tasks.\n\nWe decided to evaluate our model on the task-agnostic task of saliency estimation. Moreover, we chose to test the model on the high-level task of action recognition because 1) it is a typical problem in the context of video, 2) we wanted to compare with Mathe & Sminchisescu, 2015 and 3) we aimed to show that we can train attention on one dataset (Hollywood2) and use it on another (UCF101). However, we believe that our model may be useful in other application scenarios, precisely because it has been trained to mimic human attention. "}], "url": "/pdf?id=SJRpRfKxx"}