{"paper_id": "Sy2fzU9gl", "header": "beta-VAE: Learning Basic Visual Concepts with a Constrained Variational Framework", "abstract": "We introduce beta-VAE, a new state-of-the-art framework for automated discovery of interpretable factorised latent representations from raw image data in a completely unsupervised manner.", "reviews": [{"reviewer": "ICLR 2017 pcs", "Comment": "This paper proposes a modification of the variational ELBO in encourage 'disentangled' representations, and proposes a measure of disentanglement. The main idea and is presented clearly enough and explored through experiments. This whole area still seems a little bit conceptually confused, but by proposing concrete metrics and methods, this paper makes several original contributions.", "Decision": "Accept (Poster)"}, {"reviewer": "Galin Georgiev", "Review": "The paper is attacking a classical and very hard problem: non-linear PCA i.e. learning the principal components a.k.a independent factors, a.k.a. orthogonal geodesics in the highly non-linear latent manifold of a given data-set. Moreover, the paper is hoping for these factors to be humanly-interpretable. The problem is so hard that is likely unsolvable in unsupervised fashion for real-life datasets. After all, even we humans are able to zero-in the the type of, say, legs of chairs (Fig 3 in the paper), only after we have identified the object as a chair and have rotated and translated it. The importance of this problem is hard to overstate, so we hope the paper is accepted, on the grounds of asking so fundamental a question.\n\nThe paper correctly points out the inability of VAE to disentangle important factors even on toy data-sets. This of course has been known for awhile, e.g., Fig 4. on reference [1], from almost 2 years ago. On the back of so much hope and expectation built-up in the introduction, the solution put forward in the paper strikes us as a curious but a hardly useful toy. Slapping a large multiplicative factor on the generative error term of a VAE is not going to work for any real-life datasets. Generation without reconstruction leads to schizophrenia, as every respectable psychiatrist will  testify. Physicists have attacked this problem considerably earlier than DeepMind and their scalable and conceptual solutions have been discussed at length in references [1], section 1.6, section 4, and most of reference [2]. In short, for spatial, color, time symmetries, symmetry statistics are produced by smaller specialized nets like spatial transformers and used to augment the latent variables, to aid the decoder. As demonstrated in reference [2], Figures 3,4, this is indispensable in order to handle distortion, e.g., spatial transformation. Note that this approach is completely unsupervised. \n\nThis of course does not handle complex factors like \"type of legs\" but that is a hell of an ambitious goal, and while we hope to be proven wrong, probably way beyond reach of machines and even many humans (for real-life data-sets that is!)\n\nBy complete luck, the authors may have hit upon something else of fundamental importance: the letter \"beta\" for their multiplicative coefficient is of course reserved in statistical physics for the inverse of the temperature. This requires the separation of generative \"energy\" and \"entropy\" and is  partially addressed in section 2.9 of reference [1]. The correct definition of \"generative temperature\" is not published yet, but used extensively in experiments and can be privately communicated upon request. When worked out correctly, the beta does not multiply the generative error, as in this paper, so it would be very interesting to repeat the toy experiments here with the \"correct\" physical model instead.\n\nA question to the authors: creating a new metric (\"disentanglement\") as u do is commendable but after hundred years of PCA, ICA, etc , is there no some proxy that can be used instead? Also, could you not for example simply distort the dataset along  different factors and then look for the quality of the reconstructed images (as in the Introduction of reference [2])?\n\n[1] ", "Rating": "7: Good paper, accept", "Confidence": "5: The reviewer is absolutely certain that the evaluation is correct and very familiar with the relevant literature"}, {"reviewer": "ICLR 2017 conference AnonReviewer2", "Review": "The paper proposes beta-VAE which strengthen the KL divergence between the recognition model and the prior to limit the capacity of latent variables while sacrificing the reconstruction error. This allows the VAE model to learn more disentangled representation. \n\nThe main concern is that the paper didn't present any quantitative result on log likelihood estimation. On the quality of generated samples, although the beta-VAE learns disentangled representation, the generated samples are not as realistic as those based on generative adversarial network, e.g., InfoGAN. Beta-VAE learns some interpretable factors of variation, but it still remains unclear why it is a better (or more efficient) representation than that of standard VAE.\n\nIn experiment, what is the criteria for cross-validation on hyperparameter \\beta?\n\nThere also exists other ways to limit the capacity of the model. The simplest way is to reduce the latent variable dimension. I am wondering how the proposed beta-VAE is a better model than the VAE with reduced, or optimal latent variable dimension.\n", "Rating": "5: Marginally below acceptance threshold", "Confidence": "4: The reviewer is confident but not absolutely certain that the evaluation is correct", "Comment": "We thank the reviewer for his work, but given their review we are afraid they may have misunderstood the point of our paper and did not provide a fair assessment of our contribution.\nWe hope our responses below and the comments of the other reviewers may help clarify the scope of our work and its significance.\n\n1. We do not present any quantitative result on log-likelihood estimation, because it is not the main point of our paper (as also pointed out by AnonReviewer3). This also relates to the reviewer\u2019s comment about the quality of beta-VAE samples and how they compare to those by InfoGAN. The quality of reconstructions of beta-VAE and InfoGAN are in line with the base methods the two approaches are built upon - the VAE and GAN. Hence our reconstructions are blurrier than those of InfoGAN due to the limitations of VAEs. Saying this, InfoGAN suffers from the shortcomings of GANS, such as training instability and mode jumping. We stress again: we do not strive in this paper for good quality reconstructions; the main point of our paper is the quality of the learned representations i.e. the disentangling capability of our approach, and in this regard we clearly demonstrate that our method outperforms InfoGAN, which is the current state of the art fully unsupervised method for disentangled factor learning. In addition, we address the other main shortcoming of the InfoGAN paper (and indeed, most other unsupervised representation-learning papers): a lack of justification for the conclusion apart from weak empirical evidence, which we address by our quantitative disentanglement metric.\n\n2. The benefits of the representations learnt by beta-VAE over those learnt by a standard VAE come from their disentangled property. The benefits of disentangled representations have been argued for by many, including Bengio (2013) and most recently in a review article on representation learning that has just come out on arxiv ("}, {"reviewer": "ICLR 2017 conference AnonReviewer1", "Review": "Summary\n===\n\nThis paper presents Beta-VAE, an augmented Variational Auto-Encoder which\nlearns disentangled representations. The VAE objective is derived\nas an approximate relaxation of a constrained optimization problem where\nthe constraint matches the latent code of the encoder to a prior.\nWhen KKT multiplier beta on this constraint is set to 1 the result is the\noriginal VAE objective, but when beta > 1 we obtain Beta-VAE, which simply\nincreases the penalty on the KL divergence term. This encourages the model to\nlearn a more efficient representation because the capacity of the latent\nrepresentation is more limited by beta. The distribution of the latent\nrepresentation is rewarded more when factors are independent because\nthe prior (an isotropic Gaussian) encourages independent factors, so the\nrepresentation should also be disentangled.\n\nA new metric is proposed to evaluate the degree of disentanglement. Given\na setting in which some disentangled latent factors are known, many examples\nare generated which differ in all of these factors except one. These examples\nare encoded into the learned latent representation and a simple classifier\nis used to predict which latent factor was kept constant. If the learned\nrepresentation does not disentangle the constant factor then the classifier\nwill more easily confuse factors and its accuracy will be lower. This\naccuracy is the final number reported.\n\nA synthetic dataset of 2D shapes with known latent factors is created to\ntest the proposed metric and Beta-VAE outperforms a number of baselines\n(notably InfoGAN and the semi-supervised DC-IGN).\n\nQualitative results show that Beta-VAE learns disentangled factors\non the 3D chairs dataset, a dataset of 3D faces, and the celebA dataset\nof face images. The effect of varying Beta is also evaluated using the proposed\nmetric and the latent factors learned on the 2D shapes dataset are explored\nin detail.\n\n\nStrengths\n===\n* Beta-VAE is simple and effective.\n\n* The proposed metric is a novel way of testing whether ground truth factors\nof variation have been identified.\n\n* There is extensive comparison to relevant baselines.\n\n\nWeaknesses\n===\n\n* Section 3 describes the proposed disentanglement metric, however I feel\nI need to read the caption of the associated figure (I thank for adding\nthat) and Appendix 4 to understand the metric intuitively or in detail.\nIt would be easier to read this section if a clear intuition preceeded\na detailed description and I think more space should be devoted to this\nin the paper.\n\n* Appendix 4: Why was the bottom 50% of the resulting scores discarded?\n\n* As indicated in pre-review comments, the disentanglement metric is similar\nto a measure of correlation between latent features. Could the proposed metric\nbe compared to a direct measure of cross-correlation between latent factors\nestimated over the 2D shapes dataset?\n\n\n* The end of section 4.2 observes that high beta values result in low\ndisentanglement, which suggests the most efficient representation is not\ndisentangled. This seems to disagree with the intuition from the approach\nsection that more efficient representations should be disentangled. It would\nbe nice to see discussion of potential reasons for this disagreement.\n\n* The writing is somewhat dense.\n\n\nOverall Evaluation\n===\nThe core idea is novel, simple and extensive tests show that it is effective.\nThe proposed evaluation metric is novel might come into broader use.\nThe main downside to the current version of this paper is the presentation,\nwhich provides sufficient detail but could be more clear.", "Rating": "7: Good paper, accept", "Confidence": "4: The reviewer is confident but not absolutely certain that the evaluation is correct", "Comment": "Sorry, we initially entered wrong cross-correlation values for VAE and beta-VAE in the original response, but have now corrected them."}, {"reviewer": "Irina Higgins", "Comment": "Sorry, we initially entered wrong cross-correlation values for VAE and beta-VAE in the original response, but have now corrected them."}, {"reviewer": "ICLR 2017 conference AnonReviewer3", "Review": "\nThis paper proposes the beta-VAE, which is a reasonable but also straightforward generalization of the standard VAE. In particular, a weighting factor beta is added for the KL-divergence term to balance the likelihood and KL-divergence. Experimental results show that tuning this weighting factor is important for learning disentangled representations. A linear-classifier based protocol is proposed for measuring the quality of disentanglement. Impressive illustrations on manipulating latent variables are shown in the paper. \n\nLearning disentangled representations without supervision is an important topic. Showing the effectiveness of VAE for this task is interesting. Generalizing VAE with a weighting factor is straightforward (though reformulating VAE is also interesting), the main contribution of this paper is on the empirical side. \n\nThe proposed protocol for measuring disentangling quality is reasonable. Establishing protocol is one important methodology contribution of this paper, but the presentation of Section 3 is still not good. Little motivation is provided at the beginning of Section 3. Figure 2 is a summary of the algorithm, which is helpful, but it still necessary to intuitively explain the motivation at the first place (e.g., what you expect if a factor is disentangled, and why the performance of a classifier can reflect such an expectation). Moreover, 1) z_diff appeared without any definition in the main text. 2) Use \u201cdecoding\u201d for x~Sim(v,w) may make people confuse the ground truth sampling procedure w ith the trained decoder. \n\nThe illustrative figures on traversing the disentangled factor are impressive, though image generation quality is not as good as InfoGAN (not the main point of this paper). However, 1) it will be helpful to discuss if the good disentangling quality only attribute to the beta factor and VAE framework. For example, the training data in this paper seems to be densely sampled for the visualized factors. Does the sampling density play a critical role? 2) Not too many qualitative results are provided for each experiment? Adding more figures (e.g., in appendix) to cover more factors and seeding images can strength the conclusions drawn in this paper. 3) Another detailed question related to the generalizability of the model: are the seeding image for visualizing faces from unseen subjects or subjects in the training set? (maybe I missed something here.)\n\nQuantitative results are only presented for the synthesized 2D shape. What hinders this paper from reporting quantitative numbers on real data (e.g., the 2D and 3D face data)? One possible reason is that not all factors can be disentangled for real data, but it is still feasible to pick up some well-defined factor to measure the quantitative performance. \n\nQuantitative performance is only measured by the proposed protocol. Since the effectiveness of the protocol is something the paper need to justify, reporting quantitative results using simpler protocol is helpful both for demonstrating the disentangling quality and for justifying the proposed protocol (consistency with other measurement). A simple experiment is facial identity recognition and pose estimation using disentangled features on a standard test set (like in Reed et al, ICML 2014). \n\nIn Figure 6 (left), why ICA is worse than PCA for disentanglement? Is it due to the limitation of the ICA algorithm or some other reasons? \n\nIn Figure 6 (right), what is \u201cfactor change accuracy\u201d? According to Appendix A.4 (which is not referred to in the main text), it is the \u201cDisentanglement metric score\u201d. Is that right?\nIf so Figure 6 (right) shows the reconstruction results for the best disentanglement metric score. Then, 1) how about random generation or traversing along a disentangled factor? 2) more importantly, how is the reconstruction/generation results when the disentanglement metric score is suboptimal. \n\nOverall, the results presented in this paper are very interesting, but there are many details to be clarified. Moreover, more quantitative results are also needed. I hope at least some of the above concerns can be addressed. \n\n\n\n", "Rating": "6: Marginally above acceptance threshold", "Confidence": "4: The reviewer is confident but not absolutely certain that the evaluation is correct", "Comment": "Thank you for the authors' detailed reply. The descriptions of the evaluation metric are much better. \n\nThe discussion in A.8 is very helpful. In the meanwhile, learning disentangled features with beta-VAE on relatively discontinuous data also seems to be difficult. \n\nFor Table 2, the results are fine, but also a bit mixed (compared to PCA). Moreover, in order to show the degree of disentanglement, it is also important to show the classification rate using features mismatched with the tasks (e.g., id recognition using rotation features). I understand it may be cumbersome to report all possible combinations, but focusing on one or two recognition tasks (e.g., the id recognition) is definitely doable. \n\nIn general, I recommend acceptance for this paper, because 1) disentangling factors of variations in an unsupervised way is important; 2) the visualization results are interesting. In the meanwhile, the quantitive results and practical significance are not so strong as expected (I am not saying they are too weak). \n"}, {"reviewer": "ICLR 2017 conference AnonReviewer3", "Comment": "Thank you for the authors' detailed reply. The descriptions of the evaluation metric are much better. \n\nThe discussion in A.8 is very helpful. In the meanwhile, learning disentangled features with beta-VAE on relatively discontinuous data also seems to be difficult. \n\nFor Table 2, the results are fine, but also a bit mixed (compared to PCA). Moreover, in order to show the degree of disentanglement, it is also important to show the classification rate using features mismatched with the tasks (e.g., id recognition using rotation features). I understand it may be cumbersome to report all possible combinations, but focusing on one or two recognition tasks (e.g., the id recognition) is definitely doable. \n\nIn general, I recommend acceptance for this paper, because 1) disentangling factors of variations in an unsupervised way is important; 2) the visualization results are interesting. In the meanwhile, the quantitive results and practical significance are not so strong as expected (I am not saying they are too weak). \n"}, {"reviewer": "[Deleted]"}, {"reviewer": "ICLR 2017 conference AnonReviewer1", "Question": "* I'm having trouble understanding the proposed disentanglement metric. Here's my attempt at summarizing the metric\n\n1. Choose some factor k.\n2. Sample two sets of latent representations, A and B, one with perturbed v_k.\n3. Decode the re-encode each latent representation.\n4. Use the difference between re-encoded latent representations to predict k and measure the accuracy of this predictor.\n\nIf the latent representation v_k is disentangled then step 4 will be easy, otherwise it will be hard. Thus, the performance of the predictor measures something like disentanglement.\n\nIs that right? Could section 3 be clarified in the paper?\n\n* Supposing my understanding of the metric is accurate, if v_k is correlated with other latent factors then it's impossible to distinguish between v_k and the correlated factors using a simple classifier. This makes the prediction task in step 4 hard. Otherwise, when v_k is not correlated with other factors, it's possible that z_diff can distinguish between v_ks, so step 4 could be easy. If this is the right idea, then is the proposed metric simply saying that a representation is disentangled when its components are not correlated with each other?", "Comment": "The intuition is almost correct. In the terms suggested by the reviewer, the correct intuition would be:\n\n\n1. Choose some factor k.\n2. For a batch of N samples:\na. Sample two sets of latent representations, A and B, where v_k^A = v_k^B (and all other v_i may change).\n\tb. Decode then re-encode each latent representation.\n\tc. Calculate the difference z_diff between re-encoded latent representations \n3. Use the average z_diff over N samples to predict k and measure the accuracy of this predictor.\n\n\nWe have modified Section 3 to add an intuitive clarification.\n\n\nYour intuition is correct - the metric does say that a representation is disentangled when its components are not correlated, whereby p(z) = \u220f_i \u222b_x p(z_i | x) . The components may be conditionally dependent given a particular image though: p(z_x) != \u220f_i p(z_i | x). The metric can deal with such conditional dependencies due to its batch averaging of z_diff.\n\n\nAlso the model can only learn to disentangle factors that are statistically independent in the data. For example, if in CelebA the majority of young people are female and the majority of older people are male, the best one can hope for is for the model to disentangle out a joint factor of age/gender (as seen in Figure 4). \n"}, {"reviewer": "ICLR 2017 conference AnonReviewer3", "Question": "(v,w) categorizes the latent representations into disentangled dimensions and non-disentangled dimensions. Is it possible to consider group-wise disentangling? This is more practical for complex factors, such as human identity.\n\nThe measurement proposed in Section 3 is intuitively to measure if a certain dimension (or certain dimensions) has lower variance when a certain factor is fixed. Compared to more basic measurements, such as variance, what are the benefits of using a linear classifier? \n\nThe presentation of Section 3 is confusing. Is it possible to make the intuition clearer in the main text?\n\nIn Section 4, was the measurement in Section 3 maximized to determine beta? (I have not read all details in Section 4, so I might just miss this)\n\n\n", "Comment": "What do you mean by \u2018group-wise disentangling\u2019? Do you mean conditionally dependent factors (i.e. given identity X, factors such as face shape, eye colour, hair style etc can be explained away)? If this is the case, we believe that identity would be a \u2018complex\u2019 factor consisting of a particular combination of more \u2018simple\u2019 factors of face shape, eye colour etc. Learning such \u2018complex\u2019 factors would require learning hierarchical latent representations, which is something we do not address in the current work but leave for future efforts. The present paper only attempts to learn a set of \u2018simple\u2019 data generative factors that lie at the bottom of such potential hierarchy.\n\n\nOur model can only learn to disentangle factors that are statistically independent in the data. If in the data certain features are strongly correlated (e.g. full lips often co-occur with wider noses due to the two features being encoded in the same genes), then our model will learn a factor that encodes both of these features, resulting in \u2018group-wise disentangling\u2019 of a sort. An example of such coding can be found in CelebA, where it appears that the majority of young people are female and the majority of older people are male. Hence our model learns to disentangle out a \u2018group-wise\u2019 factor of age/gender (as seen in Figure 4). \n\n\nLinear classifier helps our disentanglement metric have a single interpretable score that we can use to better compare different models in a way that reflects disentanglement. Calculating the average variance per factor per X batches would be a worse measure, because we are interested in factor k having lower variance on average compared to other factors i != k. In absolute terms such average variance is not informative with regards to the level of disentanglement achieved. We believe that using a linear classifier is one of the easier ways to quantify whether factor k has lower average variance.\n\n\nWe have added Figure 2 in Section 3 to add an intuitive clarification of our proposed metric.\n\n\nWe did not explicitly try to maximise the disentanglement metric to determine beta, because this metric works in a semi-supervised case and we wanted to demonstrate that beta-VAE works in a completely unsupervised setting. We did show, however, that the best values of betas chosen through visual inspection heuristics match well the optimal betas found through calculating the disentanglement metric (see Fig. 5 right)\n"}], "url": "/pdf?id=Sy2fzU9gl"}