{"paper_id": "SyK00v5xx", "header": "A Simple but Tough-to-Beat Baseline for Sentence Embeddings", "abstract": "A simple unsupervised method for sentence embedding that can get results comparable to sophisticated models like RNN's and LSTM's", "reviews": [{"reviewer": "ICLR 2017 pcs", "Comment": "A new method for sentence embedding that is simple and performs well. Important contribution that will attract attention and help move the field forward.", "Decision": "Accept (Poster)"}, {"reviewer": "ICLR 2017 conference AnonReviewer3", "Review": "This is a good paper with an interesting probabilistic motivation for weighted bag of words models.\nThe (hopefully soon) added comparison to Wang and Manning will make it stronger. \nThough it is sad that for sufficiently large datasets, NB-SVM still works better.\n\nIn the second to last paragraph of the introduction you describe a problem of large cooccurrence counts which was already fixed by the Glove embeddings with their weighting function f.\n\nMinor comments:\n\n\"The capturing the similarities\" -- typo in line 2 of intro.\n\"Recently, (Wieting et al.,2016) learned\" -- use citet instead of parenthesized citation\n ", "Rating": "7: Good paper, accept", "Confidence": "4: The reviewer is confident but not absolutely certain that the evaluation is correct", "Comment": "Thanks for the positive review!\nWe will fix the typos pointed out and add the comparisons with NB-SVM. "}, {"reviewer": "ICLR 2017 conference AnonReviewer1", "Review": "This paper proposes a simple way to reweight the word embedding in the simple composition function for sentence representation. This paper also shows the connection between this new weighting scheme and some previous work.\n\nHere are some comments on technical details:\n\n- The word \"discourse\" is confusing. I am not sure whether the words \"discourse\" in \"discourse vector c_s\" and the one in \"most frequent discourse\" have the same meaning.\n- Is there any justification about ", "Rating": "7: Good paper, accept", "Confidence": "4: The reviewer is confident but not absolutely certain that the evaluation is correct", "Comment": "Thanks for the positive review! \n\n- The \"discourse\" in \"discourse vector c_s\" and the one in \"most frequent discourse\" have the same meaning. \n\n- The top singular vector "}, {"reviewer": "ICLR 2017 conference AnonReviewer2", "Review": "This paper presents a new theoretically-principled method of representing sentences as vectors. The experiments show that vectors produced by this method perform well on similarity and entailment benchmarks, surpassing some RNN-based methods too.\n\nOverall, this is an interesting empirical result, especially since the model is not order-sensitive (as far as I can tell). I would like to see some more discussion on why such a simple model does better than LSTMs at capturing similarity and entailment. Could this be an artifact of these benchmarks?", "Rating": "8: Top 50% of accepted papers, clear accept", "Confidence": "3: The reviewer is fairly confident that the evaluation is correct", "Comment": "Thanks for the positive review!\nWe agree that our results suggest the benchmarks need to be rethought. \nAt the same time, we did a simple experiment suggesting that word order does play some role in the benchmarks. We trained and tested RNN/LSTM on the supervised tasks where the words in each sentence are randomly shuffled. Performance drops noticeably. Thus our method ---which does ignore word order---must be much better at exploiting the semantics than RNN/LSTM. We will further explore if some ensemble idea can combine the advantages of both approaches. \n\n1) Pearson\u2019s r x 100 on similarity task:\n\n           rnn    lstm(no)   lstm(o.g.)\n\nrandom:    54.50   77.24     79.39  \n\nnormal:    73.13   85.45     83.41\n\n\n2) accuracy on entailment task:\n\n           rnn    lstm(no)   lstm(o.g.)\n\nrandom:    61.7   78.2       81.0 \n\nnormal:    76.4   83.2       82.0\n\n\n3) accuracy on sentiment task:\n\n           rnn    lstm(no)   lstm(o.g.)\n\nrandom:    84.2   82.9       84.1\n\nnormal:    86.5   86.6       89.2\n\nTechnical detail: on the random order datasets, the hyperparameters are enumerated as in the paper, and the best results are reported.\n"}, {"reviewer": "ICLR 2017 conference AnonReviewer2", "Question": "Have you considered evaluating on the SNLI dataset as well? This dataset is broader than SICK in certain ways, and might be more challenging. I am curious to see if the summation-based method presented here can do as well as the attention-based systems.\nHaving said that, the evaluation is quite comprehensive as is!", "Comment": "Thanks! We will test on it soon. "}, {"reviewer": "ICLR 2017 conference AnonReviewer1", "Question": "In the experiments, did the sentence set S mentioned in algorithm 1 include both training and test examples? If the test examples were not included, then how to do the projection step in line 6 on the test examples?", "Comment": "For the textual similarity tasks, since our method is unsupervised, we do not use the training dataset and we compute the principle component on all the test examples.\n\nFor the supervised task, we do not remove the common component, since it can be absorbed into the classifier. Please see Section A.2 in the appendix for the details.\n"}, {"reviewer": "ICLR 2017 conference AnonReviewer3", "Question": "It'd be great to compare on some of the dataset used in Wang and Manning who use simple Naive Bayes SVM hybrids.\nFor example: IMDB or Stanford Sentiment Treebank.\nHow does your model do on those?", "Comment": "Thanks for the suggestion! We have tested on the Stanford Sentiment Treebank (Table 2), though we didn't find Wang and Manning'12 tested on it. We will try IMDB and potentially other datasets reported in Wang and Manning'12. "}, {"reviewer": "Jiaqi Mu", "Comment": "Thanks for your interest!\n\nI experimented the idea of removing function words. It gets similar performance as unweighted average on STS tasks.\n                                 avg-GloVe   remove-function-word\n                 STS-2012-average     52.5            52.7 \n                 STS-2013-average     42.3            38.7\n                 STS-2014-average     54.2            53.6 \n                 STS-2015-average     52.7            54.0\n\nOne possible reason is that the content words have various frequencies, and our weighting does more than removing the function words. \n\nDetails: use NLTK software package to find noun, verb, adjective and adverb; use only these types of words in a sentence, compute the average of their word vectors as the sentence embedding.  "}, {"reviewer": "Tara N Sainath", "Comment": "Thanks for pointing out the font issue!"}], "url": "/pdf?id=SyK00v5xx"}