{"paper_id": "9bFY3t2IJ19AC", "header": "Affinity Weighted Embedding", "abstract": "Supervised (linear) embedding models like Wsabie and PSI have proven successful at ranking, recommendation and annotation tasks. However, despite being scalable to large datasets they do not take full advantage of the extra data due to their linear nature, and typically underfit. We propose a new class of models which aim to provide improved performance while retaining many of the benefits of the existing class of embedding models. Our new approach works by iteratively learning a linear embedding model where the next iteration's features and labels are reweighted as a function of the previous iteration. We describe several variants of the family, and give some initial results.", "reviews": [{"reviewer": "Jason Weston", "Review": "- The results of G alone are basically the 'k-Nearest Neighbor (Wsabie space)' results that are in the tables.\n\n- We initialized the parameters of step 3 with the ones from step 1. Without this I think the results could be worse as you are losing a lot of the pairwise label comparisons from the training if G is sparse, so somehow because of the increased capacity, it is more possible to overfit. This may not be necessary if the dataset is big enough.\n\n- Running time depends on the cost of computing G. In the imagenet experiments we did the full nearest neighbor computation (computed in parallel) which is obviously very costly (proportional to the training set size). However approximate kNN could also be considered as we said, amongst other choices of G."}, {"reviewer": "anonymous reviewer 0248", "Review": "This work proposes a new nonlinear embedding model and applies it to a music annotation and image annotation task. Motivated by the fact that linear embedding models typically underfit on large datasets, the authors propose a nonlinear embedding model with greater capacity. This model weights examples in the embedding by their affinity in an initial linear embedding. The model achieves modest performance improvements on a music annotation task, and large performance improvements on ImageNet annotation. The ImageNet result achieves comparable performance to a very large convolutional net.\n\nThe model presented in the paper is novel, addresses an apparent need for a higher capacity model class, and achieves good performance on a very challenging problem. \n\nThe paper is clear but has a rushed feel, with some explanations being extremely terse. Although the details of the algorithms and experiments are specified, the intuition behind particular algorithmic design choices is not spelled out and the paper would be stronger if these were.\n\nThe experimental results are labeled 'preliminary,' and although they demonstrate good performance on ImageNet, they do not carefully investigate how different design choices impact performance. The ImageNet performance comparisons to related algorithms are hard to interpret because of a different train/testing split, and because a recent highly performing convolutional net was not considered (though the authors discuss its likely superior performance). \n\nFinally, the presented experiments focus on performance on tasks of interest, but do not address the running time and storage cost of the algorithm. The authors mention the fact that their algorithm is more computationally and space-intensive than linear embedding; it would be useful to see running times (particularly in comparison to Dean et al. and Krizhevsky et al.) to give a more complete picture of the advantages of the algorithm."}, {"reviewer": "anonymous reviewer 3e4d", "Review": "Affinity Weighted Embedding\n\nPaper summary\n\nThis paper extends supervised embedding models by combining them multiplicatively,\ni.e. f'(x,y) = G(x,y) f(x,y).\nIt considers two types of model, dot product in the *embedding* space and kernel density in the *embedding* space, where the kernel in the embedding space is restricted to\nk((x,y),(x','y)) = k(x-x')k(y-y').\nIt proposes an iterative algorithm which alternates f and G parameter updates.\n\nReview Summary\n\nThe paper is clear and reads well. The proposed solution is novel. Combining local kernels and linear kernel in different embedding space could leverage the best characteristic for each of them (locality for non-linear, easier training for linear). The experiments are convincing. I would suggest adding the results for G alone.\n\nReview Details\n\nStep (2), i.e. local kernel, is interesting on its own. Could you report its result? The optimization problem seems harder than step (1), could you quantify how much the pretraining with step (1) helps step (2)?  A last related question, how do you initialize the parameters for step (3)?"}], "url": "https://arxiv.org/abs/1301.4171"}