{"paper_id": "2LzIDWSabfLe9", "header": "Herded Gibbs Sampling", "abstract": null, "reviews": [{"reviewer": "Maya Baya", "Review": "The updated Herded Gibbs report is now available on arxiv at the following url:\n\n"}, {"reviewer": "Luke Bornn, Yutian Chen, Nando de Freitas, Mareija Eskelin, Jing Fang, Max Welling", "Review": "Taking the reviewers' comments into consideration, and after many useful email exchanges with experts in the field including Prof Art Owen, we have prepared a newer version of the report. If it is not on Arxiv by the time you read this, you can find it at \n\n"}, {"reviewer": "Art Owen", "Review": "Nando asked me for some comments and then he thought I should share them on openreview. So here they are.\n\nThere are a few other efforts at replacing the IID numbers which drive MCMC. It would be interesting to explore the connections among them.  Here is a sample:\n\nJim Propp and others have been working on rotor-routers for quite a while. Here is one link:\n"}, {"reviewer": "Maya Baya", "Review": "Dear reviewers,\n\nThank you for the encouraging reviews and useful feedback. We will soon address your questions and comments.\n\nTo this end, we would like to begin by announcing that the code is available online in both matlab and python, at:\n\n"}, {"reviewer": "anonymous reviewer 2d06", "Review": "The paper presents a deterministic 'sampling' algorithm for unnormalized distributions on discrete variables, similar to Gibbs sampling, which operates by  matching the statistics of the conditional distribution of each node given its Markov blanket. Proofs are provided for the independent and fully-connected cases, with an impressive improvement in asymptotic convergence rate to O(1/T) over O(1/sqrt(T)) available from Monte Carlo methods in the fully-connected case. Experimental results demonstrate herded Gibbs outperforming traditional Gibbs sampling in the sparsely connected case, a regime unfortunately not addressed by the provided proofs. The algorithm's Achilles heel is its prohibitive worst-case memory complexity, scaling exponentially with the maximal node degree of the network.\n\nThe paper is compelling for its demonstration that a conceptually simple deterministic procedure can (in some cases at least) greatly outperform Gibbs sampling, one of the traditional workhorses of Monte Carlo inference, both asymptotically and empirically. Though the procedure in its current form is of little use in large networks of even moderate edge density, the ubiquity of application domains involving very sparse interaction graphs makes this already an important contribution. The proofs appear to be reasonable upon cursory examination, but I have not as yet verified them in detail.\n\nPROS\n\n* A lucidly explained idea that gives rise to somewhat surprising theoretical results.\n* Proofs of convergence as well as experimental interrogations.\n* A step towards practical herding algorithms for dense unnormalized models, and an important milestone for the literature on herding in general.\n\nCONS\n\n* An (acknowledged) disconnect between theory and practice -- available proofs apply only in cases that are uninteresting or impractical.\n* Experiments in 4.3 make mention of NER with skip-chain CRFs, where Viterbi is not tractable, but resorts to experiments with chain CRFs instead. An additional experiment utilizing skip-chain CRFs (a more challenging inference task, not amenable to Viterbi) would have been more compelling,  though I realize space is at a premium.\n\nMinor concerns:\n- The precise dimensionality of the image denoising problem is, as far as I can tell, never specified. This would be nice to know. \n- More details as to how the herded Gibbs procedure maps onto the point estimate provided as output on the NER task would be helpful -- presumably the single highest-probability sample is used?"}, {"reviewer": "anonymous reviewer b2c5", "Review": "This paper shows how Herding, a deterministic moment-matching algorithm, can be used to sample from un-normalized probabilities, by applying Herding to the full-conditional distributions. The paper presents (1) theoretical proof of O(1/T) convergence in the case of empty and fully-connected graphical models, as well as (2) empirical evidence, showing that Herded Gibbs sampling outperforms both Gibbs and mean-field for 2D structured MRFs and chain structured CRFs. This improved performance however comes at the price of memory, which is exponential in the maximum in-degree of the graph, thus making the method best suited to sparsely connected graphical models.\n\nWhile the application of Herding to sample from joint-distributions through its conditionals may not appear exciting at first glance, I believe this represents a novel research direction with potentially high impact. A 1/T convergence rate would be a boon in many domains of application, which tend to overly rely on Gibbs sampling, an old and often brittle sampling algorithm. The algorithm's exponential memory requirements are somewhat troubling. However, I believe this can be overlooked given the early state of research and the fact that sparse graphical models represent a realistic (and immediate) domain of application.\n\nThe paper is well written and clear. I unfortunately cannot comment on the correctness of the convergence proofs (which appear in the Appendix), as those proved to be too time-consuming for me to make a professional judgement on.  Hopefully the open review process of ICLR will help weed out any potential issues therein.\n\nPROS:\n* A novel sampling algorithm with faster convergence rate than MCMC methods.\n* Another milestone for Herding: sampling for un-normalized probabilities \n(with tractable conditionals).\n* Combination of theoretical proofs (when available) and empirical evidence.\n* Experiments are thorough and span common domains of application: image denoising through MRFs and Named Entity Recognition through chain-CRFs.\n\nCONS:\n* Convergence proofs hold for less than practicle graph structures. \n* Exponential memory requirements of the algorithm make Herded Gibbs sampling impractical for lage families of graphical models, including Boltzmann Machines."}, {"reviewer": "anonymous reviewer cf4e", "Review": "Herding has an advantage over standard Monte Carlo method, in that\nit estimates some statistics quickly, while Monte Carlo methods\nestimate all statistics but more slowly.\n\nThe paper presents a very interesting but impractical attempt to\ngeneralize Herding to Gibbs sampling by having a 'herding chain' for\neach configuration of the Markov blanket of the variables.  In\naddition to the exponential memory complexity, it seems like the\nmethod should have an exponentially large constant hidden in the\nO(1/T) convergence rate: Given that there are many herding chains,\neach herding parameter would be updated extremely infrequently, which\nwould result in an exponential slowdown of the Herding effect and thus\nincrease the constant in O(1/T).  And indeed, lambda from theorem 2\nhas a 2^N factor.\n\nThe theorem is interesting in that it shows eventual O(1/T)\nconvergence in full distribution: that is, the empirical joint\ndistribution eventually converges to the full joint distribution.\nHowever, in practice we care about estimating marginals and not\njoints.  Is it possible to show fast convergence on every subset of\nthe marginals, or even on the singleton variables?  Can it be done\nwith a favourable constant?  Can such a result be derived from the\ntheorems presented in the paper?  Results about marginals would \nbe of more practical interest.\n\nThe experiments show that the idea works in principle, which is good.\n\nIn its current form, the paper presents a reasonable idea but is\nincomplete, since the idea is too impractical. It would be great if\nthe paper explored a practical implementation of Gibbs herding, even\nan is approximate one.  For example, would it be possible to represent\nw_{X_{Ni}} with a big linear function A X_{Ni} for all X and to herd\nA, instead of slowly herding the various W_{X_{Ni}}?  Would it work?\nWould it do something sensible on the experiments?  Can it be proved\nto work in a special case?\n\nIn conclusion, the paper is very interesting and should be accepted.  Its weakness is the general impracticality of the method."}, {"reviewer": "anonymous reviewer 600b", "Review": "Herding is a relatively recent idea [23]: create a dynamical system that evolves a vector, which when time-averaged will match desired expectations. Originally it was designed as a novel means to generalize from observed data with measured moments. In this work, the conditional distributions of a Gibbs sampler are matched, with the hope of sampling from arbitrary target distributions.\n\nAs reviewed by the paper itself, this work joins only a small number of recent papers that try to simulate arbitrary target distributions using a deterministic dynamical system. Compared to [19] this work potentially works better in some situations: O(1/T) convergence can happen, whereas [19] seems to emulate a conventional Gibbs sampler with O(1/T^2) convergence. However, the current work seems to be more costly in memory and less-generally applicable than Gibbs sampling, because it needs to track weights for all possible conditional distributions (all possible neighbourhood settings for each variable) in some cases. The comparison to [7] is less clear, as that is motivated by O(1/T) QMC rates, but I don't know if/how it would compare to the current work. (No comparison is given.)\n\nOne of the features of Markov chain Monte Carlo methods, such as Gibbs sampling, is that represents _joint_ distributions, through examples. Unlike variational approximation methods, no simple form of the distribution is assumed, but Monte Carlo sampling may be a less efficient way to get marginal distributions. For example, Kuss and Rasmussen "}, {"reviewer": "anonymous reviewer 600b", "Review": "Herding is a relatively recent idea [23]: create a dynamical system that evolves a vector, which when time-averaged will match desired expectations. Originally it was designed as a novel means to generalize from observed data with measured moments. In this work, the conditional distributions of a Gibbs sampler are matched, with the hope of sampling from arbitrary target distributions.\n\nAs reviewed by the paper itself, this work joins only a small number of recent papers that try to simulate arbitrary target distributions using a deterministic dynamical system. Compared to [19] this work potentially works better in some situations: O(1/T) convergence can happen, whereas [19] seems to emulate a conventional Gibbs sampler with O(1/T^2) convergence. However, the current work seems to be more costly in memory and less-generally applicable than Gibbs sampling, because it needs to track weights for all possible conditional distributions (all possible neighbourhood settings for each variable) in some cases. The comparison to [7] is less clear, as that is motivated by O(1/T) QMC rates, but I don't know if/how it would compare to the current work. (No comparison is given.)\n\nOne of the features of Markov chain Monte Carlo methods, such as Gibbs sampling, is that represents _joint_ distributions, through examples. Unlike variational approximation methods, no simple form of the distribution is assumed, but Monte Carlo sampling may be a less efficient way to get marginal distributions. For example, Kuss and Rasmussen "}], "url": "https://arxiv.org/abs/1301.4168"}