{"paper_id": "kk_XkMO0-dP8W", "header": "Feature Learning in Deep Neural Networks - A Study on Speech Recognition\r\n    Tasks", "abstract": "Recent studies have shown that deep neural networks (DNNs) perform significantly better than shallow networks and Gaussian mixture models (GMMs) on large vocabulary speech recognition tasks. In this paper we argue that the difficulty in speech recognition is primarily caused by the high variability in speech signals. DNNs, which can be considered a joint model of a nonlinear feature transform and a log-linear classifier, achieve improved recognition accuracy by extracting discriminative internal representations that are less sensitive to small perturbations in the input features. However, if test samples are very dissimilar to training samples, DNNs perform poorly. We demonstrate these properties empirically using a series of recognition experiments on mixed narrowband and wideband speech and speech distorted by environmental noise.", "reviews": [{"reviewer": "Mike Seltzer", "Review": "We\u2019d like to thank the reviewers for their comments. \n\nWe have uploaded a revised version of the paper which we believe addresses reviewers\u2019 concerns as well as the grammatical issues and typos. \n \nWe have revised the abstract and introduction to better establish the purpose of the paper. Our goal is to demonstrate that deep neural networks can learn internal representations that are robust to variability in the input, and that this robustness is maintained when large amounts of training data are used. Much work in DNNs has been on smaller data sets and historically, in speech recognition, large improvements observed on small systems usually do not translate when applied to large-scale state-of-the-art systems. \n \nIn addition, the paper contrasts DNN-based systems and their \u201cbuilt in\u201d invariance to a wide variety of variability, to GMM-based systems, where algorithms have been designed to combat unwanted variability in a source-specific manner, i.e. they are designed to address a particular mismatch, such as the speaker or the environment. \n \nWe also believe there is also a practical implication of these results: algorithms for addressing this acoustic mismatch in speaker, environment, or other factors, which are standard and essential for GMM-based recognizers, become far less critical and potentially unnecessary for DNN-based recognizers. We think this is important for both setting future research directions and deploying large-scale systems. \n \nFinally, while some of the results have been published previously, we believe the inherent robustness of  DNNs to such diverse sources of variability is quite interesting, and is a point that might allude readers unless these results are combined and presented together. We also want to point out that the analysis of sensitivity to the input perturbation and all of the results in Section 6 on environmental robustness are new and previously unpublished. \n\nWe hope by putting together all these analyses and results in one paper we can provide some insights on the strengths and weaknesses of using a DNN for speech recognition when trained with real world data."}, {"reviewer": "anonymous reviewer 778f", "Review": "* Comments\n** Summary\n   The paper uses examples from speech recognition to make the\n   following points about feature learning in deep neural networks:\n   1. Speech recognition performance improves with deeper networks,\n      but the gain per layer diminishes.\n   2. The internal representations in a trained deep network become\n      increasingly insensitive to small perturbations in the input\n      with depth.\n   3. Deep networks are unable to extrapolate to test samples that are\n      substantially different from the training samples.\n\n   The paper then shows that deep neural networks are able to learn\n   representations that are comparatively invariant to two important\n   sources of variability in speech:  speaker variability and\n   environmental distortions.\n\n** Pluses\n   - The work here is an important contribution because it comes from\n     the application of deep learning to real-world problems in speech\n     recognition, and it compares deep learning to classical\n     state-of-the-art approaches including discriminatively trained\n     GMM-HMM models, vocal tract length normalization, feature-space\n     maximum likelihood linear regression, noise-adaptive training,\n     and vector Taylor series compensation.\n   - In the machine learning community, the deep learning literature\n     has been dominated by computer vision applications.  It is good\n     to show applications in other domains that have different\n     characteristics.  For example, speech recognition is inherently a\n     structured classification problem, while many vision applications\n     are simple classification problems.\n\n** Minuses\n   - There is not a lot of new material here.  Most of the results\n     have been published elsewhere.\n\n** Recommendation\n   I'd like to see this paper accepted because\n   1. it makes important points about both the advantages and\n      limitations of current approaches to deep learning, illustrating\n      them with practical examples from speech recognition and\n      comparing deep learning against solid baselines; and\n   2. it brings speech recognition into the broader conversation on\n      deep learning.\n\n* Minor Issues\n  - The first (unnumbered) equation is correct; however, I don't\n    think that viewing the internal layers as computing posterior\n    probabilities over hidden binary vectors provides any useful\n    insights.\n  - There is an error in the right hand side of the unnumbered\n    equation preceding Equation 4:  it should be sigma prime (the\n    derivative), not sigma.\n  - 'Senones' is jargon that is very specific to speech recognition\n    and may not be understood by a broader machine learning audience.\n  - The VTS acronym for vector Taylor series compensation is never\n    defined in the paper.\n\n* Proofreading\n  the performance of the ASR systems -> the performance of ASR systems\n\n  By using the context-dependent deep neural network -> By using context-dependent deep neural network\n\n  the feature learning interpretations of DNNs -> the feature learning interpretation of DNNs\n\n  a DNN can interpreted as -> a DNN can be interpreted as\n\n  whose senone alignment label was generated -> whose HMM state alignment labels were generated\n\n  the deep models consistently outperforms the shallow -> the deep models consistently outperform the shallow\n\n  This is reflected in right column -> This is reflected in the right column\n\n  3.2 DNN learns more invariant features -> 3.2 DNNs learn more invariant features\n\n  is that DNN learns more invariant -> is that DNNs learn more invariant\n\n  since the differences needs to be -> since the differences need to be\n\n  that the small perturbations in the input -> that small perturbations in the input\n\n  with the central frequency of the first higher filter bank at 4 kHz -> with the center frequency of the first filter in the higher filter bank at 4 kHz\n\n  between p_y|x(s_j|x_wb) and p_y|x(s_j|x_nb -> between p_y|x(s_j|x_wb) and p_y|x(s_j|x_nb)\n\n  Note that the transform is applied before augmenting neighbor frames. -> Note that the transform is applied to individual frames, prior to concatentation.\n\n  demonstrated through a speech recognition experiments -> demonstrated through speech recognition experiments"}, {"reviewer": "anonymous reviewer cf74", "Review": "The paper presents an analysis of performance of DNN acoustic models in tasks where there is a mis-match between training and test data. Most of the results do not seem to be novel, and were published in several papers already. The paper is well written and mostly easy to follow.\n\nPros:\nAlthough there is nothing surprising in the paper, the study may motivate others to investigate DNNs.\n\nCons:\nAuthors could have been more bold in ideas and experiments.\n\nComments:\n\nTable 1: it would be more convincing to show L x N for variable L and N, such as N=4096, if one wants to prove that many (9) hidden layers are needed to achieve top performance (I'd expect that accuracy saturation would occur with less hidden layers, if N would increase); moreover, one can investigate architectures that would have the same number of parameters, but would be more shallow - for example, first and last hidden layers can have N=2048, and the hidden layer in between can have N=8192 - this would be more fair to show if one wants to claim that 9 hidden layers are better than 3 (as obviously, adding more parameters helps and the current comparison with 1-hidden layer NN is completely unfair as input and output layers have different dimensionality, but one can apply other tricks there to reduce complexity - for example hierarchical softmax in the output layer etc.)\n\n'Note that the magnitude of the majority of the weights is typically very small' - note that this is also related to sizes of the hidden layers; if hidden layers were very small, the weights would be larger (output of neuron is non-linear function of weighted sum of inputs; if there are 2048 inputs that are in range (0,1), then we can naturally expect the weights to be very small)\n\nSection 3 rather shows that neural networks are good at representing smooth functions, which is the opposite to what deep architectures were proposed for. Another reason to believe that 9 hidden layers are not needed.\n\nThe results where DNN models perform poorly on data that were not seen during training are not really striking or novel; it would be actually good if authors would try to overcome this problem in a novel way. For example, one can try to make DNNs more robust by allowing some kind of simple cheap adaptation during test time. When it comes to capturing VTLN / speaker characteristics, it would be interesting to use longer-context information, either through recurrence, or by using features derived from long contexts (such as previous 2-10 seconds).\n\nTable 4 compares relative reductions of WER: however, note that 0% is not reachable on Switchboard. If we would assume that human performance is around 5-10% WER, then the difference in relative improvements would be significantly smaller. Also, it is very common that the better the baseline is, the harder it is to gain improvements (as many different techniques actually address the same problems).\n\nAlso, it is possible that DNNs can learn some weak VTLN, as they typically see longer context information; it would be interesting to see an experiment where DNN would be trained with limited context information (I would expect WER to increase, but also the relative gain from VTLN should increase)."}, {"reviewer": "anonymous reviewer 1860", "Review": "This paper is by the group that did the first large-scale speech recognition experiments on deep neural nets, and popularized the technique.  It contains various analysis and experiments relating to this setup.\n  Ultimately I was not really sure what was the main point of the paper.  There is some analysis of whether the network amplifies or reduces differences in inputs as we go through the layers; there are some experiments relating to features normalization techniques (such as VTLN) and how they interact with neural nets, and there were some experiments showing that the neural network does not do very well on narrowband data unless it has been trained on narrowband data in addition to wideband data; and also showing (by looking at the intermediate activations) that the network learns to be invariant to wideband/narrowband differences, if it is trained on both kinds of input.\n  Although the paper itself is kind of scattered, and I'm not really sure that it makes any major contributions, I would suggest the conference organizers to strongly consider accepting it, because unlike (I imagine) many of the other papers, it comes from a group who are applying these techniques to real world problems and is having considerable success.  I think their perspective would be valuable, and accepting it would send the message that this conference values serious, real-world applications, which I think would be a good thing.\n\n--\nBelow are some suggestions for minor fixes to the paper.\n\neq. 4, prime ( ') missing after sigma on top right.\n\nsec. 3.2, you do not explain the difference between average norm and maximum norm.\nWhat type of matrix norm do you mean, and what are the average and maximum taken over?\n\nafter 'narrowband input feature pairs', one of your subscripts needs to be changed."}], "url": "https://arxiv.org/abs/1301.3605"}