{"paper_id": "ttnAE7vaATtaK", "header": "Indoor Semantic Segmentation using depth information", "abstract": "This work addresses multi-class segmentation of indoor scenes with RGB-D inputs. While this area of research has gained much attention recently, most works still rely on hand-crafted features. In contrast, we apply a multiscale convolutional network to learn features directly from the images and the depth information. We obtain state-of-the-art on the NYU-v2 depth dataset with an accuracy of 64.5%. We illustrate the labeling of indoor scenes in videos sequences that could be processed in real-time using appropriate hardware such as an FPGA.", "reviews": [{"reviewer": "anonymous reviewer 5193", "Review": "This work builds on recent object-segmentation work by Farabet et al., by augmenting the pixel-processing pathways with ones that processes a depth map from a Kinect RGBD camera. This work seems to me a well-motivated and natural extension now that RGBD sensors are readily available.\n\nThe incremental value of the depth channel is not entirely clear from this paper. In principle, the depth information should be valuable. However, Table 1 shows that for the majority of object types, the network that ignores depth is actually more accurate.  Although the averages at the bottom of Table 1 show that depth-enhanced segmentation is slightly better, I suspect that if those averages included error bars (and they should), the difference would be insignificant.  In fact, all the accuracies in Table 1 should have error bars on them.  The comparisons with the work of Silberman et al. are more favorable to the proposed model, but again, the comparison would be strengthened by discussion of statistical confidence.\n\nQualitatively, I would have liked to see the ouput from the convolutional network of Farabet et al. without the depth channel, as a point of comparison in Figures 2 and 3. Without that point of comparison, Figures 2 and 3 are difficult to interpret as supporting evidence for the model using depth.\n\nPro(s)\n- establishes baseline RGBD results with convolutional networks\n   \nCon(s)\n- quantitative results lack confidence intervals\n- qualitative results missing important comparison to non-rgbd network", "Reply": "Thank you for your review and  helpful comments. We computed and added error bars as suggested in Table 1. However, computing standard deviation for the individual means per class of objects does not apply here: the per class accuracies are not computed image per image. Each number corresponds to a ratio of the total number of correctly classified pixels as a particular class, on the number of pixels belonging to this class in the dataset. \nFor the pixel-wise accuracy, we now give the standard deviation in Table 1, as well as the median. As the two variances are equal using depth or not, we computed the statistical significance using a two sample t-test, that results in a t statistic equal to 1.54, which is far from the mean performance of 52.2 and thus we can consider that the two reported means are statistically significant. \n\nAbout the class-by class improvements displayed in Table 1, we discuss the fact that objects having a constant appearance of depth are in general more inclined to take benefit from depth information. As the major part of the scenes contains categories that respect this property, the improvements achieved using depth involve a smaller number of categories, but a larger volume of data.  \n\nTo strengthen our comparison of the two networks using or not depth information, we now display the results obtained using only the multiscale network without depth information in Figure 2. \n\nWe hope that the changes that we made in the paper (which should be updated within the next 24 hours) answer your concerns."}, {"reviewer": "anonymous reviewer 03ba", "Review": "This work applies convolutional neural networks to the task of RGB-D indoor scene segmentation. The authors previously evaulated the same multi-scale conv net architecture on the data using only RGB information, this work demonstrates that for most segmentation classes providing depth information to the conv net increases performance. \n\nThe model simply adds depth as a separate channel to the existing RGB channels in a conv net. Depth has some unique properties e.g. infinity / missing values depending on the sensor. It would be nice to see some consideration or experiments on how to properly integrate depth data into the existing model. \n\nThe experiments demonstrate that a conv net using depth information is competitive on the datasets evaluated. However, it is surprising that the model leveraging depth is not better in all cases. Discussion on where the RGB-D model fails to outperform the RGB only model would be a great contribution to add. This is especially apparent in table 1. Does this suggest that depth isn't always useful, or that there could be better ways to leverage depth data?\n\n\nMinor notes:\n'modalityies' misspelled on page 1\n\nOverall:\n- A straightforward application of conv nets to RGB-D data, yielding fairly good results\n- More discussion on why depth fails to improve performance compared to an RGB only model would strengthen the experimental findings", "Reply": "Thank you for your review and helpful comments. \nThe missing values in the depth acquisition were pre-processed using inpainting code available online on Nathan Siberman\u2019s web page. We added the reference to the paper.\n In the paper, we made the observation that the classes for which depth fails to outperform the RGB model are the classes of object for which the depth map does not vary too much. We now stress out better this observation with the addition of some depth maps at Figure 2. \n\nThe question you are raising about whether or not the depth is always useful, or if there could be better ways to leverage depth data is a very good question, and at the moment is still un-answered. The current RGBD  multiscale network is the best way we found to learn features using depth, now maybe we could improve the system by introducing an appropriate contrast normalization of the depth map, or maybe we could combine the learned features using RGB and the learned features using RGBD\u2026"}, {"reviewer": "anonymous reviewer 777f", "Review": "Segmentation with multi-scale max pooling CNN, applied to indoor vision, using depth information. Interesting paper! Fine results.\n\nQuestion: how does that compare to multi-scale max pooling CNN for a previous award-winning application, namely, segmentation of neuronal membranes (Ciresan et al, NIPS 2012)?", "Reply": "Thank you for your review and pointing out the paper of Ciresan et al., that we added to our list of references. Similarly to us, they apply the idea of using a kind of multi-scale network. However, Ciseran's approach to foveation differs from ours: where we use a multiscale pyramid to provide a foveated input to the network, they artificially blur the input's content, radially, and use non-uniform sampling to connect the network to it. The major advantage of using a pyramid is that the whole pyramid can be applied convolutionally, to larger input sizes. Once the model is trained, it must be applied as a sliding window to classify each pixel in the input. Using their method, which requires a radial blur centered on each pixel, the model cannot be applied convolutionally. This is a major difference, which dramatically impacts test time. \n\nNote: Ciseran's 2012 NIPS paper appeared after our first paper (ICML 2012) on the subject."}], "url": "https://arxiv.org/abs/1301.3572"}