{"paper_id": "ttxM6DQKghdOi", "header": "Discrete Restricted Boltzmann Machines", "abstract": "In this paper we describe discrete restricted Boltzmann machines: graphical probability models with bipartite interactions between discrete visible and hidden variables. These models generalize standard binary restricted Boltzmann machines and discrete na'ive Bayes models. For a given number of visible variables and cardinalities of their state spaces, we bound the number of hidden variables, depending on the cardinalities of their state spaces, for which the model is a universal approximator of probability distributions. More generally, we describe tractable exponential subfamilies and use them to bound the maximal and expected Kullback-Leibler approximation errors of these models from above. We discuss inference functions, mixtures of product distributions with shared parameters, and patterns of strong modes of probability distributions represented by discrete restricted Boltzmann machines in terms of configurations of projected products of simplices in normal fans of products of simplices. Finally, we use tropicalization and coding theory to study the geometry of these models, and show that in many cases they have the expected dimension but in some cases they do not. Keywords: expected dimension, tropical statistical model, distributed representation, q-ary variable, Kullback-Leibler divergence, hierarchical model, mixture model, Hadamard product, universal approximation, covering code", "reviews": [{"reviewer": "Guido F", "Review": "We appreciate the comments of all three reviewers. We posted a revised version of the paper to the arxiv (scheduled to be announced March 18 2013). \n\nWhile reviewer 1922 found the paper ``comprehensive'' and ``clearly written'', reviewers e437 and fce0 were very concerned with the presentation of the paper, describing it as ``clearly not written for a machine learning audience'' and ``As it is, the paper does not cater to a machine learning crowd '' and recommended ``this paper should be submitted to a journal'' (e437) and ``I advise the authors to either: - submit it to an algebraic geometry venue - give as many intuitions as possible to help the reader get a full grasp on the results presented. '' (fce0). \n\nHaving these recommendations in mind we recognized how certain parts of the original paper might have been too technical to be presented in this venue. We decided to revise the paper focusing on the results that could be most interesting for ICLR, providing a more intuitive picture of the main results, and to treat the purely mathematical problems elsewhere. \n\nWe significantly shortened the paper from 20 to 11.5 pages + references. We reorganized the entire paper in order to improve the readability and reduce the number of definitions and concepts used throughout. In the revision we focus on the main results which do not require much mathematical background. Following the recommendation ``it is unreasonable to put all the proof in the supplementary material where they are unlikely to receive the necessary attention'' we included the proofs in the main part of the paper. \n\nWe appreciate the positive comments of reviewer 1922, which served as orientation for which of the results could be most interesting to present here in detail. Further, we thank reviewer 1922 for the literature suggestions regarding RBMs with interactions within layers and training, but in the re-organized paper we elected not to treat these topics."}, {"reviewer": "Aaron Courville", "Review": "To the reviewers of this paper,\n\nThere appear to be some disagreement of the utility of the contributions of this paper to a machine learning audience. \n\nPlease read over the comments of the other reviewers and submit comment as you see fit."}, {"reviewer": "anonymous reviewer fce0", "Review": "This paper reviews properties of the Naive Bayes models and Binary RBMs before moving on to introducing discrete RBMs for which they extend universal approximation and other properties.\n\nI think such a review and extensions are extremely interesting for the more theoretical fields such as algebraical geometry. As it is, the paper does not cater to a machine learning crowd as it's mostly a sequence of mathematical definitions and theorems statements. I advise the authors to either:\n- submit it to an algebraic geometry venue\n- give as many intuitions as possible to help the reader get a full grasp on the results presented.\n\nFor the latter point, I advise against using sentences such as 'In algebraic geometrical terms this is a Hadamard product of a collection of secant varieties of the Segre embedding of the product of a collection of projective spaces'. Though it sounds incredibly intelligent, I didn't get anything from it, despite my fair knowledge of RBMs.\n\nThis work of explaining the results is done fairly well in the Results section, especially for the universal approximation property and the approximation error. This is a good target for the review part of the paper."}, {"reviewer": "anonymous reviewer 1922", "Review": "This paper presents a comprehensive theoretical discussion on the approximation properties of discrete restricted Boltzmann machines. The paper is clearly written. It provides a contextual introduction to the theoretical results by reviewing approximation results for Naive Bayes models and binary restricted Boltzmann machines. Section 4 of the paper lists the theoretical contributions, while proofs are are delayed to the appendix.\n\nNotably, the first result gives conditions, based on the number of hidden and visible units together with their cardinalities, for the joint RBM to be a universal approximator of distributions over the visible units. The theorem provides an extension to previous results for binary RBMs. The second result shows that discrete RBMs can represent distributions with a number of strong modes that is exponential in the number of hidden units, but not necessarily exponential in the number of parameters. The third result shows that discrete RBMs can approximate any mixture of product distributions, with disjoint supports, arbitrarily well.\n\nProposition 10 is a nice result showing that a discrete RBM is a Hadamard product of mixtures of product distributions. These decompositions often help with the design of inference algorithms. Lemma 25 provides useful connections between RBMs and mixtures. Subsequently theorem 27 discusses the relation to exponential families.\nTheorem 29 provides a very nice approximation bound for the KL divergence between the RBM and a distribution in the set of all distributions over the discrete state space, and so on. The paper also presents a geometry analysis but I did not follow all the appendix details about these.\n\nFinally the appendices discuss interactions within layers and training. With regard to the first issue, I think the authors should consult\n\nH. J. Kappen. Deterministic learning rules for Boltzmann machines. Neural Networks, 8(4):537-548, 1995\n\nwhich discusses these lateral connections and approximation properties. With regard to training,  I recommend the following expositions to the authors. The last one considers a different aspect of the theory of RBMS, namely statistical efficiency of the estimators:\n\nMarlin, Benjamin, Kevin Swersky, Bo Chen, and Nando de Freitas. 'Inductive principles for restricted boltzmann machine learning.' In Proceedings of the Thirteenth International Conference on Artificial Intelligence and Statistics, pp. 509-516. 2010.\n\nTieleman, Tijmen, and Geoffrey Hinton. 'Using fast weights to improve persistent contrastive divergence.' In Proceedings of the 26th Annual International Conference on Machine Learning, pp. 1033-1040. ACM, 2009.\n\nMarlin, Benjamin, and Nando de Freitas. 'Asymptotic Efficiency of Deterministic Estimators for Discrete Energy-Based Models'. UAI 2011. \n\nThe above provide a more clear picture of stochastic maximum likelihood as well as deterministic estimators.\n\nMinor: Why does your paper end with a b?\n\nIn remark 5. It might be easier to simply use x throughout instead of v."}, {"reviewer": "anonymous reviewer e437", "Review": "The paper provides a theoretical analysis of Restricted Boltzmann Machines with multivalued discrete units, with the emphasis on representation capacity of such models.\n\nDiscrete RBMs are a special case of exponential family harmoniums introduced by Welling et al. [1] and have been known under the name of multinomial or softmax RBMs. The parameter updates given in the paper, which are its only not purely theoretical contribution, are not novel and have been known for some time. Though the authors claim that their analysis can serve as a starting point for developing novel machine learning algorithms, I am unable to see how that applies to any of the results in the paper. Thus the only contributions of the paper are theoretical.\n\nUnfortunately, those theoretical contributions do not seem particularly interesting, at least from the machine learning perspective, appearing to be direct generalizations of the corresponding results for binary RBMs. The biggest problem with the paper, however, is presentation. The paper is clearly not written for a machine learning audience. The presentation is extremely technical and even the 'non-technical' outline in Section 4 is difficult to follow. Given that the only novel contribution of the paper is the results proved in it, it is unreasonable to put all the proof in the supplementary material where they are unlikely to receive the necessary attention. The fact that the proofs will not fit in the paper due to the ICLR page limit, simply highlights the fact that this paper should be submitted to a journal.\n\n[1] Welling, M., Rosen-Zvi, M., & Hinton, G. (2005). Exponential family harmoniums with an application to information retrieval. Advances in Neural Information Processing Systems, 17, 1481-1488."}], "url": "https://arxiv.org/abs/1301.3529"}