{"paper_id": "-j1Hj5YWwrj_f", "header": "Generic Deep Networks with Wavelet Scattering", "abstract": "We introduce a two-layer wavelet scattering network, which involves no learning, for object classification. This scattering transform computes a spatial wavelet transform on the first layer and a joint wavelet transform along spatial, angular and scale variables in the second layer. Image classification results are given on Caltech databases.", "reviews": [{"reviewer": "anonymous reviewer 06bb", "Review": "I am not very familiar with scattering transform work so I cannot judge of the novelty of using 2 layers of wavelet transforms for classification. However the results are impressive in that they do not use any learning and still beat the best ImageNet-pretrained convolutional network on Caltech 101 when using 1 or 2 layers. It does not however on Caltech 256 and some insight into why that might be would have been nice.\n\npros:\n- good results with small number of layers\n\ncons:\n- no experiment with more layers, does it degrade drastically beyond 2 layers?", "Reply": "Dear reviewer,  \n\nWe would like to thank you for your helpful comments.  \n\nTwo layers wavelets transforms had been previously used for MNIST digit and texture classification but never over complex data bases such as CalTech. Concerning the compared performance on CalTech 101 and CalTech 256, we are currently redoing the experiments on Caltech 256 to understand the loss of performance. It looks like it is due to a choice of wavelets which were Haar wavelets along rotations, and seems to have impaired performances. \n\nUntil now, we observed that using a third layer with wavelet convolutions does not improve results relatively to two layers (but it does not degrade it either). We believe that beyound the second layer, we will need to learn the deep network filters, but this still needs to be fully checked. These comments are added in the abstract."}, {"reviewer": "anonymous reviewer 6006", "Review": "* A brief summary of the paper's contributions, in the context of prior work.\nPaper describes experiment of feature extraction with wavelets applied to CALTACH dataset.\n\n* An assessment of novelty and quality. \nThis is just a single numerical result. It gives some insight, but there is no novelty.\n\npros :\nIt is good that someone have done experiment on how powerful are wavelets on bigger dataset. \n\ncons :\nVery little of added value, small amount of content.", "Reply": "Dear reviewer,\n\nWe would like to thank you for your review and will try to clarify some points.\n\nCurrently deep networks are very powerful but there is a lack of understanding of the type of processing it implements. The novelty of the paper is to show that to reach 67%  there is no need to learn the deep network weights which can be taken to be wavelets along spatial, rotation, and scaling variables. It is the first time that such results hold for a relatively complex image data basis. All filters are separable and thus have a fast implementation. Learning can then be applied to improve\nthese predefined filters or to add more layers to the network.\n\nUnderstanding the processing of deep networks and how to simplify it is currently a very important challenge. It was a surprise for\nus to see that even complex image data bases such as CalTech can be tackled with predefined wavelet filters, and matching the\nperformance of the double layer ImageNet filters on CalTech is not an easy task. We believe that the results open the possibility to further important simplifications of these networks and their filters."}], "url": "https://arxiv.org/abs/1312.5940"}