{"paper_id": "6dukdvBcxn6cR", "header": "Learning States Representations in POMDP", "abstract": "We propose to deal with sequential processes where only partial observations are available by learning a latent representation space on which policies may be accurately learned.", "reviews": [{"reviewer": "Ludovic Denoyer", "Review": "We first thank the reviewer for the comment.\n\nConcerning the fact that most difficult versions of mountain car have been already solved, we perfectly agree. In our paper, we are using a very simple version of mountain car in order to demonstrate the ability of our approach to extract hidden information from observations and from the dynamicity of the system. More difficult versions of mountain car and of other complex reinforcement learning tasks are under investigation, and we plan to present these experiments in a full paper in the next months.\n\nSince the paper size was restricted to 3 pages in the call for papers, we have focused on the relation of our model with the closest/lastest models of the literature and thus we agree that this submission lacks some important references. We will submit quickly a longer version of the paper discussing the differences between our approach and other existing methods that are not described in the current version.\n\nThe three papers cited by the reviewer propose to tackle a control problem where the reward function is known: the recurrent neural networks are used as controllers for the task to solve, and thus are able to extract an hidden representation that depends on the task. Our approach is unsupervised and learn representations using randomly chosen trajectories without using the reward function. On this regard, our work is closer to the approach of (Gisslen et al., 2011) and (Duell et al., 2012) that are also based on unsupervised learning. In comparison to these last approaches, the originality is to propose a transductive model that directly learns the model of the world in the representation space, allowing us to compute simulations of the future of the system even if no information is observed (we note that (Schmidhuber,1990) could be adaptated to do so in RL applications). This also allows different ways to infer representations on new observations.\nWe'd like to stress out that the representations learned with our model could also be used for different tasks than RL.\n\n==\n'This is not accurate - the representation of (Gissl en et al., 2011) had fixed size, but in principle the history could have arbitrary depth, because they used a RAAM like Pollack's (NIPS 1989) as unsupervised sequence compressor: J. B. Pollack. Implications of Recursive Distributed Representations. Advances in Neural Information Processing Systems I, NIPS, 527-536, 1989.'\n\nYes, thank you for pointing out the lack of clarity of this sentence, it will be modified in the next version."}, {"reviewer": "anonymous reviewer 2349", "Review": "Learning States Representations in POMDP\nGabriella Contardo, Ludovic Denoyer, Thierry Artieres, Patrick Gallinari\n\nSummary: The authors present a model that learns representations of sequential inputs on random trajectories through the state space, then feed those into a reinforcement learner, to deal with partially observable environments. They apply this to a POMDP mountain car problem, where the velocity of the car is not visible but has to be inferred from successive observations.\n\nComments:\n\nPrevious work has solved more difficult versions of the POMDP mountain car problem, where the input was raw vision as opposed to the very low-dimensional state space of the authors. Please discuss in the context of the present approach:\n\nG. Cuccu, M. Luciw, J. Schmidhuber, F. Gomez. Intrinsically Motivated Evolutionary Search for Vision-Based Reinforcement Learning. In Proc. Joint IEEE International Conference on Development and Learning (ICDL) and on Epigenetic Robotics (ICDL-EpiRob 2011), Frankfurt, 2011.\nFrom the abstract: 'The method is successfully demonstrated on a vision-based version of the well-known mountain car benchmark, where controllers receive only single high-dimensional visual images of the environment, from a third-person perspective, instead of the standard two-dimensional state vector which includes information about velocity.' \n\nSec 4: 'For example (Gisslen et al., 2011) proposed to learn reprentations with an auto-associative model with a fixed-size history'\n\nThis is not accurate - the representation of  (Gisslen et al., 2011) had fixed size, but in principle the history could have arbitrary depth, because they used a RAAM like Pollack's (NIPS 1989) as unsupervised sequence compressor:\n\nJ. B. Pollack. Implications of Recursive Distributed Representations. Advances in Neural Information Processing Systems I, NIPS, 527-536, 1989.\n\nOf course, RNN for POMPD RL have been around since 1990 - please discuss differences to the approach of the authors:\n\nJ.  Schmidhuber. An on-line algorithm for dynamic reinforcement learning and planning in reactive environments. In Proc. IEEE/INNS International Joint Conference on Neural Networks, San Diego, volume 2, pages 253-258, 1990.\n\nOne should probably also discuss recent results with huge RNN for vision-based POMDP RL:\n\nJ. Koutnik, G. Cuccu, J. Schmidhuber, F. Gomez. Evolving Large-Scale Neural Networks for Vision-Based Reinforcement Learning. In Proceedings of the Genetic and Evolutionary Computation Conference (GECCO), Amsterdam, 2013.\n\nGeneral recommendation: It is not quite clear to this reviewer how this work goes beyond the previous work mentioned above. At the very least, the authors should make the differences very clear."}], "url": "https://arxiv.org/abs/1312.6042"}