{"paper_id": "8yYIVxPr6xHht", "header": "Deep learning for class-generic object detection", "abstract": "We investigate the use of deep neural networks for the task of class-generic object detection. We show that neural networks originally designed for image recognition can be trained to detect objects within images, regardless of their class, including objects for which no bounding box labels have been provided. In addition, we show that bounding box labels yield a 1% performance increase on the ImageNet recognition challenge.", "reviews": [{"reviewer": "anonymous reviewer 22fb", "Review": "This is an interesting paper that shows that using a pretrained object classification network's weights to initialize an object localization network leads to improved performance of the latter. \n\nOf course the comparisons are made for a fixed (but unspecified) architecture. It seems that the architecture chosen is that of an object classifier, and it is not clear at all that this is a good architecture for an object localizer. (In particular pooling is sensible for the former but makes less sense for the latter). Thus it's not really clear that the gains are that useful - perhaps it would just be better to design a network for the task in hand. That is not addressed in this paper at all.\n\nThe writing itself is clear, but there are a several significant omissions in the paper.  \n\nTable 1 caption is unclear, and seems broken.\n\nSection 4 'multiple GPUs' could be elucidated a little more? \n\nYou say the output for your bounding box training is discretized, but don't say how. It's not even clear if you output one-hot in the cross-product space or discretize each dimension separately. \nWhile your main result is a relative improvement, this is still a fundamental omission that must be rectified. It's hard to interpret your results without knowing the resolution or the scoring system that you use. \n\nYou don't explain the parameters of the Gaussian used for the labels, nor what you mean by 'multiple bounding boxes' - You've not described that possibility.\nAre 7% of objects labelled with bounding boxes, or only 7% of images? \nWhere you have multiple objects in an image are you guaranteed to have the bounding boxes for all of them if you have any of them? (I presume not, since 'what is an object' is ambiguous - but you don't discuss this ambiguity).\n\nFigure 1 legend says 'without bounding boxes' but I presume you mean 'excluding the held-out set' - you train with the other 900 classes' bounding boxes? \n\nYou don't discuss the details of training at all, (not even the number of nodes in the hidden layers or convolution windows, never mind learning rates etc) nor make it clear just how much is the same as the other references (Coates / Krizhevsky) you cite. ('Similar to' Krizhevsky is all you say)\nIn particular you need to explain how you transition from pretraining to 'training' - initialization of the softmax weights is the same as starting from scratch? What about: Learning rate / momentum & their schedules ? \n\nBibliography is broken everywhere e.g. with commas separating first and last names as well as authors' names from each other. \nFirst reference has no source. \nJunk like this: 'In Computer Vision and Pattern Recognition, 2009. CVPR 2009. IEEE Conference on. .... 2009'\n\nThe first page indicates that this paper is in Proc ICML and in JMLR. I presume this is just a LaTeX oversight?"}, {"reviewer": "anonymous reviewer 7d29", "Review": "This abstract investigates the idea of learning an object detection model that does not depend on the class, hence being able to generalize to any number of classes, including classes unknown at training time. The idea is compelling but the paper is short on details and results. We don't know how many bounding boxes are used in the softmax, we don't have the details about the Gaussian used to smooth the targets of the softmax (how picky is it?); The paper does not compare to similar approaches (like Szegedy et al 2013). I feel like this is an interesting idea relevant for the workshop track and hope it will be improved later with more details."}], "url": "https://arxiv.org/abs/1312.6885"}