{"paper_id": "AKIW-22FWrKkR", "header": "End-to-End Text Recognition with Hybrid HMM Maxout Models", "abstract": "The problem of detecting and recognizing text in natural scenes has proved to be more challenging than its counterpart in documents, with most of the previous work focusing on a single part of the problem. In this work, we propose new solutions to the character and word recognition problems and then show how to combine these solutions in an end-to-end text-recognition system. We do so by leveraging the recently introduced Maxout networks along with hybrid HMM models that have proven useful for voice recognition. Using these elements, we build a tunable and highly accurate recognition system that beats state-of-the-art results on all the sub-problems for both the ICDAR 2003 and SVT benchmark datasets.", "reviews": [{"reviewer": "Ouais Alsharif", "Review": "Thank you for the comments. :)\n\nYour comment regarding beam search is correct, this is (almost) a standard beam search. However, we wanted to make it clear that the search is on the cascade. \n\nRegarding the Q_i. You are correct, we do not define it clearly, and like you inferred, it is just a priority queue. s_i and v_i are the same thing. We will change this such that they are a single variable.\n\nThe 55.6% figure is on the ICDAR dataset. Using a language model and a lexicon does not improve the results beyond a language model. The reason for that is because the language model biases the results of the beam search heavily. When the minimal edit distance is reached for more than one word, we broke ties lexicographically. I think a small interesting area would be to investigate how other kinds of edit distance would help in correcting misspelled words, as this particular point seems to be able to lift test accuracy 2-3% points.\n\nCould you please clarify the last comment? I'm not sure how using a hash table would improve the accuracy in such a scenario.\n\nThank you for these comments :) You've been most helpful.", "Reply": "It would make more sense to me to select the most likely word that reaches the minimal edit distance, instead of breaking ties lexicographically.\n\nConcerning the last comment, you could use a combination of the two modes by first searching for the most likely word present in the lexicon, and reverting to the language model method in case none of the words were matched. This would allow you to stay within the constant time in lexicon size constraint because merely checking if a word is present in the lexicon is very fast using a hash table.\n\nOverall, those are minor points and will not necessarily improve accuracy, but I was curious as to why those strategies were not used."}, {"reviewer": "anonymous reviewer de8c", "Review": "This paper presents a system for text recognition from natural images that leverages recent advances in deep learning. Contrarily to previous methods that often focus on a single aspect, this work addresses all simpler sub-problems and incorporates classifiers into different sub-modules of the whole system. The resulting method achieves impressive results and seems computationally efficient. The paper is very well written, comprehensive and does a good job at condensing a lot of information into 9 pages.\n\nA minor weakness concerns the novelty aspect: the paper mostly reuses existing algorithms, such as convolutional maxout networks, hybrid HMMs, beam search, MSER. What the authors call 'Cascade Beam Search' is in fact ordinary beam search. However, the pipeline is novel and produces good results and insightful discussion, especially about the trade-offs involved.\n\n\n- Section 5.3 (especially Algorithm 1): I found the notation confusing. Can you define Q_i in words? are those implemented with priority queues?\nWhat is the difference between intervals s_i and v_i?\n\n- Section 5.4: The 55.6% figure is obtained for which dataset? Why not use both a lexicon and a language model?\nWhat happens when the minimal edit distance is reached for more than one word?\n\n- The authors' main movitation for a language model is to achieve 'constant time in lexicon size per query', while the edit distance technique is slower but apparently has a better accuracy. Would it be possible to use hash tables to improve accuracy whenever the minimal edit distance is zero?"}, {"reviewer": "anonymous reviewer f488", "Review": "The authors present a complete hybrid system for recognition characters and words from a real world natural scenes. The clue idea is to cede word-to character + character classification and segmentations correction into three convolutional neural networks with maxout non-linearity. Word-to character model makes and additional use of HMM to better deal with sequential aspect of character segmentations across the words.\n\nI think the community can benefit from this work as it shows some interesting experiments, and what is even more important, does it in the context of the complete system. Experimental aspect is sufficient and explore various sub-problems the potential Reader could be interested in, for example, the use and impact of lexicon and different language models on the final system accuracy. It's also important - the presented solution gives a state of the art accuracy\n\nTo summarize, I think the authors put a lot of effort into this work and present some nice experimental results.\n\nSuggestions for improvements:\n\n- I would appreciate an implicit distinction between likelihoods and probabilities, for example, by p and P respectively. That applies to all paper content starting from the equation 1 and including occasional in-text references to certain probabilistic quantities.\n\n- (thing to consider) Section 3.4 argmax_Qp(Q|O) - isn't HMM producing argmax_Q p(O|Q) - i.e. the likelihood of state sequence Q producing the observation sequence O? If you agree with this comment, you need also to fix it in the last paragraph of sec 5.1.", "Reply": "Thank you for these comments :)\n\n- I think the first point is a valid point. We should factor this in.\n- As for the second point, the HMM actually produces argmax_Q(p(Q|O). through the Viterbi algorithm. This is more elucidated in equation 30 in Rabiner's tutorial: "}], "url": "https://arxiv.org/abs/1310.1811"}