{"paper_id": "Bg3GB1suG0qx6", "header": "Learning Information Spread in Content Networks", "abstract": "We introduce a model for predicting the diffusion of content information on social media. When propagation is usually modeled on discrete graph structures, we introduce here a continuous diffusion model, where nodes in a diffusion cascade are projected onto a latent space with the property that their proximity in this space reflects the temporal diffusion process. We focus on the task of predicting contaminated users for an initial initial information source and provide preliminary results on differents datasets.", "reviews": [{"reviewer": "Ludovic Denoyer", "Review": "Dear reviewer,\n\n Thank you for the time spent for this review.\n\nForgetting the content when modeling information propagation is a classical assumption made in the literrature. Moreover some datasets do not contain content information, or this information is so noisy that it cannot be used for prediction. But you are right, content is important.\n\nActually, the paper is a short paper proposing an extension of a previoulsy published model which is able to consider the content information. Due to the limited size of the short papers, we have decided to focus on the 'without content' version of our previous model which obtains reasonnably good performance in comparison to the 'with content' version. But using content information in the proposed approach is not so complicated.\n\nTo follow your remark, we will add a small paragraph in the current paper explaining how content information can be taken into account.\n\n Thank you"}, {"reviewer": "anonymous reviewer 5bc5", "Review": "This work proposed an extension of the content diffusion kernel model by adding an additional classification constraint.\nMy main concern of the current version of this work is whether the classification constraint is proper for this task (modeling the spread of information in social network): \nThe information spread could not only depended on the proximity of users but also on the content of information. In other words, one specific user could not be contaminated by the source in one cascade but rather in other cascades. If that's the case, the classification constraints will not be satisfied and the learning cannot converge;\nThis classification constraint could also undermine the performance of ranking. It is indeed shown in Table 1. \n\nPros\n-- well-written and organized \nCons\n--the proposed classification constraint might not be suitable for modeling the spread of information in social networks."}, {"reviewer": "anonymous reviewer 9e53", "Review": "Learning Information Spread\n\nThe ms considers the interesting question of diffusion and information spreading in content networks. The modeling is performed by a diffusion kernel with ranking and classification constraints; having both is an innovation. \n\nWhile the paper is generally clear, I miss details on how this is exactly done and how this is optimized. The optimization problem seems nontrivial, so it would be nice to know the computational effort.\nWhile first experiments show encouraging results, it is unclear whether in a simple toy problem the proposed estimation algorithm will find the ground truth consistently. \nFurthermore no comparison to other models that consider information spread are given, neither in speed/scaling nor accuracy/severity of errors.\nConcluding, the paper is interesting but somewhat preliminary; it consists in a small increment over Bourigault et al. 2014 and lacks many  details.", "Reply": "Dear reviewer,\n\n Thank you for your comments.\n\nThe lack of details was mainly due to the official paper size limitation (3 pages), but submitting longer papers seem to be possible. \n\n We have posted a new version of the paper on Arixv that contains:\n* the pseudo-code of the SGD algorithm\n* A paragraph concerning the learning and inference complexity of the model, showing its efficiency w.r.t existing discrete approaches\n* A comparison with state of the art baselines in the experimental section\n\n Ludovic"}], "url": "https://arxiv.org/abs/1312.6169"}