{"paper_id": "IgLmlBsymQnyP", "header": "Distributional Models and Deep Learning Embeddings: Combining the Best of Both Worlds", "abstract": "There are two main approaches to the distributed representation of words: low-dimensional deep learning embeddings and high-dimensional distributional models, in which each dimension corresponds to a context word. In this paper, we combine these two approaches by learning embeddings based on distributional-model vectors - as opposed to one-hot vectors as is standardly done in deep learning. We show that the combined approach has better performance on a word relatedness judgment task.", "reviews": [{"reviewer": "Irina Sergienya", "Review": "We uploaded a new version of paper with the Related work section, where a relevant work of Hai Son Le et al. (EMNLP2010) is discussed.\n\nThanks to the reviewer who pointed out this paper.\n\nRegards, Irina"}, {"reviewer": "Irina Sergienya", "Review": "Dear reviewer,\nThank you for your review and comments!\n\nIndeed, there are systems with performance on MEN and WordSim higher than our numbers.  Right now we are running experiments on a bigger training corpus. The preliminary numbers are much closer to the state-of-the-art performance. We will present results at the conference if\nthe paper gets accepted.\n\nThank you for pointing out the paper of Hai Son Le et al, which is very relevant.  They propose three initialization schemes.  Two of them, re-initialization and iterative re-initialization, use vectors from prediction space to initialize the context space during training.  This approach is both more complex and less efficient than ours. \n\nThe third initialization scheme, one vector initialization, initializes all word embeddings with the same random vector: this helps to keep rare words close to each other as an outcome of rare updates.  However, this approach is also less efficient than ours since the initial embedding is much denser than in our approach.  We are planning to run experiments with this approach and should be able to present results at the conference if the paper is accepted.\n\nRegards, Irina"}, {"reviewer": "anonymous reviewer 4683", "Review": "This paper proposes to derive distributional representation for words\nthat can be used to improve word embeddings. Distributional vectors\ncan present to the neural network that learns embeddings, instead of\npresenting one-hot vectors. One motivation is that distributional\nrepresentation could make the learning task easier for rare words. The\nauthors apply this approach only to rare words since word embeddings\nfor frequent words is frequently updated and then can be considered as\nsatisfactory.\n\nThe idea is nice. However, my main concern is about the experimental\npart. I don't understand the results. For the 'WordSim' task, the\npaper of E. Huang (ACL2012) exhibits spearman correlation above 50. So\nwether the results are incredibly below the baseline systems used in\n2012 (and thus, what can we conclude from this paper since it is\nstraightforward to improve a very poor system), or this need\nclarification. Anyway, baseline exists and should be mentioned.\n\nA minor comment about the last paragraph of the introduction. The\npaper (Hai Son Le et al. at EMNLP2010) addressed the issue of the\ninitialization of word embeddings and this seems to perform quite well\nespecially for rare words.", "Reply": "Dear reviewer,\nPlease, find our reply for your comments below."}, {"reviewer": "anonymous reviewer 4d8c", "Review": "This paper investigates the use of so-called distributional models of words to improve the quality of learned word embeddings. These models are essentially high-dimensional vector representations of words, which indicate with what other words in the vocabulary has a word cooccurred (within some context). Since word embeddings can be understood as a linear lower-dimensional projection of the basic one-hot representations of words, these distributional model representations can be exploited by trainable word embeddings algorithms by simply concatenating them to the basic 'one-hot' representation or by replacing the one-hot representation by the distributed one for infrequent words. This paper shows that this approach can improve the quality of the word embeddings, as measured by an average correlation with human judgement of word similarity.\n\nOverall, I think this is a good workshop paper. Learning good words embeddings is an important topic of research, and this paper describes a nice, fairly simple trick to improve word embeddings. \n\nOne motivation for using it seems to be that infrequent words will not be able to move far enough away from their random initialization, so I wonder whether initializing all these word embeddings to 0 instead might have been enough to solve this problem. I think this would be a good baseline to compare with. \n\nI would also have liked to see whether any gains are obtained in a real NLP task, i.e. confirm that better correlation with human judgement is actually giving us something in practice.\n\nBut these are overall minor problems, for a workshop paper.", "Reply": "This is indeed what I had in mind... And indeed, in the word2vec setup, they'll stay at 0 (because all gradients will be zero, in the word2vec parametrization, which isn't necessarily the case in, say, a neural network language model)... I had not realized this."}, {"reviewer": "anonymous reviewer 4d8c", "Reply": "This is indeed what I had in mind... And indeed, in the word2vec setup, they'll stay at 0 (because all gradients will be zero, in the word2vec parametrization, which isn't necessarily the case in, say, a neural network language model)... I had not realized this."}], "url": "https://arxiv.org/abs/1312.5559"}