{"paper_id": "kSHxSr1TPt8XB", "header": "GPU Asynchronous Stochastic Gradient Descent to Speed Up Neural Network Training", "abstract": "The ability to train large-scale neural networks has resulted in state-of-the-art performance in many areas of computer vision. These results have largely come from computational break throughs of two forms: model parallelism, e.g. GPU accelerated training, which has seen quick adoption in computer vision circles, and data parallelism, e.g. A-SGD, whose large scale has been used mostly in industry. We report early experiments with a system that makes use of both model parallelism and data parallelism, we call GPU A-SGD. We show using GPU A-SGD it is possible to speed up training of large convolutional neural networks useful for computer vision. We believe GPU A-SGD will make it possible to train larger networks on larger training sets in a reasonable amount of time.", "reviews": [{"reviewer": "Thomas Paine", "Review": "We would like to thank the reviews for their comments.\n\nTo Anonymous 4f82:\nThank you for the comments. All your points are good ones. Exploring the effect of model size, and minibatch size vs performance is important. We will look into this for future work. We also agree that second order methods could be a great help here.\n\nTo Anonymous 6693:\nWe agree that our work builds directly on recent developments in high performance neural network training.\n\nWe would like to emphasize our contribution is exploring the benefits of combining these approaches, and making the results available to the community. To date no group has published results on GPUs, and distributed computing with neural networks of this scale. And we think overall this is a very promising direction.\n\nThank you."}, {"reviewer": "anonymous reviewer 6693", "Review": "Multi-computer GPU training of large networks is an important current topic for representation learning in industry-scale convnets. This paper describes ongoing efforts to combine model parallelism and data parallelism to reduce training time on the ILSVRC 2012 data set.\n\nPro:\n\n- they achieve several-fold reductions in runtime over Khrizhevsky's landmark implementation\n\nCon:\n\n- I'm not sure that there is significant novelty in their approach, relative to dist-Belief and existing work on asynchronous-SGD."}, {"reviewer": "anonymous reviewer 4f82", "Review": "Summary\n------------\n\nThe paper explores running A-SGD as an approach for speeding up learning.\nOverall I think these are very interesting and informative results. Specifically for a workshop paper I believe the paper contains enough novelty and empirical exploration.\n\nComments:\n--------------\n\nIt would be interesting to try to quantify how much the size of the model influences these results. In particular I'm wondering of how the performance drops with the size of the gradients that need to be send over the network. \n\nAnother interesting plot will be to look at the size of the minibatch and how that influence convergence.\n\nI hypothesis that distributed algorithms where the parallelism is made over the data (rather than model), like it is done here at the node level, will benefit a lot more from complicated optimization techniques rather that SGD (even in its asynchronous version). It feels to me that with large models there is a high price to pay for sending the gradients over the network (case an point, n_sync is usually set to something higher than 1). We want to use an algorithm for which each step is itself expensive (and hence we have to send fewer gradients over the network) but that needs much less steps to converge. You can make each step mSGD arbitrarily expensive by increasing the minibatch size, though SGD is fairly inefficient at utilizing these large minibatches.\nI believe that distributing computation along data for deep models makes a lot more sense with algorithms such as second order methods or variants of natural  gradient."}, {"reviewer": "Liangliang Cao", "Review": "Interesting work. And it is also amusing to see the authorlist on this page. There may be a typo but from my understanding of the authors I believe the first author (Prof. Huang) did all the GPU programming and reported to the last author (Thomas Paine).\n\nOne thing confuses me is how did you measure the training error in Figure 2-4. Are these numbers from the whole training set (1.2M) or a batch? Did you change learning rate? Or measure on the validation set?\n\nAnother confuse which is totally my fault: at the beginning I thought A-SGD stands for Average SGD!", "Reply": "Hi Liangliang,\nThanks for reading. And yes, during submission, the fields auto-populated in the wrong order. Prof Huang is the last author. I am the first. Sorry for the confusion.\n\nAll the figures plot the error on training minibatches of 128 images. The plots show the error for minibatches on one client. Plots are comparable across clients.\n\nDue to time constraints we didn't change learning rates on these later experiments. But instead focused on initial training speed increases. \n\nWe also measured on a validation set, and found that for these settings we see similar gains in validation set performance."}, {"reviewer": "Marc'Aurelio Ranzato", "Review": "In general, I think it would make more sense to report test and training errors (y-axis) versus time (x-axis).  This is what we are interested in when we try to speed up convergence, not how many weight updates or samples we process. Since all your experiments use the same kind of GPU, the comparison is fair.\n\nQuestions: \na) have you tried to synchronize even more frequently (n_sync=1/10/50)?\nb) is every node on a different server? If not, do you leverage the fact that communication can be less costly when boards are on the same server?\n\nThank you.", "Reply": "Hi Marc,\nThanks for reading the paper.\n\nYes, I think the plots you suggest make sense. We thought our minibatch measure was sensible, but we want our plots to be as clear and useful as possible so we will change them for the final version of the paper.\n\na) At the time of publication we didn't try more frequent updates, but we have been trying those recently.\n\nb) On Bluewaters, every server has 1 GPU node. So we weren't able to leverage same board communication, but that would be great."}, {"reviewer": "Marc'Aurelio Ranzato", "Review": "In general, I think it would make more sense to report test and training errors (y-axis) versus time (x-axis).  This is what we are interested in when we try to speed up convergence, not how many weight updates or samples we process. Since all your experiments use the same kind of GPU, the comparison is fair.\n\nQuestions: \na) have you tried to synchronize even more frequently (n_sync=1/10/50)?\nb) is every node on a different server? If not, do you leverage the fact that communication can be less costly when boards are on the same server?\n\nThank you."}, {"reviewer": "Marc'Aurelio Ranzato", "Review": "In general, I think it would make more sense to report test and training errors (y-axis) versus time (x-axis).  This is what we are interested in when we try to speed up convergence, not how many weight updates or samples we process. Since all your experiments use the same kind of GPU, the comparison is fair.\n\nQuestions: \na) have you tried to synchronize even more frequently (n_sync=1/10/50)?\nb) is every node on a different server? If not, do you leverage the fact that communication can be less costly when boards are on the same server?\n\nThank you."}, {"reviewer": "Thomas Paine", "Review": "Hello reviewers,\nWe would like to bring your attention to a similar paper submitted to this ICLR workshop track:\n\nTitle: Multi-GPU Training of ConvNets\nLink: "}, {"reviewer": "Thomas Paine", "Review": "Hello reviewers,\nWe would like to bring your attention to a similar paper submitted to this ICLR workshop track:\n\nTitle: Multi-GPU Training of ConvNets\nLink: "}, {"reviewer": "Thomas Paine", "Review": "Hello Daniel,\nYes. We did not state this explicitly, but in our plot, we are plotting the training error for one client in our ASGD system. And on average the overall ASGD system sees N times as many data points per minibatch.\n\nWe plotted our error vs minibatches instead of time because time is very dependent on the GPU used to perform training, e.g. using Titan cards instead of a Tesla K20Xs can significantly shorten training time."}, {"reviewer": "Daniel Povey", "Review": "It would be helpful if you clarify the meaning of the x-axis 'minibatches' in your plots.  It's not clear whether, in experiments with N GPUs, you are processing N times as many data points per minibatch.  In earlier graphs, I assumed no but in later graphs it looked like the other way around."}], "url": "https://arxiv.org/abs/1312.6186"}