{"paper_id": "ssDPnHvkedao6", "header": "Learning Semantic Script Knowledge with Event Embeddings", "abstract": "Induction of common sense knowledge about prototypical sequences of events has recently received much attention. Instead of inducing this knowledge in the form of graphs, as in much of the previous work, in our method, distributed representations of event realizations are computed based on distributed representations of predicates and their arguments, and then these representations are used to predict prototypical event orderings. The parameters of the compositional process for computing the event representations and the ranking component of the model are jointly estimated from unlabeled texts. We show that this approach results in a substantial boost in ordering performance with respect to previous methods.", "reviews": [{"reviewer": "Ashutosh Modi", "Review": "We have submitted a new version of the paper. We made the changes we promised above."}, {"reviewer": "Ashutosh Modi", "Review": "We thank both reviewers for the comments. See our feedback above. We will upload the revised version by the end of the week."}, {"reviewer": "anonymous reviewer 60ec", "Review": "This paper investigates a model which aims at predicting the order of\nevents; each event is an english sentence. While previous methods\nrelied on a graph representation to infer the right order, the\nproposed model is made of two stages. The first stage use a continuous\nrepresentation of a verb frame, where the predicate and its arguments\nare represented by their word embeddings. A neural network is used to\nderive this continuous representation in order to capture the\ncompositionality within the verb frame. The second stage uses a large\nmargin extension of PRank. The learning scheme is very interesting:\nthe error made by the ranker is used to update the ranker parameters,\nbut is also back-propagated to update the NN parameters. \n\nThis paper is well written and describes a nice idea to solve a\ndifficult problem. The experimental setup is convincing (including the\ndescription of the task and how the learning resources were built).  I\nonly have a few suggestions/questions.\n\nFor a conference that is focused on representation learning, it could\nbe interesting to discuss whether the word embeddings provided by\nSENNA need to be updated. For instance, the authors could compare\ntheir performances to a system where the initial word embeddings are\nfixed. Moreover, the evaluation metric is F1, but how the objective\nfunction is related to this metric. Maybe a footnote could say a few\nwords about that and I'm curious to see how the objective function\nevolves during training. The ranking error function is quite similar\nto metrics used in MT for reordering evaluation (see for instance the\nwork of Alexandra Birch in 2009).", "Reply": "-- Keeping embeddings fixed to the ones produced by SENNA: We have just tried doing this, and obtained about the same results (slightly better: 84.3 average F1 vs. 84.1 F1 in the paper). In theory, keeping them fixed may not be a good idea, as learning in the (mostly) language modeling context (as in SENNA) tends to assign similar representations to antonyms/opposites (e.g., open and close). And the opposites tend to appear at different positions in event sequences. However, the fact the results are similar may suggest that our dataset is not large enough to learn meaningful refinements. Perhaps, using SENNA embeddings to define an informative prior on the representation would be a better idea but we will leave this for future work. We will add a footnote mentioning the above experiment. \n\n-- F1 vs. accuracy: The binary classification problem is fairly balanced, so we would not expect much of a difference between accuracy (which we essentially optimize) and F1;   we chose to use the same metric in evaluation as considered in the previous work. \n\n-- We are not familiar with the reordering metric used in Birch et al. (2009), thanks for the pointer."}, {"reviewer": "anonymous reviewer b099", "Review": "The authors propose a model that takes a set of events (written as English text) as input, and outputs the temporal ordering of those events. As opposed to a previous DAG based method (also used as a baseline here), in this work words are represented as vectors (initialized with Collobert's SENNA embeddings) and are input into a two layer neural net whose output is also a vector embedding.  The output is then taken as input to an online ranking model (PRank) and the whole thing (including the word vectors) are trained using backprop.  A dataset containing short sequences of events (e.g. the process of making coffee) gathered for previous work using MTurk is used for train and test.  The proposed embedding method shows a substantial improvement over the DAG baseline.\n\nThis is interesting work, I thought the execution was good, and the results are impressive. I only have a few suggestions/questions: first, why, in the abstract and elsewhere, do you claim to be using unlabeled data?  The data is labeled by order of events (by MTurkers), is it not?  I suspect that you mean that no further labeling was done, but this is confusing.  Second, your model (Fig. 1) shows one predicate (i.e. verb) and two arguments (i.e. nouns), but some of the examples from the ESD data are more complex (e.g. 'fill water in coffee maker').  How are these more complex phrases mapped to your model? Finally, you use a lot of space on previous work; I think that the paper would be improved by adding more details on your method, and shortening the previous work sections (1 and 2.1) by better focusing them.\n\nA minor issue: at the end of Section 1, some unnecessary extra space has been inserted.", "Reply": "-- Why call it 'unlabeled'?: We used unlabeled in the sense that we used texts without any kind of semantic annotation on top of them. But we agree that this is confusing, especially given that the texts were written by Amazon turkers specifically for this task. We will edit the paper accordingly. \n-- Representing more complex sentences?: We will clarify this point in the paper. The example 'fill water in coffee maker' contains 2 phrases as arguments ( 'water' and 'in coffee maker'), we use their 'lexical' heads (i.e. 'water' and 'maker') only. The embeddings of these two words and  of the predicate ('fill') are then used as the input to the hidden layer (see Figure 2). The same procedure is used for predicates with more than 2 arguments (just more arguments are used as inputs to the hidden layer). In other words, we use a bag-of-arguments model. \n-- Too much related work:  Given that there have been much work on this or related task in NLP, we believe that we should explain how our approach (and the general representation learning framework) is different. We would prefer not to shorten this section."}, {"reviewer": "Ashutosh Modi", "Review": "Corrected a typo in the paper and updated version is available at : "}], "url": "https://arxiv.org/abs/1312.5198"}