{"paper_id": "zze5zJIRq7lRt", "header": "Multi-GPU Training of ConvNets", "abstract": "In this work we evaluate different approaches to parallelize computation of convolutional neural networks across several GPUs.", "reviews": [{"reviewer": "Marc'Aurelio Ranzato", "Review": "We thank the reviewers for their comments and suggestions.\n\nIn this abstract, we limit the investigation to:\n+ the use of multiple GPUs all residing in the same server\n+ the architecture and the task as defined in Krizhevsky et al. NIPS 2012\n+ the use of regular synchronous stochastic gradient descent.\nWe clarified this in the revised version of the paper.\n\nWe have also added references to prior work as recommended. However, notice the following major differences:\n\u2014 Krizhevsky et al. and Coates et al. only considered model parallelism\n\u2014 Chen et al, Dean et al. and Zhang et al. used different variants of asynchronous SGD\n\nThe objective of this study is to determine the speed up of a popular model using the most straightforward parallelization techniques without changing the optimization method. This should serve as a baseline comparison for any more advanced parallelization method. \n\nIt will be avenue of future work the study of asynchronous approaches using multiple servers.\n\nWe have updated the draft accordingly (the new version should appear shortly).\n\nThank you very much."}, {"reviewer": "Liangliang Cao", "Review": "This is a light but interesting paper. I guess we are seeing a 'baby' version of Facebook's deep learning infostructure. \n\nFirst an easy-to-fix point: I didn't find explicitly how many layers are there in the deep NN, and which dataset is used. I guess the answers are 7 layers and ImageNet'12?\n\nCurrently the results are very reasonable: 2-GPU version is 1.6 times faster than 1-GPU. But I guess the audience is more interesting in the performance with more GPUs. Could 20 GPU be 16 times faster than 1GPU? What if 50, or 100GPUs?\n\nScalability may also bring interesting insights in the model design.  By the use of model parallelism, I wonder whether we can build an larger CNN with more neurals. It may have more convolutional filters in each layer, and could process larger image like 1024 * 1024 * 3. I wonder whether ensemble learning as well as sparse models will be useful in such a big neural network. \n\nHope to see more updates following the current submission."}, {"reviewer": "anonymous reviewer 95e3", "Review": "Problem is clearly important, but paper is light on details, data sets, which gpu's, etc. All such things matter when judging the speed-up. For example, if you used an older gpu, it's easier to get a speed-up because the trade-off between the gain of multiple gpu's vs. the communication overhead is clearly different.\n\nCNN's for audio processing was done in 2012 by Abdel-Hamid. I would recommend to include this reference:\nAbdel-Hamid, Ossama, et al. 'Applying convolutional neural networks concepts to hybrid NN-HMM model for speech recognition.' Acoustics, Speech and Signal Processing (ICASSP), 2012 IEEE International Conference on. IEEE, 2012.\n\nMulti-GPU architectures for non-convolutional networks were discussed in:\nXie Chen, Adam Eversole, Gang Li, Dong Yu, and Frank Seide, Pipelined Back-Propagation for Context-Dependent Deep Neural Networks, in Interspeech, ISCA, September 2012\n\nI don't really see things that are new. Model and Data parallelization was tried in Chen'2012, and the extension for CNN's are obvious. Also, which layer to parallelize depends really on the network structure. For example, if you have a very large output layer with 128k nodes, you might be better off parallelizing the output layer."}, {"reviewer": "Marc'Aurelio Ranzato", "Review": "Thank you, Tom.\n\nThe main difference between this work and yours is that our data parallelism framework is synchronous (i.e., we use SGD not A-SGD).\nAlso, all our experiments refer to a set up where all the GPU boards reside in the same server. \n\nIn the future, we will extend this work to multiple servers and A-SGD."}, {"reviewer": "Thomas Paine", "Review": "Hello everyone,\nWe would like to bring your attention to a similar paper my colleagues and I submitted to this ICLR workshop track:\n\nTitle: GPU Asynchronous Stochastic Gradient Descent to Speed Up Neural Network Training\nLink: "}, {"reviewer": "Thomas Paine", "Review": "Hello authors,\nI would like to bring your attention to a similar paper my colleagues and I submitted to this ICLR workshop track:\n\nTitle: GPU Asynchronous Stochastic Gradient Descent to Speed Up Neural Network Training\nLink: "}, {"reviewer": "Thomas Paine", "Review": "Hello reviewers,\nWe would like to bring your attention to a similar paper my colleagues and I submitted to this ICLR workshop track:\n\nTitle: GPU Asynchronous Stochastic Gradient Descent to Speed Up Neural Network Training\nLink: "}, {"reviewer": "Thomas Paine", "Review": "Hello reviewers,\nWe would like to bring your attention to a similar paper my colleagues and I submitted to this ICLR workshop track:\n\nTitle: GPU Asynchronous Stochastic Gradient Descent to Speed Up Neural Network Training\nLink: "}, {"reviewer": "anonymous reviewer 3960", "Review": "The paper is about various ways of training convolutional neural networks (CNNs)\nusing multiple GPUs attached to the same machine.\n\nI think it is sufficiently interesting for the conference track.  The authors\nmay not be aware of all relevant prior work, but they can fix this easily.  I\nthink the paper should definitely be accepted because Facebook is growing in\nthis area right now, and conference-goers will be wanting to talk to the\npresenters about what's going on there and what opportunities there are.\n\nThere are a couple of papers I think the authors should\tbe aware of; the titles\tare\n\n'Asynchronous stochastic gradient descent for DNN training'\n'Pipelined Back-Propagation for Context-Dependent Deep Neural Networks'\n\nAlso I know that Andrew Ng's group was doing some work on model parallelism for CNNs.  Andrew Maas (Andrew Maas <amaas@cs.stanford.edu>) would be able to tell you who it was and forward any relevant presentations."}], "url": "https://arxiv.org/abs/1312.5853"}