{"paper_id": "zzM42D6twOztS", "header": "Stochastic Gradient Estimate Variance in Contrastive Divergence and Persistent Contrastive Divergence", "abstract": "Contrastive Divergence (CD) and Persistent Contrastive Divergence (PCD) are popular methods for training the weights of Restricted Boltzmann Machines. However, both methods use an approximate method for sampling from the model distribution. As a side effect, these approximations yield significantly different variances for stochastic gradient estimates of individual samples. In this paper we show empirically that CD has a lower stochastic gradient estimate variance than exact sampling, while the sum of subsequent PCD estimates has a higher variance than exact sampling. The results give one explanation to the finding that CD can be used with smaller minibatches or higher learning rates than PCD.", "reviews": [{"reviewer": "Mathias Berglund", "Review": "The revised version of the paper has now been published. Thank you for all the helpful comments.\n\nAs an additional comment, please note that we are not measuring the variance of the average of the estimates obtained with M independent chains (i.e. we use a minibatch size of 1), since the variance of estimates obtained with averaging (i.e. using a minibatch size of M>1) is easy to compute from the case of a minibatch size of 1, given that the different estimates are independently sampled."}, {"reviewer": "Mathias Berglund", "Review": "Reply to both reviewers:\n\nThank you for the extensive and helpful comments. As the bias of CD is quite well documented while the variance of PCD vs. CD is less so, the paper intentionally does not focus on the bias. We should however make this more clear in the introduction.\n\nAlthough it would be interesting to study the bias / variance trade-off in all the training settings in the paper, we still saw that there was value in documenting the variance also stand-alone in order to give sense of the magnitude of the differences in variance between PCD and CD. We would therefore still argue that documenting only the variance has value, although we agree that it would be meaningful to explore the bias/variance trade-off in a more extended discussion on the topic.\n\nWe will submit a revised version of the paper based on the comments as soon as possible.\n\n\nReply to Anonymous 9c34:\n\nThank you for the references, we should mention iterate averaging as a method to alleviate the high variance for PCD. Thank you also for the second PCD reference.\n\n\nReply to Anonymous 11c9:\n\nThank you for the comments. We fear that the reviewer 'Anonymous 11c9' is dubious about the experimental setting in Figure 2 due to a misunderstanding, but we hope to clear things up in our response (see below), and we hope to make that part much clearer in the next revision.\n\nRegarding the request for clarification, the Figures 1 and 2 show quite different results, which we realize can be misleading and gives an impression of a large asymmetry between CD and PCD. In Figure 1, the x-axis depicts the number of CD steps for the *same* data point, where only the number of steps in the CD sampling increases. Therefore, following one of the lines in Figure 1 along the x-axis, we are comparing the same update starting from the same data point, but with a longer and longer chain for the negative phase. The figure is hence what would be expected from a typical figure comparing different values of k for CD-k.\n\nHowever, in Figure 2, we are looking at the variance of the *mean* (or sum, see below) of subsequent estimates. Differing from Figure 1, in Figure 2 we are summing up subsequent estimates along the x-axis, which means that the further we go along the x-axis, the more estimates we have included. The reason for doing so is that the high variance of PCD is hypothesized to stem from subsequent negative phase estimates to be dependent.\n\nPlease also note that in Figure 2, the PCD variance is divided by the variance of the sum of k estimates using \u201cexact\u201d sampling \u2013 which means that the figure is identical to taking the mean of subsequent gradient estimates and compare them to the mean of estimates with \u201cexact\u201d sampling.  Therefore, for a chain that mixes well, this relative variance should not increase with summing more steps during training. This we can also see in Figure 2, where the variance for MNIST and CIFAR in the beginning of the training are very close to \u201cexact\u201d sampling when summing 1-20 subsequent steps (the horizontal lines in Figure 2). However, we realize that the text would be  clearer if we used the word mean instead of sum, and we will revise the text accordingly. The pseudocode for Figure 2 is presented below.\n\nRegarding the baseline, we ran M >> 1 independent chains for 1000 steps, i.e. exactly aimed at running a large number of independent chains until convergence. Although we have not tried to validate whether 1000 steps is enough, we have simply assumed that 1000 steps is enough for approximate convergence.\n\nRegarding evaluating PCD variance on a model trained via CD we agree that the most reliable results would be obtained if we trained the model with e.g. enhanced gradient and parallel tempering instead of CD.\n\nRegarding the I-CD experiments, the 10 gradient estimates were run by initializing the Markov chain from a random training sample (which was different in all the 10 runs), but also different from the training sample used for the positive phase. Although we agree that the result of higher I-CD variance compared to CD is trivial, we still found the magnitude of variance of I-CD relevant to display. If for instance the variance of I-CD was very similar to that of CD (but much less than the \u201cexact\u201d estimate), the low variance of CD could be explained by the fact that we run the chain very few steps from *any* data point. However, we agree that the text should be changed to state this more clearly.\n\nThank you also for the clarity comments, as you assumed, they were both indeed errors in the text.\n\n\nPseudocode for Figure 2:\n\ndo for each data point in data set {\n    use the data point for positive phase\n    run negative particle sampling for 1000 steps from random data point\n    initialize gradient_sum to zero\n       \n    do 20 times {\n        calculate gradient estimate using current positive and negative particle\n        add gradient estimate to gradient_sum\n        store sufficient statistics of the gradient_sum\n        pick new random data point for positive phase\n        run the negative particle chain one step forward (independent of positive phase)\n        }\n}\n\ndo for each data point in data set {\n    use the data point for positive phase\n    run negative particle sampling for 1000 steps from random data point\n    initialize gradient_sum_exact to zero\n       \n    do 20 times {\n        calculate gradient estimate using current positive and negative particle\n        add gradient estimate to gradient_sum_exact\n        store sufficient statistics of the gradient_sum_exact\n        pick new random data point for positive phase\n        run negative particle sampling for 1000 steps from random data point\n        }\n}\n\ncompute the sum of componentwise variances from the statistics of the gradient_sum for each of the 20 steps separately\ncompute the sum of componentwise variances from the statistics of the gradient_sum_exact for each of the 20 steps separately\ndivide the first sum above with the second sum above for each of the 20 steps separately"}, {"reviewer": "anonymous reviewer 11c9", "Review": "This paper provides an empirical evaluation of the variance of maximum likelihood gradient estimators for RBMs, comparing Contrastive Divergence to Persistent CD. The results confirm a well known belief that PCD suffers from higher-variance, than the biased CD gradient. While the result may not be surprising, I believe the authors are correct in stating that the issue had not properly been investigated in the literature. It is unfortunate however that the authors avoid the much more important question of trade-off between bias and variance. Before making a final judgement on the paper however, I would ask that the authors clarify the following potential major issue. Other more general feedback for improving the paper follows.\n\n\nRequest for Clarification:\n\nWhy the asymmetry between the estimation of CD-k vs PCD-k gradients ? The use of PCD-k is highly unusual. If the goal was to study variance as a function of the ergodicity of a single Markov chain, then PCD-k gradients should have been computed with a single training example (for the positive phase) and computing the negative phase gradient by *averaging* over the k-steps of the negative phase chain.\n\nCould the authors clarify (through pseudocode) how the gradients and their variance are computed for the experiments of Figure 2?\n\nDue to the loss of ergodicity of the Markov chain, the effective number of samples used to estimate the model expectation should indeed be larger at 10 epochs, than at 500 epochs. It is thus predictable that variance of the gradient estimates would increase during training. However, this is for a fixed value of k. I find very strange that the variance would *increase* with k (at a fixed point of training). I am left wondering if this is an artefact of the experimental protocol: the authors seem to be computing the variance of the *sum* of k-gradient estimates. This quantity will indeed grow with k, and will do so linearly if the estimates at each k are assumed to be independent. The linearity of the curves in Fig.2 gives some weight to this hypothesis.\n\n\nOther general feedback:\n\n* One area of concern is that the paper evaluates PCD in a regime which is not commonly used in practice: i.e.  estimating the negative phase expectation via the correlated samples of a single Markov chain. I worry that some readers may conclude that PCD is not viable, due to its excessively large variance. For this reason, I think the paper would benefit from repeating the experiments but averaging over M independent chains.\n\n* A perhaps more appropriate baseline, would be to run M >> 1 independent Markov chains to convergence and average the resulting gradient estimates. This might not change much, but the above would yield a better estimate of the ML gradient than CD-1000.\n\n* Evaluating the variance of PCD gradients on a model trained via CD may be problematic. The mixing issues of PCD can be exacerbated when run on a CD-trained model, where the energy has only been fit locally around training data (Desjardins, 2010). While I do not expect the conclusions to change, I would be interested in seeing the same results on a PCD-k trained model.\n\n* RE: I-CD experiments. 'This supports the hypothesis that the low variance of CD [stems from] the negative particle [being] sampled from the positive particle, and not from that the negative particle is sampled only a limited number of steps from an arbitrary data point'.\n\nI am not sure that the experiment allows you to draw this conclusion. When computing the 10 gradient estimates (for each training example) did you initialize the Markov chain from a random (but fixed throughout the 10 gradient evaluations) training example ? Otherwise, I believe the conclusion is rather uninteresting and doesn't shed light on the 'importance' of initializing the negative chain from the positive phase training data.  In CD-training, the only variance stems from the trajectory taken by the (short) Markov chain from a fixed starting point. In I-CD, there are two sources of variance: (1) the trajectory of the chain, and (2) the starting point of the chain. If the chain is initialized randomly for the 10 gradient evaluations, then this will undoubtedly increase the variance of the estimator (but with lower bias).\n\n\nClarity:\n\n* In I-CD, the 'negative particle is sampled from a random positive particle' ? I would make explicit that you initialize the chain of I-CD from a random training example. In Section 4, 'arbitrary data point' left me wondering if you were instead initializing the chain from an independent pseudo-sample of the model (using i.e. a uniform distribution or a factorial approximation to p(v)).\n\n* 'Conversely, the variance of the mean of subsequent variance estimates using PCD is significantly higher' ? Did the authors mean 'the variance of the mean of subsequent gradient estimates' ? Otherwise, please consider rephrasing."}, {"reviewer": "anonymous reviewer 9c34", "Review": "This paper presents an empirical study of the variance in gradient estimates between contrastive divergence (CD) and persistent contrastive divergence (PCD). It is well known that PCD tends to be less stable than CD, requiring a larger learning rate and larger mini-batch sizes. The paper does a fairly good job of empirically verifying this phenomenon on several image datasets, and most of the results are consistent with expectations. The observation that the variance increases toward the end of learning is an interesting and not entirely obvious finding.\n\nOne issue though is that the paper seems to miss a crucial part of the story: CD learning enjoys a low variance at the cost of an increase in bias. It is easy to construct a gradient estimate that exhibits zero variance, however practically speaking this would not be very useful. What is more interesting is the trade-off between bias and variance. For example, PCD exhibits significant variance on the silhouettes dataset. Does this mean that it requires an impractically small learning rate?\n\nIt has been shown in the past that the technique of iterate averaging can be used to remove much of the variance in PCD learning, but that it does not work nearly as well when applied to CD [1]. The fact that PCD is asymptotically unbiased, but exhibits high variance compared to CD supports these results.\n \n[2] should be cited for PCD as well.\n\nReferences:\n[1] Kevin Swersky,  Bo Chen, Benjamin Marlin, and Nando de Freitas, \u201cA Tutorial on Stochastic Approximation Algorithms for Training Restricted Boltzmann Machines and Deep Belief Nets,\u201d Information Theory and Applications Workshop, 2010.\n\n[2] Laurent Younes, \u201cParametric inference for imperfectly observed Gibbsian \ufb01elds,\u201d Probability Theory and Related Fields, vol. 82, no. 4, pp. 625\u2013645, 1989."}], "url": "https://arxiv.org/abs/1312.6002"}