{"paper_id": "0YrnoNZ7PTGJ7gK5tNYY", "header": "VARIATIONAL STOCHASTIC GRADIENT DESCENT", "abstract": "In Bayesian approach to probabilistic modeling of data we select a model for probabilities of data that depends on a continuous vector of parameters. For a given data set Bayesian theorem gives a probability distribution of the model parameters. Then the inference of outcomes and probabilities of new data could be found by averaging over the parameter distribution of the model, which is an intractable problem. In this paper we propose to use Variational Bayes (VB) to estimate Gaussian posterior of model parameters for a given Gaussian prior and Bayesian updates in a form that resembles SGD rules. It is shown that with incremental updates of posteriors for a selected sequence of data points and a given number of iterations the variational approximations are defined by a trajectory in space of Gaussian parameters, which depends on a starting point defined by priors of the parameter distribution, which are true hyper-parameters. The same priors are providing a weight decay or L2 regularization for the training. Then a selection of L2 regularization parameters and a number of iterations is completely defining a learning rule for VB SGD optimization, unlike other methods with momentum (Duchi et al., 2011; Kingma & Ba, 2014; Zeiler, 2012) that need selecting learning, regularization rates, etc., separately. We consider application of VB SGD for important practical case of fast training neural networks with very large data. While the speedup is achieved by partitioning data and training in parallel the resulting set of solutions obtained with VB SGD forms a Gaussian mixture. By applying VB SGD optimization to the Gaussian mixture we can merge multiple neural networks of same dimensions into a new single neural network that has almost the same performance as an original Gaussian mixture.\n", "reviews": [{"reviewer": "ICLR 2016 workshop paper 23 reviewer 10", "Review": "This paper proposes a method for online updates of a variational approximation of the posterior over neural network weights. No experimental evaluation is provided. The presentation is intelligible, but far from clear.\n\nThe idea of using a recursive variational Bayes approximation for streaming data was proposed in Broderick et al.'s SDA-Bayes paper (", "Rating": "3: Clear rejection", "Confidence": "5: The reviewer is absolutely certain that the evaluation is correct and very familiar with the relevant literature"}, {"reviewer": "Tapani Raiko", "Review": "Manuscript describes variational Bayesian (VB) treatment of weights in neural networks and online learning for them.\n\nSimilar ideas have been studied recently, for instance in \n", "Rating": "3: Clear rejection", "Confidence": "5: The reviewer is absolutely certain that the evaluation is correct and very familiar with the relevant literature"}, {"reviewer": "Jose Miguel Hernandez Lobato", "Review": "The authors propose an approach for the on-line maximization of the variational lower bound. The new method is based on iterating over the data and solving individual optimization problems between the current posterior approximation and the product of that posterior approximation and the likelihood function for the current data point. The advantages of the proposed approach with respect to other variational techniques is that it does not require to use learning rates or compute complicated expectations with respect to the variational approximation.\n\nQuality:\n\nThe proposed approach is not validated in any form of experiments. It is not clear how well it is going to work since variational Bayes is known to under-estimate variance and its application in an on-line manner could make more significant this problem because of consecutive under-estimation of variances at each iteration. Another problem is that there is no guarantee that the proposed approach is going to converge to any local minimizer of the original variational bound. In fact, by looking at equation 5, the update for the variance produces increasingly small variances. This means that the proposed approach would converge to a point mass at the mean of the posterior approximation q.\n\nThe mixture of Gaussians in Section 3 does not seem to be the correct approach. The correct approach would be to compute the product of all these Gaussians to obtain a final Gaussian approximation (accounting for the prior being repeated multiple times). The correct approach is given in\n\nExpectation propagation as a way of life\nAndrew Gelman, Aki Vehtari, Pasi Jyl\u00e4nki, Christian Robert, Nicolas Chopin, John P. Cunningham\n", "Rating": "3: Clear rejection", "Confidence": "5: The reviewer is absolutely certain that the evaluation is correct and very familiar with the relevant literature"}], "url": "/pdf?id=0YrnoNZ7PTGJ7gK5tNYY"}