{"paper_id": "2xwPmERVBtpKBZvXtQnD", "header": "RandomOut: Using a convolutional gradient norm to win The Filter Lottery", "abstract": "Convolutional neural networks are sensitive to the random initialization of filters. We call this The Filter Lottery (TFL) because the random numbers used to initialize the network determine if you will ``win'' and converge to a satisfactory local minimum. This issue forces networks to contain more filters (be wider) to achieve higher accuracy because they have better odds of being transformed into highly discriminative features at the risk of introducing redundant features. To deal with this, we propose to evaluate and replace specific convolutional filters that have little impact on the prediction. We use the gradient norm to evaluate the impact of a filter on error, and re-initialize filters when the gradient norm of its weights falls below a specific threshold.  This consistently improves accuracy across two datasets by up to 1.8%. Our scheme RandomOut allows us to increase the number of filters explored without increasing the size of the network. This yields more compact networks which can train and predict with less computation, thus allowing more powerful CNNs to run on mobile devices. ", "reviews": [{"reviewer": "Sander Dieleman", "Review": "The paper introduces a heuristic which aims to revive \"dead\" units in neural networks with the ReLU activation. In such networks, units that are less useful may be abandoned during training because they no longer receive any gradient. This wastes capacity. The proposed heuristic is to detect when this happens and to reinitialize the units in question, so they get another shot at learning something useful.\n\nIt's a simple idea that is definitely worth exploring, but I feel the paper needs some work. My main concern is with the experimental evaluation -- although I appreciate that this is a workshop submission about preliminary work, the choice of dataset and model reduce the relevance of the results. The paper would also benefit from proofreading, there were quite a few spelling and grammar mistakes. The second paragraph of section 2 in particular has a lot of redundancy.\n\n+ simple idea, reasonably clearly explained.\n\n+ results are reported across large ranges of the hyperparameters (Fig. 3).\n\n- the \"two datasets\" used in the experiments actually seem to be two halves of a single dataset, which is a bit misleading. The authors claim this dataset is well-known, but I don't think it is (at least not in the ICLR community). It is also quite small. I think MNIST would have been a much better choice, since it is the accepted \"toy dataset\" for experiments like these nowadays. This would make the results much easier to interpret.\n\n- the network architecture used for this problem is really small (only two convolutional layers with 20 filters each), and since the point of the heuristic is to reduce the required capacity to solve a given task, evaluating it only on such a tiny model reduces the relevance of the results. I think scaling behaviour is especially important here.\n\n\n* I'm not entirely clear on how the validation was handled, as it is only mentioned that the datasets are split into equal parts for train and test (no separate validation set). I think this is not a huge issue here because results are reported across large ranges of values for the hyperparameters, but of course it is important to be careful with this. It would be useful if this could be clarified in the paper.", "Rating": "6: Marginally above acceptance threshold", "Confidence": "3: The reviewer is fairly confident that the evaluation is correct"}, {"reviewer": "Anelia Angelova", "Review": "The paper proposes an approach to re-set convolutional filters that are apparently not being trained well (and randomly reinitialize them)\nIt proposes a criterion that is based on the gradients propagated to these filters. \n\nThe approach is not entirely novel, since it is well known that very low gradients indicate no learning. Regardless, forming the idea to eliminate and reset the filters during the training and evaluating the contributions on the entire performance is the contribution of this work.\n\n+ The paper is well organized and written clearly.\n+ The approach is motivated well. \n+ The overall approach makes sense.\n+ The advantage is that one can potentially train more compact networks (fewer but more useful filters and less redundancy among them) \n\n- The approach itself is a little bit heuristic; also, looking at figure 3, if you cross-validated on the East crater region but tested on the West, there are regions of the parameter space where the gains in one set may be misleading for the other. \n\n\nOverall the proposed method seems to be useful for the purposes intended.\n", "Rating": "8: Top 50% of accepted papers, clear accept", "Confidence": "4: The reviewer is confident but not absolutely certain that the evaluation is correct"}], "url": "/pdf?id=2xwPmERVBtpKBZvXtQnD"}