{"paper_id": "3QxgDrWGXfp7y9wltPqg", "header": "Using Encoder-Decoder Convolutional Networks to Segment Carbon Fiber CT", "abstract": "Materials that exhibit high strength-to-weight ratio, a desirable property for aerospace applications, often present unique inspection challenges. Nondestructive evaluation (NDE) addresses these challenges by utilizing methods, such as x-ray computed tomography (CT), that can capture the internal structure of a material without causing changes to the material. Analyzing the data captured by these methods requires a significant amount of expertise and is costly. Since the data captured by NDE techniques often is structured as images, deep learning can be used to automate initial analysis. This work looks to automate part of this initial analysis by applying the efficient encoder-decoder convolutional network at multiple scales to perform identification and segmentation of defects for NDE.", "reviews": [{"reviewer": "ICLR 2016 workshop paper 131 reviewer 12", "Review": "This paper proposes to use an encoder-decoder architecture to perform segmentation in order to automate nondestructive evaluation of materials.\nThis is unfortunately not suitable as an ICLR workshop contributions for several reasons:\n\n1- this is a narrow application with no learning or representation contribution nor much generalization potential\n2- even within the scope of application, the architecture is proposed without any rationale as to the choices made, nor any baseline with simpler methods or architectures.\n3- the results of the proposed methods are presented in a way that is very hard to interpret: \"qualitative\" results with just 5 images of segmentation and no quantitative evaluation, the quantitative evaluation is given only on simulated dataset. There are no comparisons across variants within the same system  to justify choices made or contributions of pieces of the architecture(e.g. one decoder instead of a pair of decoders, to justify the sentence \"We found this method [using 2 decoders, one for the image and one for the segmentation] of regularization crucial for training the encoder-decoder network with entire images as training without it would result in severe overfitting of the training set\". \n", "Rating": "3: Clear rejection", "Confidence": "5: The reviewer is absolutely certain that the evaluation is correct and very familiar with the relevant literature"}, {"reviewer": "ICLR 2016 workshop paper 131 reviewer 10", "Review": "This paper presents a convolutional encoder-decoder architecture for segmenting materials (carbon fiber). The idea is to use the method of Wang et al. (2015) with a couple of small modifications: (1) use nearest neighbor for upsampling at the decoding stage (2) feed in multiple scales of the input image (3) add a reconstructive layer that predicts the input image (in addition to the output layer that predicts the segmentation mask).\n\nThe paper trains this model on simulated data. The claims are that (1) on simulated test data it works well (2) the multiscale trick is beneficial (3) the additional reconstruction cost is useful to prevent over-fitting. A few comments:\n\n- I think the \"snowball training method\" would need some clarification.\n- The usage of simulated data would need more analysis -- it is unclear how faithful the data statistics are to the real dataset, so some comparative images would be good. Describing how the data was generated would be helpful.\n- There are no comparisons with other methods so it is unclear how good the proposed model actually is in comparison with other alternatives.\n- Results with/without extra regularization would be helpful, as well as a deeper analysis (metrics such as training and validation errors over time so that we can see the effect of over-fitting etc).\n- How would the authors train if they had access to some labeled data (which I assume is also a realistic scenario)? There is an obvious way to mix the supervised and unsupervised objectives, but that's not the only way.\n\nAll in all, this paper applies some pretty standard tools on a potentially novel set of data, but otherwise falls short in terms of novelty and depth of analysis.\n\n\n", "Rating": "3: Clear rejection", "Confidence": "4: The reviewer is confident but not absolutely certain that the evaluation is correct"}, {"reviewer": "ICLR 2016 workshop paper 131 reviewer 11", "Review": "This work proposes an encoder-decoder convolutional networks for segmenting medical images. Images with multi-resolutions are encoded by a pretrained encoder, and two decoders are employed to perform segmentation and reconstruction, respectively. The model is trained on a synthesized dataset and one result of real image is shown.\n\nThe novelty of the work is quite limited (and lack of detailed analysis) since simply two extra features are added on top of the typical encoder-decoder convolutional networks, namely (1) multi-resolution images and (2) two decoders (one for segmentation and the other for reconstruction) as regularization during training. Feature (1) has been known to be helpful for segmentation as demonstrated by [1, 2, 3] and Chet et al. arXiv 2015. Employing multi-resolutions brings about 2% (in meanIOU), but the experimental details are missing, such as how many resolutions are employed (and some ablation analysis of experimenting with multi-resolutions). Feature (2) is claimed to be useful in the paper, while no analysis experiment at all to support the claim (e.g., what will happen in terms of training speed and performance accuracy experimentally if no regularization employed?). Besides, the encoder-decoder convolutional network framework is typical. A few more baselines, such as Segnet, in the experiment are needed for comparison.\n\nEmploying deep neural networks (especially convolutional networks) to segmentation is a hot topic, while the lack of cited references in the paper cannot reflect this. The authors should elaborate more about the related work section. For example, [4] is also relevant to the work from the aspect of convolution-deconvolution network for medical images.\n\nThe paper also lacks a few analysis experiments to demonstrate the effectiveness of the proposed model. Specifically, (1) the claim that the usage of nearest-neighbor upsampling is helpful for faster convergence during training, (2) the performance gain of the proposed model is unclear (good simulated dataset or model generalization), and (3) what is the reconstruction result (and how good it is), and is it possible to show its effect on preventing overfitting? Even though the dataset for medical images is relatively small, the authors could try to analyze the models on other larger segmentation datasets or could employ some data augmentation, since I think it is crucial to analyze the proposed model carefully. Furthermore, some details are missing, such as how to synthesize the dataset.\n\n\n[1] C. Farabet, C. Couprie, L. Najman, and Y. LeCun. Learning hierarchical features for scene labeling. PAMI 2013.\n\n[2] G. Lin, C. Shen, I. Reid, et al. Efficient piecewise training of deep structured models for semantic segmentation, arXiv 2015.\n\n[3] P. H. Pinheiro and R. Collobert. Recurrent convolutional neural networks for scene parsing, ICML 2014.\n\n[4] O. Ronneberger, P. Fischer, T. Brox. U-Net: Convolutional Networks for Biomedical Image Segmentation. MICCAI 2015.", "Rating": "3: Clear rejection", "Confidence": "4: The reviewer is confident but not absolutely certain that the evaluation is correct"}], "url": "/pdf?id=3QxgDrWGXfp7y9wltPqg"}