{"paper_id": "81DD7ZNyxI6O2Pl0Ul5j", "header": "Feed-Forward Networks with Attention Can Solve Some Long-Term Memory Problems", "abstract": "We propose a simplified model of attention which is applicable to feed-forward neural networks and demonstrate that the resulting model can solve the synthetic \"addition\" and \"multiplication\" long-term memory problems for sequence lengths which are both longer and more widely varying than the best published results for these tasks.", "reviews": [{"reviewer": "ICLR 2016 workshop paper 7 reviewer 10", "Review": "The paper introduces a simplified attention mechanism by replacing the recurrent attention model with a feed forward one. It is shown that this is sufficient for some of the pathological long term problems used to evaluate the long term capabilities of RNNs. The results are convincing in the sense that performance is greatly improved and that problems targeted by the model can be solved.\n\nI would have liked a more elaborate discussion of the weaknesses of the approach. Clearly, cases where attention requires\n\nWhile this clearly limits the power of the model, as more some patterns cannot be detected. The feed forward attention assumes that an optimal attention value can be estimated by the model without the context: this is clearly not the case for a large set of data sets, such as in NLP.\n\nThe only other major flaw, the lack of experiments that show that the method generalises to more complicated problems is not an issue for a workshop track IMHO.\n\nOverall, I like the idea very much! I believe that this assumption holds for a huge variety of data sets, and that variations of the model can overcome it to some degree, e.g. by using a model that has a limited \"attention window\" spanning more than a single time step\u2013e.g. using smaller RNNs or CNNs.  Therefore I would like to see the paper accepted to the workshop track so that the authors get a chance to discuss this ongoing work with other researchers. I am confident that this work can result in a method that is generally applicable to a wide range of problems.\n\n\nMinors\n\n- Wrong citation way, use \\citep and \\cite correctly. (e.g. \"and exploding gradient problem Pascanu et al. (2012);\"\n- References are used as nouns\n- Use \u201cEquation (1)\u201d instead of \u201cEquation 1\"", "Rating": "7: Good paper, accept", "Confidence": "5: The reviewer is absolutely certain that the evaluation is correct and very familiar with the relevant literature", "Comment": "Hi, just letting you know that we have integrated your suggestions and corrections into the camera-ready version, which I have just uploaded on this submission page.  Thanks again!"}, {"reviewer": "Colin Raffel", "Comment": "Hi, just letting you know that we have integrated your suggestions and corrections into the camera-ready version, which I have just uploaded on this submission page.  Thanks again!"}, {"reviewer": "ICLR 2016 workshop paper 7 reviewer 12", "Review": "Capturing long-term dependencies is difficult when a problem requires temporal positions of input symbols to be exploited. From its definition, the proposed model assumes temporal independence among the input symbols (Eq. (1) and h_t = f(x_t)), and it's not supposed to capture well, if not at all, any interesting long-term dependencies in the input sequence. \n\nThis is not to say that the proposed approach will not be useful at all. Rather, it should be framed differently in a very different context. In this regard, the evaluation in this paper is quite meaningless, as both of the tasks (addition and multiplication) are commutative and in fact easier to model if a network is a priori oblivious to any temporal ordering of the input sequence. \n\nIn short, the argument for the proposed approach is wrong, and therefore, the evaluation is rather meaningless. \n", "Rating": "4: Ok but not good enough - rejection", "Confidence": "5: The reviewer is absolutely certain that the evaluation is correct and very familiar with the relevant literature", "Comment": "We just uploaded the camera-ready version to this submission page.  We made our wording more clear about what our claims were (e.g. not temporal dependencies, but rather the ability to refer to different entries in very long sequences when computing the output).  We also added a more explicit statement about how the toy problems are, in fact, easier with our model which is unaware of temporal order.  Thank you again for your feedback!"}, {"reviewer": "Colin Raffel", "Comment": "We just uploaded the camera-ready version to this submission page.  We made our wording more clear about what our claims were (e.g. not temporal dependencies, but rather the ability to refer to different entries in very long sequences when computing the output).  We also added a more explicit statement about how the toy problems are, in fact, easier with our model which is unaware of temporal order.  Thank you again for your feedback!"}, {"reviewer": "ICLR 2016 workshop paper 7 reviewer 11", "Review": "The paper proposes a simplified version of an attention mechanism. The proposed mechanism summarizes the input sequence into a context by taking a weighted sum of its elements, where the weights are computed by a feed-forward network. The resulting context is further used by the same feedforward network.\n\nI do not think it is correct to say that the proposed approach actually handles long-term dependencies. It does solve the considered toy tasks, but it performs almost as well as a simple baseline that just sums all the inputs. As mentioned in the paper,\nthe information about positions of the input elements relative to each other is completely discarded by the proposed method. Thus, I do not think that it is fair to compare it with RNN, as the latter are much more generic.\n\nWhile the approach may be suitable for some applications, I think that the presenting it as a method to handle long-term dependencies is wrong.", "Rating": "4: Ok but not good enough - rejection", "Confidence": "5: The reviewer is absolutely certain that the evaluation is correct and very familiar with the relevant literature", "Comment": "We just uploaded the camera-ready version to this submission page.  We took care to not compare it directly with an RNN, because as you said it is not an entirely valid comparison.  We also made our wording more clear about what we claim to be the capabilities and potential applications of our model.  Thank you again for your feedback!"}, {"reviewer": "Colin Raffel", "Comment": "We just uploaded the camera-ready version to this submission page.  We took care to not compare it directly with an RNN, because as you said it is not an entirely valid comparison.  We also made our wording more clear about what we claim to be the capabilities and potential applications of our model.  Thank you again for your feedback!"}], "url": "/pdf?id=81DD7ZNyxI6O2Pl0Ul5j"}