{"paper_id": "91Eo10XnqckRlNvXUVkL", "header": "Bidirectional Helmholtz Machines", "abstract": "Efficient unsupervised training and inference in deep generative models remains\na challenging problem. One basic approach, called Helmholtz machine, involves\ntraining a top-down directed generative model together with a bottom-up\nauxiliary model that is trained to help perform approximate inference.\nRecent results indicate that better results can be obtained with better approximate\ninference procedures. Instead of employing more powerful procedures, we here\npropose to regularize the generative model to stay close to the class of\ndistributions that can be efficiently inverted by the approximate inference model.\nWe achieve this by interpreting both the top-down and the bottom-up\ndirected models as approximate inference distributions and by defining the model\ndistribution to be the geometric mean of these two. We present a lower-bound for\nthe likelihood of this model and we show that optimizing this bound\nregularizes the model so that the Bhattacharyya distance between the bottom-up\nand top-down approximate distributions is minimized. We demonstrate that we can\nuse this approach to fit generative models with many layers of hidden binary stochastic variables\nto complex training distributions and that this method prefers significantly\ndeeper architectures while it supports orders of magnitude more efficient\napproximate inference than other approaches.\n", "reviews": [], "url": "/pdf?id=91Eo10XnqckRlNvXUVkL"}