{"paper_id": "91EvmZNlwtkRlNvXUKL9", "header": "Universum Prescription: Regularization using Unlabeled Data", "abstract": "This paper shows that simply prescribing \"none of the above\" labels to unlabeled data has a beneficial regularization effect to supervised learning. We call it universum prescription by the fact that the prescribed labels cannot be one of the supervised labels. In spite of its simplicity, universum prescription obtained competitive results in training deep convolutional networks for CIFAR-10, CIFAR-100 and STL-10 datasets. A qualitative justification of these approaches using Rademacher complexity is presented. The effect of a regularization parameter -- probability of sampling from unlabeled data -- is also studied empirically.", "reviews": [], "url": "http://arxiv.org/pdf/1511.03719.pdf"}