{"paper_id": "D1VDZ5kMAu5jEJ1zfEWL", "header": "Revisiting Distributed Synchronous SGD", "abstract": "The recent success of deep learning approaches for domains like speech recognition (Hinton et al., 2012) and computer vision (Ioffe & Szegedy, 2015) stems from many algorithmic improvements but also from the fact that the size of available training data has grown significantly over the years, together with the computing power, in terms of both CPUs and GPUs. While a single GPU often provides algorithmic simplicity and speed up to a given scale of data and model, there exist an operating point where a distributed implementation of training algorithms for deep architectures becomes necessary. \n\nPrevious works have been focusing on asynchronous SGD training, which works well up to a few dozens of workers for some models. In this work, we show that synchronous SGD training, with the help of backup workers, can not only achieve better accuracy, but also reach convergence faster with respect to wall time, i.e. use more workers more efficiently.", "reviews": [{"reviewer": "ICLR 2016 workshop paper 80 reviewer 12", "Review": "The paper discusses a very important problem which deserves more attention from the academic community. Large-scale deep learning is important for industrial applications. The paper proposes a slight modification to classical sync-SGD where instead of waiting on all threads, the central controller only waits for a majority fraction of it, and proceeds as if it has received information from all threads. This is motivated from the observation that in multi-worker systems, typically, there are only a few outlying slow workers which negatively impact the overall system's speed (Pareto principle). Ignoring these workers should thus give a huge speedup.\n\nAs with any systems machine learning paper, details about the actual system used would have been very useful, i.e. more information about the hardware used.\n\nThe results in the paper are impressive, which makes this paper well worth talking about, and thus deserves to be in the workshop proceedings.", "Rating": "7: Good paper, accept", "Confidence": "3: The reviewer is fairly confident that the evaluation is correct", "Comment": "We think the most important information about the hardware system is the K40 GPUs we use which is described in the paper. Other than that, it is basically the standard intel servers with standard networking. One thing to note (also added to the paper) is that the resources were shared with other jobs so the worker could also be slowed/preempted by other jobs besides broken hardware. And our system handles that well."}, {"reviewer": "ICLR 2016 workshop paper 80 reviewer 10", "Review": "- Assuming that all nodes run at about the same speeds, using the Sync-SGD instead of the Async-SGD seems a reasonable thing that one could try. And it is interesting to see actually that Sync-SGD performs better than Async-SGD.\n\n- I'm wondering if the authors have not used the gradient clipping in the RNN experiments as well. If the provided results are with clipping, I'm also wondering how the method would perform without the clipping in RNN.\n\n- In the DRAW experiments, the authors only mention the convergence speed, but not provide the accuracies.\n\n- The Async-SGD seems to be a simple one in the class of Async-SGD methods. It would be interesting to see comparisons to more advanced Async-SGD methods as well.\n\n- It would have been interesting to see how the Sync-SGD is affected by increasing the response time of the slowest worker.", "Rating": "6: Marginally above acceptance threshold", "Confidence": "5: The reviewer is absolutely certain that the evaluation is correct and very familiar with the relevant literature", "Comment": "- I'm wondering if the authors have not used the gradient clipping in the RNN experiments as well. If the provided results are with clipping, I'm also wondering how the method would perform without the clipping in RNN.\n\nAns: we didn't use clipping in LM character predictions (either sync or async) and there are no really long term dependencies in the data so the clipping shouldn't be critical. In some experiments char LSTM was running for only 12 steps and the blowups with async continued\n\n- In the DRAW experiments, the authors only mention the convergence speed, but not provide the accuracies.\n\nAns: the numbers at convergence for sync and async were within 0.1% from each other (82.82 vs 82.88). Aside from noise, we didn't anneal learning rate to 0 at the end of the training and for sync we were using much higher learning rates (it typically helps to finetune the model at the end with smaller LRs).\n\n- The Async-SGD seems to be a simple one in the class of Async-SGD methods. It would be interesting to see comparisons to more advanced Async-SGD methods as well.\n\nAns: We are not sure which \u201csimple\u201d you are referring to here. The rmsprop with momentum seems to be one of the more complex SGD algorithms. In terms of different synchronization methods, actually we also tried clustering/grouping (sync intra group and out of sync inter group) but the result is not as good so we didn\u2019t add it due to space limit. But apparently people are interested in this so we will briefly mention this in the final paper. Thanks.\n\n- It would have been interesting to see how the Sync-SGD is affected by increasing the response time of the slowest worker.\n\nAns: Increasing time of slowest worker is a less severe case for a \u201cdead\u201d worker, the backup workers can handle this well. Even if you have too many dead workers, our system can still work with some worker doing computation for multiple batches, which will be slower but expected if the resource is limited."}, {"reviewer": "gallinari patrick", "Review": "The paper introduces a synchronous parallel stochastic gradient descent algorithm and compares its performance on different tasks with a reference asynchronous SGD. The behavior of the two algorithms are compared for different configurations (number of parallel machines - tasks).\n\nThe paper addresses an important problem: defining efficient distributed algorithms for large scale deep architectures.  Its contribution is to provide experimental results on different problem types and these results will certainly be interesting for a large community. The comparison of synchronous \u2013 asynchronous optimization methods is also a topic of interest by itself and this paper contributes in this direction.\n\nIt is not clear in the paper if the parameter servers in the comparison have the same configuration.\nThe algorithm setting (gradient step policy, etc) could certainly be adapted to a specific implementation (synchronous or asynchronous). It seems that the same parameter adaptation method is used for both the synchronous and asynchronous methods. Does it provide a fair comparison? These parameters might influence the performance as much as the 2 different implementations do. How robust is the comparison wrt this aspect? E.g. could the performance order be reversed with another version of SGD?\n\nThere is no indication on the distribution of work to the backup workers.  How do you distribute data to these specific workers and how different is it from the other workers? \n\nThere is no discussion on mixed synchronous - asynchronous implementations. This could generalize the idea of backup workers. Could this be an interesting option and why?\n\nThe passage on the overlap of the gradient computation for the different layers by the end of section is not clear for me and could be made more precise.\n\n\nPro: comparison of two different options (synchronous vs asynchronous) for parallelizing SGD. Experiments on different configurations.\n\nCons: not clear (for me) if the SGD algorithm parameters setting itself is not as important as the option choice (sync. vs async) for the performance.\n\n", "Rating": "9: Top 15% of accepted papers, strong accept", "Confidence": "4: The reviewer is confident but not absolutely certain that the evaluation is correct", "Comment": "-The algorithm setting (gradient step policy, etc) could certainly be adapted to a specific implementation (synchronous or asynchronous). It seems that the same parameter adaptation method is used for both the synchronous and asynchronous methods. Does it provide a fair comparison? These parameters might influence the performance as much as the 2 different implementations do. How robust is the comparison wrt this aspect? E.g. could the performance order be reversed with another version of SGD?\n\nAns: All the hyper-params are actually tuned for asynchronous setting, the synchronous runs just used those hyper-params or at most slightly changed the learning rate. We have not done serious tuning for the synchronous runs yet.\n\n-There is no indication on the distribution of work to the backup workers.  How do you distribute data to these specific workers and how different is it from the other workers? \n\nAns: The distribution of work to the backup is the same as other workers. In fact, any worker can become the backup if it gets slower or preempted. The data used by the backup computation will be simply dropped, which should be fine if we have a lot of epochs or data is well randomized. This turned out to be not an issue according in our experiments. \n\n-There is no discussion on mixed synchronous - asynchronous implementations. This could generalize the idea of backup workers. Could this be an interesting option and why?\n\nAns: Actually we also tried clustering/grouping (sync intra group and out of sync inter group) but the result is not as good so we didn\u2019t add it due to space limit. But apparently people are interested in this so we will briefly mention this in the final paper. Thanks.\n\n-The passage on the overlap of the gradient computation for the different layers by the end of section is not clear for me and could be made more precise.\n\nAns: Applying the gradients of upper layers can be overlapped by the gradient computation of bottom layers. You can think of it as a streaming/pipelining so the real overhead is only waiting to collect/apply gradients on the bottom layers. We will also try to make it more clear in the paper. Thanks for pointing it out."}], "url": "/pdf?id=D1VDZ5kMAu5jEJ1zfEWL"}