{"paper_id": "D1VDjyJjXF5jEJ1zfE53", "header": "Revise Saturated Activation Functions", "abstract": "  In this paper, we revise two commonly used saturated functions, the\n  logistic sigmoid and the hyperbolic tangent (tanh).\n\n  We point out that, besides the well-known non-zero centered property, slope of the activation function near the origin is another possible\n  reason making training deep networks with the logistic function\n  difficult to train. We demonstrate that, with proper rescaling, the logistic sigmoid\n  achieves comparable results with tanh.\n\n  Then following the same argument, we improve tahn by penalizing in the negative part. \n  We show\n  that ``penalized tanh'' is comparable and even outperforms the state-of-the-art\n  non-saturated functions including ReLU and leaky ReLU on deep convolution\n  neural networks.\n\n  Our results contradict to the conclusion of previous works that the saturation\n  property causes the slow convergence. It suggests further investigation is necessary to\n  better understand activation functions in deep architectures.", "reviews": [{"reviewer": "ICLR 2016 workshop paper 165 reviewer 10", "Review": "This is a very badly written paper. There are several typos and mistakes. I will not list them, I recommend the authors to proof-read the paper a few more times. On the other hand, those mistakes make the paper difficult to follow, although the ideas presented there are not very complicated. I think this paper requires a better write-up.\n\nSection 2 is very confusing and ambiguous. Where does w^{(l)} come from? It is not define in the text. \nI really can not see how you go from Eqn 3 to Eqn 4.\n\nTaylor approximations in Eqns 7,8 and 9 are done around 0. You should explicitly state that in the text. Eqn 7 is wrong.\nEqn 10 is basically 2*tanh(x).\nThere is a discontinuity between the ideas presented in Section 2 and Section 3. \n\nWhy the results of Sigmoid on Table 1 are N/A. If you are not going to put the results there, why did you put this there?\nIt seems like still leaky-tanh performs slightly worse than leaky-ReLU. Why would one prefer leaky-tanh over leaky-ReLU for feedforward networks? The conclusion provided in the paper is obvious and really not surprising. These ideas could be better analyzed and investigated.", "Rating": "4: Ok but not good enough - rejection", "Confidence": "5: The reviewer is absolutely certain that the evaluation is correct and very familiar with the relevant literature"}, {"reviewer": "Dmytro Mishkin", "Review": "The authors study weaknesses of the saturated activation functions (TanH and Sigmoid) and propose ways of improving it. \nIn first part of paper authors propose to fix difficulties of training sigmoid networks by one of two ways:\n\na) Simply apply separate learning rates to the different layers: starting with 1 for linear classifier, multiply each previous lr by 4 and correct the weight matrices the opposite way. This could be seen as analogy of (He et al., 2015) correction of (Glorot et.al, 2010) formula but for Sigmoid networks instead of ReLU.\nThe idea is simple - to compensate vanishing gradient by proportionally increasing learning rate. As far as I checked on 4-layer network, it works, but seems rather impractical for deep network, i.e. correction coefficient for 11-layer network would be 4^11 = 4194304.\nHowever, the idea of layer-wise adjustment of learning rate potentially could help is other situations, not necessary with sigmoid. \n\nb)rescale and shift sigmoid to so called sigmoid*(x) = 4*sigmoid(x) - 2.\nThis solution is much simpler, but I believe, such function cannot be called sigmoid, rather tanh. Reason:\n sigmoid*(x) = 4*sigmoid(x) - 2 = 4/(e^-x +1) - 2 = (4 - 2e^(-x) - 2 ) / (e^-x + 1)= 2 (1 - e^-x)/(e^-x + 1) = 2*tanh(x/2).\n\nIn the second part of the paper authors propose \"leaky\" version of TanH, showing that it could compete with ReLU activation.\nIt could be interesting to see how other ReLU-family inspired variants of TanH would perform:\na)rectified TanH = 0, if x < 0\nb)Randomized Leaky TanH in RReLU fashion\nc)Parametric Leaky TanH.\n\nI believe that paper with such evaluation will help future research in saturated activation functions. ", "Rating": "6: Marginally above acceptance threshold", "Confidence": "4: The reviewer is confident but not absolutely certain that the evaluation is correct", "Comment": "Thanks for reviewing.\na> \nI have tested 8 layers and there is no problem. Recall IEEE-754 standard ("}, {"reviewer": "ICLR 2016 workshop paper 165 reviewer 11", "Review": "The authors claim that under certain assumptions on the variance of pre-nonlinear output and the gradient, the initialization method from [Glorot&Bengio,2010] can be recovered when the derivative of the activation equals to one. Via Taylor expansion of the activation functions they show that sigmoid violates this condition. \n\nI do not understand the statement \"Clearly, when x is around 0 Sigmoid will make gradient vanishing if we use same learning rate in each layer.\" I believe the derivative of sigmoid is non-zero especially around zero and close to zero else where. I believe gradient vanishing occurs when the activation function is pushed into saturated regime. \n\nThe proposed version of sigmoid (sigmoid*) can be seen as a version of tanh function with larger non-saturated regime and steeper gradient. Similar activations were proposed in past (sorry for not being able to provide a reference at this moment). I encourage authors to look at the hidden responses of the network trained using sigmoid*, they might be operating in non-saturated regime. I also don't see how the proposed activation is equivalent to using different learning rates for different layers?, unless combined with some specific initialization scheme.\n\nRectifiedTanh function, which is a specific case of proposed leaky tanh, was shown to perform as good as Relu in ", "Rating": "5: Marginally below acceptance threshold", "Confidence": "4: The reviewer is confident but not absolutely certain that the evaluation is correct", "Comment": "Thanks for reviewing.\n \n1>   \u201cI do not understand the statement \"Clearly, when x is around 0 Sigmoid will make gradient vanishing if we use same learning rate in each layer.\" \u201c\n \nBy doing z-score normalization on input data, which is commonly used in training neural networks, we normalize the data to  have mean 0 and variance 1. Assume x is near 0, according to Equ(6), each sigmoid layer will reduce the variance to (1/4)^2 that of the previous upper layer, which is 1/16. For a network with "}], "url": "/pdf?id=D1VDjyJjXF5jEJ1zfE53"}