{"paper_id": "E8VEozRYyi31v0m2iDwy", "header": "Deep Autoresolution Networks", "abstract": "Despite the success of very deep convolutional neural networks, they currently operate\nat very low resolutions relative to modern cameras. Visual attention mechanisms\naddress this by allowing models to access higher resolutions only when\nnecessary. However, in certain cases, this higher resolution isn\u2019t available. We\nshow that autoresolution networks, which learn correspondences between lowresolution\nand high-resolution images, learn representations that improve lowresolution\nclassification - without needing labeled high-resolution images.", "reviews": [{"reviewer": "ICLR 2016 workshop paper 141 reviewer 11", "Review": "This is a nice idea, but I am not sure if it is being used to do something really novel yet, in comparison with Siamese networks or convolutional autoencoders.\n\nThere seem to be two ways for the network to solve the high-res-patch/low-res-image matching problem.\nThe lazy way - downscale the patch, and compare it to small regions of the image.\nThe clever way - look at the patch, deduce what it is, i.e. dog fur, and then check if that matches the image, i.e. is\nit an image of a dog, or possibly a fur coat?\n\nIf the network is solving the problem the lazy way, then the results should be similar to what you would get using a\nconvolutional autoencoder. If it is solving the problem the clever way, then this a great new way to unsupervised\nlearning for images. The experimental evidence seems to be rather hastily put together; it is not clear yet that advantage is being taken of the difference in resolution patch-vs-image.\n", "Rating": "5: Marginally below acceptance threshold", "Confidence": "3: The reviewer is fairly confident that the evaluation is correct"}, {"reviewer": "ICLR 2016 workshop paper 141 reviewer 10", "Review": "The paper proposes an unsupervised learning strategy that uses high-resolution and low-resolution image correspondence as a surrogate task to initialize networks for image classification.  Two towers are trained to produce a feature representation that allows a classifier to determine whether a cropped or blurred patch is a part of an original image.  Tests on CIFAR-10 show that the learned representation for the low-resolution representation is a useful initialization for classification.\n\nPros:\nOverall, this is an interesting unexplored criterion for pre-training a network (even though pre-training seems to have gone out of style).\nOn the experiments presented, the pre-trained solution is at least better than starting from random.\n\nCons:\n30% relative gain is a nice result, but this is against a non-pretrained-baseline.  How does this compare to stronger efforts that include some form of pretraining?  Considering the long list of methods that provide a gain for this benchmark, more comparisons seem important.\n", "Rating": "6: Marginally above acceptance threshold", "Confidence": "4: The reviewer is confident but not absolutely certain that the evaluation is correct"}, {"reviewer": "ICLR 2016 workshop paper 141 reviewer 12", "Review": "This paper proposes deep auto-resolution networks using unsupervised context information. The model consists of two convolution towers, one with 17 convolution layers on high-resolution image patch and the other with 40 inception-style layers on low-resolution full image. The outputs of both towers are concatenated and fed into a classifier or a regressor. The classifier is used to predict whether the high-resolution image patch is in the image and the regressor is used to predict the location of the high-resolution image patch inside the image. No annotations are required to train this network and experimental results show that the 40 layer embedding tower outperforms a random initialized network on cifar10 dataset. \n\nThe strengths of this paper include:\n1) Learning from unsupervised context info is a very interesting topic. It enables us to train very deep networks to learn representations without any annotations. \n2) Experimental results show that the network can learn some representations and improve the classification task. \n\nI have the following concerns about this paper:\n1) There is no network architecture details in the paper. Without that information, it is hard for other people to reproduce the results. \n2) Also, no results reported in terms of the accuracy or error for the classifier and regressor net. It would be great to know how accurate the network can predict the context info and how much training data required to learn it.\n3) The experiments only compare random initialization and the pre-trained auto resolution network. It would be great to compare with other unsupervised network as pretrained networks.  \n\nIn general, I think the idea of this paper is great but the presentation and experiments are not satisfactory. ", "Rating": "6: Marginally above acceptance threshold", "Confidence": "4: The reviewer is confident but not absolutely certain that the evaluation is correct", "Comment": "Attached are links to the model architecture we used and qualitative examples of a trained model. \n\nFor the qualitative examples, the black and white square is a heat map, where white represents that the model predicted that a high-resolution patch from that location belonged to a low-resolution image (not shown). The examples with two pictures correspond to negative examples - the model should predict all black instead of all white. The results are after the model was trained on 20 million images on an internal Google dataset and the examples are all sampled from ImageNet's validation set.\n\nFor Cifar10, we are not aware of any similar results to compare with. Additionally, we would like to stress that the goal of our architecture is not to improve classification performance on Cifar10, this was just an easy way for us to demonstrate that our model learned useful representations.\n\nModel Architecture - "}], "url": "/pdf?id=E8VEozRYyi31v0m2iDwy"}