{"paper_id": "E8VEwRW9Ji31v0m2iDwv", "header": "Stuck in a What? Adventures in Weight Space", "abstract": "Deep learning researchers commonly suggest \nthat converged models are stuck in local minima.\nMore recently, some researchers observed \nthat under reasonable assumptions, \nthe vast majority of critical points are saddle points, not true minima.\nBoth descriptions suggest that weights converge around  a point in weight space, \nbe it a local optima or merely a critical point.\nHowever, it's possible that neither interpretation is accurate.\nAs neural networks are typically over-complete,\nit's easy to show the existence of  vast  continuous regions through weight space with equal loss.\nIn this paper, we build on recent work empirically characterizing the error surfaces of neural networks.\nWe analyze training paths through weight space,\npresenting evidence that apparent convergence of loss\ndoes not correspond to weights arriving at critical points, \nbut instead to large movements through flat regions of weight space.\nWhile it's trivial to show that neural network error surfaces are globally non-convex, \nwe show that error surfaces are also locally non-convex, \neven after breaking symmetry with a random initialization and also after partial training.", "reviews": [{"reviewer": "ICLR 2016 workshop paper 177 reviewer 12", "Review": "The submission presents an experimental setup for analyzing the successful gradient-based optimization and performance of networks with large numbers of parameters. They propose to train a convolutional network on MNIST and analyze the gradient descent paths through weight space. The trajectories are compared and evaluated using PCA. \n\nThis is very similar to the approach taken by Goodfellow et al, and it is difficult to see any new contributions of this submission. The results are mostly well-known at this point, although there is certainly room for further research in this area. The demonstration of divergence during training because of shuffled inputs is interesting but not surprising. There are no new visualizations or qualitative results, and the quantitative results are limited to 2 numbers (the variance explained by the top 2 and top 10 principal components) which are meaningless without more extensive comparison and analysis.\n\nThe submission could be a white paper to justify some further research, but it does not have enough substance or novelty to be in the ICLR workshop.", "Rating": "3: Clear rejection", "Confidence": "4: The reviewer is confident but not absolutely certain that the evaluation is correct"}, {"reviewer": "ICLR 2016 workshop paper 177 reviewer 11", "Review": "\"...descriptions suggest that weights converge around a point in weight space, be it a local optima or merely a critical point. However, it's possible that neither interpretation is accurate.\"\nIndeed those descriptions are not accurate, but this is already well-known and described in the Deep Learning textbook:\n", "Rating": "3: Clear rejection", "Confidence": "5: The reviewer is absolutely certain that the evaluation is correct and very familiar with the relevant literature"}, {"reviewer": "ICLR 2016 workshop paper 177 reviewer 10", "Review": "\nSummary:\n\nThis paper presents several qualitative experiments aimed at understanding the path taken by SGD through weight space.\n\nMajor comments:\n\n\u201cFlat region of weight space\u201d: At several points it is claimed that models don\u2019t arrive at a critical point but instead a flat region of weight space. Yet a truly flat region is, of course, a critical point or manifold of critical points; and nearly flat regions of weight space are common next to saddle points (see, eg, Saxe et al. ICLR2014). Hence if solutions do enter a flat region, this is not evidence for or against the local minima or saddle point hypotheses.\n\nThe observation that different networks can be led to very different solutions by reordering input examples is not surprising given the analyses in eg, Baldi & Hornik, 1989 or Saxe et al., 2014. The main point is that the many symmetries in a deep network lead to a manifold of global minima. This is an infinite set of critical points which all attain equal error. Hence, due to noise (such as reordering input samples), solutions can wander along this manifold\u2014all global minima are equally good\u2014and there is no pressure to settle on one particular optimal solution over another. As a simple example, take a deep linear network with just one neuron per layer, y = a*b*x, where a and b are scalar weights, and with just one input example {y=1, x=1}. The manifold of global minima is the hyperbola on which a*b=1. The euclidean distances between different solutions can thus clearly be arbitrarily large (one solution is a=1/10, b = 10; another is a=10, b=1/10), and as large as the euclidean distance to the origin.\n\nSome results in this paper are already known. For instance, Saxe et al. ICLR 2014 showed that gradient descent learning trajectories are nonlinear. Indeed, Goodfellow et al. ICLR2014 also found that gradient descent does not take the straight line path from initialization to eventual solution.\n\nAdditional experimental details are necessary to evaluate the paper. What loss function is optimized? What exact initialization is used? These are centrally important to evaluating the results here. In particular, a small random initialization will perform differently from a large-norm initialization.\n\nThere are some conceptual confusions. At several points it is claimed that \u201cafter symmetry is broken\u201d the error surface is still nonconvex. Finding a particular initial condition for which symmetry is broken does not make a minimization problem convex. The non convexity of a minimization problem can influence gradient dynamics even away from critical points, for example, it can induce long nearly flat plateaus.\n\n", "Rating": "3: Clear rejection", "Confidence": "5: The reviewer is absolutely certain that the evaluation is correct and very familiar with the relevant literature"}], "url": "/pdf?id=E8VEwRW9Ji31v0m2iDwv"}