{"paper_id": "GvVJNQZM5f1WDOmRiMKy", "header": "Task Loss Estimation for Structured Prediction", "abstract": "Often, the performance on a supervised machine learning task is evaluated with a\n\\emph{task loss} function that cannot be optimized directly. Examples of such loss functions\ninclude the classification error, the edit distance and the BLEU\nscore. A common workaround for this\nproblem is to instead optimize a \\emph{surrogate loss}\nfunction, such as for instance cross-entropy or hinge loss. In\norder for this remedy to be effective, it is\nimportant to ensure that minimization of the surrogate loss\nresults in minimization of the task loss, a condition\nthat we call \\emph{consistency with the task loss}.\nIn this work, we propose another method for deriving\ndifferentiable surrogate losses that provably meet this requirement.\nWe focus on the broad class\nof models that define a score for every input-output pair.\nOur idea is that this score can be interpreted as an\nestimate of the task loss, and that the estimation error may \nbe used as a consistent surrogate loss. A distinct feature of\nsuch an approach is that it defines the desirable value of the\nscore for every input-output pair. We use this property \nto design specialized surrogate losses for  Encoder-Decoder\nmodels often used for sequence prediction tasks.\nIn our experiment, we benchmark on the task of speech\nrecognition. Using a new surrogate loss instead of\ncross-entropy to train an Encoder-Decoder speech recognizer\nbrings a significant ~9\\% relative improvement in \nterms of Character Error Rate (CER) in the case when no \nextra corpora are used for language modeling.\n", "reviews": [], "url": "/pdf?id=GvVJNQZM5f1WDOmRiMKy"}