{"paper_id": "k80kv3zjGtOYKX7ji4V7", "header": "Deep Motif: Visualizing Genomic Sequence Classifications", "abstract": "This paper applies a deep convolutional/highway MLP framework to classify genomic\nsequences on the transcription factor binding site task. To make the model\nunderstandable, we propose an optimization driven strategy to extract \u201cmotifs\u201d, or\nsymbolic patterns which visualize the positive class learned by the network. We\nshow that our system, Deep Motif (DeMo), extracts motifs that are similar to, and\nin some cases outperform the current well known motifs. In addition, we find that\na deeper model consisting of multiple convolutional and highway layers can outperform\na single convolutional and fully connected layer in the previous state-of-the-art.", "reviews": [{"reviewer": "Honglak Lee", "Review": "This paper proposes to use deep neural networks to improve the classification performance for predicting transcription factor binding sites (TFBs). Compared to DeepBind (Alipanahi et al., 2015), the authors use a deeper network (combination of deeper convolutional layers and highway MLP layers) and show that this model improves the classification performance (measured in AUC). The paper also presents a visualization method similar to Simonyan et al. (2013). The main contribution of the paper can be summarized as: (1) improved classification performance of TFBs using deeper CNNs, and (2) a visualization method of motifs from the learned CNN model. \n\nNovelty:\nThe technical novelty of the method is quite incremental. Compared to DeepBind, the main novelty is the use of deeper CNN layers and highway MLPs; the improvement of the AUC is ~1% (0.946 vs 0.931) which is moderate. In terms of visualization, the main difference is to optimize the input to maximize the output of the network via backprop (Equation 1) instead of using actual samples. \n\nClarity and presentation: \nThe paper is quite clearly written (given page limit), but more details would be helpful for clarification.\n\nSignificance:\nAlthough the technical novelty is incremental, there is a reasonable (although not big) improvement in performance. The proposed visualization method (which is not technically novel) can turn out to be useful in practice. This paper could contribute to more investigation and application of deep learning in the computational biology domain, which is under-explored compared to other areas (vision, speech, etc.). \n\nOverall, the paper would fall on the borderline; however, given the relative paucity of deep learning papers in computational biology, the paper may be worthy of presentation at the ICLR workshop.\n", "Rating": "6: Marginally above acceptance threshold", "Confidence": "4: The reviewer is confident but not absolutely certain that the evaluation is correct", "Comment": "We would like to thank reviewer 10 for the very helpful comments. As alluded to, we hope that this work will spark a broader interest in computational biology applications in the ICLR community. We feel that an important aspect of this work is to show that the methods shown useful for NLP, speech, vision, etc. can also be applied to achieve state-of-the-art results in biological tasks."}, {"reviewer": "ICLR 2016 workshop paper 160 reviewer 12", "Review": "This paper proposes to use a multiple convolutional layers neural network with highway MLP to classify genomic sequences on the transcription factor binding site task, and also proposed to visualize the motif by utilizing the method proposed by Simonyan et al. (2013) to have a better interpretation of what the model learns. This paper moves a small step from Alipanahi et al. (2015) which uses a single convolutional layer for the TFBS classification task. This paper proposes to use a multiple convolutional layers neural network with highway MLP to classify genomic sequences on the transcription factor binding site task, and also proposed to visualize the motif by utilizing the method proposed by Simonyan et al. (2013) to have a better interpretation of what the model learns. This paper moves a small step from Alipanahi et al. (2015) which uses a single convolutional layer for the TFBS classification task. \n\nThe main novelty of this paper is to apply the recent progress of deep learning to biomedical tasks, such as CNN and Highway MLP, and achieves very good results on TFBS task. It is appreciated that the authors show that deep learning are able to provide good results in biomedical literature. However, the drawbacks of this paper are as follows:\n\n1.  The novelty of the paper is limited. Extending the model of Alipanahi et al. (2015) to a deep model and utilizing the Highway MLP is good. However, there is no key improvement over Alipanahi et al. (2015). Hence, the novelty is not very significant. \n\n2.  The description of the model proposed in this paper is not sufficient. As the paper focuses on the medical literature, it would be much better to provide more details of the methods, such as what is TFBS classification, motif, and the details of Equation (1). What is more, the paper did not explain what is the meaning of Figure 2(b), but only a \"A comparison of motifs can be seen in figure 2.\". What does Figure 2(b) compare? And what does the y-axis of Figure (2) mean? This might make the reader confuse. \n\nIn summary, I think the pros of the paper is that it applies some successful approaches in DL on biomedical tasks and achieve competitive results. However, the cons is that the novelty of the paper is not significant and clarity of the paper also needs to be improved. \n\n\n", "Rating": "5: Marginally below acceptance threshold", "Confidence": "4: The reviewer is confident but not absolutely certain that the evaluation is correct", "Comment": "Thank you for the review and helpful comments! We acknowledge the clarity of the architecture description as noted. The first 2 convolutional layers contain convolutions, and a length 2 max-pooling. The third convolutional layer contains convolution and then a max-pool across the entire temporal domain. We wanted to state that there is not a length 2 max pool after the 3rd convolution because there is instead an entire-length max-pool (this architecture is reflected in figure 1). \n\nAs noted in the comment above, the main goal of the visualization is to show that we are able to extract visualizations through optimization which are similar to the carefully tuned JASPAR database motifs. Figure 2(b) demonstrates that we are able to find similar visualizations for the 2 TFs shown. "}, {"reviewer": "Jack Lanchantin", "Comment": "Thank you for the review and helpful comments! We acknowledge the clarity of the architecture description as noted. The first 2 convolutional layers contain convolutions, and a length 2 max-pooling. The third convolutional layer contains convolution and then a max-pool across the entire temporal domain. We wanted to state that there is not a length 2 max pool after the 3rd convolution because there is instead an entire-length max-pool (this architecture is reflected in figure 1). \n\nAs noted in the comment above, the main goal of the visualization is to show that we are able to extract visualizations through optimization which are similar to the carefully tuned JASPAR database motifs. Figure 2(b) demonstrates that we are able to find similar visualizations for the 2 TFs shown. "}], "url": "/pdf?id=k80kv3zjGtOYKX7ji4V7"}