{"paper_id": "L7VOrG6lVsRNGwArs4qo", "header": "Do Deep Convolutional Nets Really Need to be Deep (Or Even Convolutional)?", "abstract": "Yes, apparently they do.\n\nPrevious research by Ba and Caruana (2014)\ndemonstrated that shallow feed-forward nets\nsometimes can learn the complex functions pre-\nviously learned by deep nets while using a simi-\nlar number of parameters as the deep models they\nmimic. In this paper we investigate if shallow\nmodels can learn to mimic the functions learned\nby deep convolutional models. We experiment\nwith shallow models and models with a vary-\ning number of convolutional layers, all trained to\nmimic a state-of-the-art ensemble of CIFAR-10\nmodels. We demonstrate that we are unable to\ntrain shallow models to be of comparable accu-\nracy to deep convolutional models. Although the\nstudent models do not have to be as deep as the\nteacher models they mimic, the student models\napparently need multiple convolutional layers to\nlearn functions of comparable accuracy.\n", "reviews": [{"reviewer": "ICLR 2016 workshop paper 155 reviewer 10", "Review": "The paper is interesting.\n\nBayesian optimization (BO) is used to support the claim that there are no shallow models that are as good as the best deep models for CIFAR-10.\nRationale being if BO couldn't find hyperparameters and a learning algorithm to train such a good shallow model, then there is no such shallow model to be found. This evidence is strongest when you search a large set of shallow models and training algorithms, the BO search appears to have converged, and BO search has found models at least as good as the best ones known to be in the search space.\n\nRe: searching a large-enough set of shallow models & algorithms, it would help to show that the best models were not discovered near the boundary of the search space. If they were, the search space should perhaps be bigger to find still-better models.\n\nRe: convergence of BO\nA plot of error over time of the BO searches would increase the strength of the case. Such a curve is not proof that a huge space has been searched but if the best models were all found near the end of the search, then it would undermine the conclusion.\n\nRe: finding the best known models at each depth\nThis appears to be true but a resume of recent high-scores' citations would be appropriate.\n", "Rating": "8: Top 50% of accepted papers, clear accept", "Confidence": "4: The reviewer is confident but not absolutely certain that the evaluation is correct"}, {"reviewer": "ICLR 2016 workshop paper 155 reviewer 11", "Review": "The paper confirms the importance of being deep and convolutional empirically by showing that the shallow models cannot achieve as high accuracy as deep and convolutional counterparts. The experiments has been held extensively and the conclusion made in the paper sounds quite convincing even though it is based only on empirical results.\n\nOverall, the claim of the paper is not surprising, but many details in the paper such as architecture selection or the effectiveness of distillation would be good to be presented. Nevertheless, it would be great if authors can provide more analysis why and when the shallow network fails to be as good as deep network than simply presenting the numbers. \n\nIt'll be good to provide training loss for student model and compare with the teacher model to show less overfitting.\n\n", "Rating": "7: Good paper, accept", "Confidence": "3: The reviewer is fairly confident that the evaluation is correct"}, {"reviewer": "ICLR 2016 workshop paper 155 reviewer 12", "Review": "This paper extends the work of Ba and Caruana, Do deep nets really need to be deep? by asking the same question about deep _convolutional_ nets, and reaches the opposite conclusion in this new context.\n\nI don't think the conclusion (that deep convents work better than not-deep-convnets on images) is going to surprise anyone; but, the architecture search is quite extensive, so at least this paper provides some circumstantial evidence to support the commonly held intuition.\n\nI do wish the authors had been similarly meticulous when writing the paper as they were when running experiments.  There are a lot of moving parts involved here and I would have really appreciated if some effort was made to synthesize the results in a comprehensible way, rather than simply dumping the all the details into paragraphs of latex and expecting the reader to untangle them.\n\nFor example, understanding what is \"Teacher CNN 1\" on page 3 requires digging into Section 4.7 in the appendix, finding the paragraph talking about 129 CIFAR models trained that talks about the performance of the first and _fifth_ best model, to finally discover that this is the top three performing models from the \"Super Teacher\" ensemble (which then requires a bit more digging to verify that this is the same thing as the \"Ensemble of 16 CNNs\" from the table on page 3).\n\nI am recommending accepting this paper because the experimentation is quite thorough and I think the ICLR workshop is the right venue to to present something like this, but I strongly encourage the authors to spend some effort making tables and diagrams and organizing the presentation of their hyperparamter search in a way that is comprehensible.  I appreciate the level of detail, especially in a paper supporting a negative result with experiments, but the presentation needs serious work.", "Rating": "10: Top 5% of accepted papers, seminal paper", "Confidence": "3: The reviewer is fairly confident that the evaluation is correct"}], "url": "/pdf?id=L7VOrG6lVsRNGwArs4qo"}