{"paper_id": "mO9mQWp8Rij1gPZ3Ul5q", "header": "Multi-layer Representation Learning for Medical Concepts", "abstract": "Learning efficient representations for concepts has been proven to be an important basis for many applications such as machine translation or document classification. \nProper representations of medical concepts such as diagnosis, medication, procedure codes and visits will have broad applications in healthcare analytics.  \nHowever, in Electronic Health Records (EHR) the visit sequences of patients include multiple concepts (diagnosis, procedure, and medication codes) per visit. \nThis structure provides two types of relational information, namely sequential order of visits and co-occurrence of the codes within each visit. \nIn this work, we propose Med2Vec, which not only learns distributed representations for both medical codes and visits from a large EHR dataset with over 3 million visits, but also allows us to interpret the learned representations confirmed positively by clinical experts.\nIn the experiments, Med2Vec displays significant improvement in key medical applications compared to popular baselines such as Skip-gram, GloVe and stacked autoencoder, while providing clinically meaningful interpretation.", "reviews": [{"reviewer": "Edward Choi", "Comment": "We\u2019d like to thank the reviewers for the insightful comments. \nSome of the comments could be addressed by the extended version in ArXiv as we mentioned in the paper: "}, {"reviewer": "ICLR 2016 workshop paper 161 reviewer 12", "Review": "This paper presents a simple two-layer neural network for modeling bag-of-word representations with temporal dynamics, applicable to sequences of related documents. The end-to-end learning algorithm consists in optimising the sum of two losses, the cross-entropy for co-occurrences of words in one document, and the cross-entropy for predicting words in a document appearing at a different time.\n\nInstead of words, the authors use medical codes (with a vocabulary of about 29k codes) in consecutive patient records, and demonstrate the applicability of their model to predicting medical codes records, using a set of 3.3M visits for 550k patients, and demonstrate that their model outperforms non-temporal models such as stacked-autoencoders, skip-grams or Glove vectors (as well as a plain sum of one-hot representations). When predicting the codes of the next visit, they achieve a recall of about 0.76 to 0.77 at 30 codes.\n\nThe paper is well written but some areas remain unclear.\n\n1) Why does loss function (1) and figure 1 suggest that codes from visit V_t are used interchangeably to predict codes from visists V_{t-w}, V_{t-w+1}, ..., V_{t-1}, V_{t+1}, ..., V_{t+w}? The application is to predict V_{t+1} from V_t.\n\n2) What are the demographic data used by the authors (vector d_t)?\n\n3) If I am not mistaken, the fact the one-hot vectors perform as well as the other methods seems to suggest that there is a strong stationarity in the consecutive visits, on which the authors should elaborate. Similarly, the performance of skip-grams is surprisingly bad compared to the other methods.\n\n\n\n\n", "Rating": "7: Good paper, accept", "Confidence": "5: The reviewer is absolutely certain that the evaluation is correct and very familiar with the relevant literature", "Comment": "Thank you for your comments and suggestion.\n1) v_t, the visit representation at time t is trained to predict the codes from neighboring visits V_{t-w}, V_{t-w+1}, \u2026, V_{t+w}. The codes of V_t themselves are used to generate the visit representation v_t. The application where we use v_t to predict the codes in V_{t+1} is for evaluation purposes. We do not learn visit representations only for that prediction task. In the extended version, we conduct another prediction task for additional evaluation. \n2) We used age, gender and ethnicity as mentioned in the extended version. \n3) Stationarity [not to be confused with stationary random processes] is a keen observation. Patients rarely go through drastic changes in a short time window. That was the basis of our assumption that neighboring visits should be predictive of each other. Skip-gram seems to learn slowly compared to GloVe because it can only use local co-occurrence information. Med2Vec alleviates this problem by leveraging neighboring visits."}, {"reviewer": "ICLR 2016 workshop paper 161 reviewer 10", "Review": "This paper presents an interesting application of embedding learning algorithms to the Healthcare domain. It introduces a model that can jointly learn embeddings of two healthcare concepts: medical codes and patient visits. The set of all medical codes is analogous to words or the vocabulary of a language, and a patient visit is defined as a subset of all medical codes, i.e. a bag-of-words.\n\nThe paper is clear and well written. While the model used in this paper is not original, it is a good start for learning representations in the healthcare domain.\n\nMajor issues:\n1- I find the model used for learning visit representations a bit problematic. The prediction given a specific visit representation v_t is provided with several (in fact 2*w) different (bag-of-word) targets simultaneously, each for a different neighbouring visit. I believe this would cause some kind of \"unlearning\", where the model is asked to predict different things for the same input. \nA better model could be to use a different softmax for each neighbouring visit target, or aggregate those targets (e.g. average or AND) and ask the model to provide one single prediction per input.\n\n2- There is some important information missing. For example, I cannot find a definition of the demographic information d_t. In fact, using this information should be defined as input to the function f_V.\n\n3- Figure 2 has 4 different sub-plots, all with the same x-axis but with different ranges. It is not clear what the authors are trying to show here, and why not combining all of them in one plot.\n\n4- Claims about better interpretability of the representations are not supported by experimental result.\n", "Rating": "5: Marginally below acceptance threshold", "Confidence": "4: The reviewer is confident but not absolutely certain that the evaluation is correct", "Comment": "Thank you for your comments and suggestion.\n1) This is a good suggestion. We did not see improvement when using a larger context window for training visit representation, and some changes along this line could alleviate this issue. \n2) We used age, gender and ethnicity for the demographic information, as mentioned in the extended version. Defining the demographic information as an input to f_V is a correct statement. We will revise this part in the final version.\n3) X-axis of figure 2 was an oversight at the last moment. The correct labels are \u201cSize of the code representation\u201d, \u201cNumber of training epochs\u201d, \u201cSize of the visit representation\u201d, \u201cSize of the context window for training visit representation\u201d. We will correct this in the final version.\n4) The interpretation part is included in the extended version, but due to lack of space we could not put it in 3 pages."}], "url": "/pdf?id=mO9mQWp8Rij1gPZ3Ul5q"}