{"paper_id": "OM0jjYW3BHp57ZJjtNEO", "header": "Scale Normalization", "abstract": "One of the difficulties of training deep neural networks is caused by improper scaling between layers.  These scaling issues introduce exploding / gradient problems, and have typically been addressed by careful variance-preserving initialization.  We consider this problem as one of preserving scale, rather than preserving variance.  This leads to a simple method of scale-normalizing weight layers, which ensures that scale is approximately maintained between layers.  Our method of scale-preservation ensures that forward propagation is impacted minimally, while backward passes maintain gradient scales.  Preliminary experiments show that scale normalization effectively speeds up learning, without introducing additional hyperparameters or parameters. ", "reviews": [{"reviewer": "ICLR 2016 workshop paper 109 reviewer 10", "Review": "Interesting idea. Although not totally novel as pointed out in other comments, perhaps this new form of scale preservation is better or more efficient, although the results from what appears to be a *single experiment*, on MNIST, makes it hard to pass much judgement.\n\nIntuitively, since rescaling is a hard constraint, gradient descent might have quite some trouble adjusting towards the convergence; which might be why in the end the unnormalized model gets a better test score.\n\nThe reasoning is interesting but it is not backed up by enough empirical evidence.", "Rating": "5: Marginally below acceptance threshold", "Confidence": "5: The reviewer is absolutely certain that the evaluation is correct and very familiar with the relevant literature"}, {"reviewer": "ICLR 2016 workshop paper 109 reviewer 12", "Review": "Appears to be an unthorough set of experiments attempting to keep network weight matrices length preserving. There have been many papers along these lines e.g. arxiv.org/abs/1602.07714 or indeed explicitly length-preserving weights like in arxiv.org/abs/1511.06464\n\nIn any case, this looks like very little work on what could be a promising idea. It's just hard to tell from so little data.\n\nI'm not sure what the standards are for the workshop papers, I guess they are lower than the conference's by definition. Perhaps this is acceptable.", "Rating": "5: Marginally below acceptance threshold", "Confidence": "2: The reviewer is willing to defend the evaluation, but it is quite likely that the reviewer did not understand central parts of the paper"}, {"reviewer": "ICLR 2016 workshop paper 109 reviewer 11", "Review": "A few points about the idea:\n (a) Depending on the dataset, and minibatch size, E(s) but not be very stable. This you can see in the peaks of the training loss. E(s) should really be over the dataset. If that is expensive than maybe computing a moving average (even if W changes from step to step, it should not drastically change). Regardless, the instability introduced by this normalization scheme is somewhat worrisome.\n (b) The fact that hurts on the test set, leading to lower score is also a bit worrisome. IMHO what is going one is that the algorithm is to greedy, overfitting the current minibatch early on training, making me think again about E(s) not being estimated properly. Regardless, this points that some important detail is missing from its current form.", "Rating": "6: Marginally above acceptance threshold", "Confidence": "5: The reviewer is absolutely certain that the evaluation is correct and very familiar with the relevant literature"}], "url": "http://arxiv.org/pdf/1604.07796v1"}