{"paper_id": "OM0jKROjrFp57ZJjtNkv", "header": "Neural Network Training Variations in Speech and Subsequent Performance Evaluation", "abstract": "In this work we study variance in the results of neural network training on a wide\nvariety of configurations in automatic speech recognition. Although this variance\nitself is well known, this is, to the best of our knowledge, the first paper that\nperforms an extensive empirical study on its effects in speech recognition. We\nview training as sampling from a distribution and show that these distributions\ncan have a substantial variance. These observations have important implications\non way results in the literature are reported and interpreted. ", "reviews": [{"reviewer": "ICLR 2016 workshop paper 194 reviewer 11", "Review": "This paper presents a detailed analysis of the random effects of the training sample order and weight initialisation on the WER of two ASR tasks.  The interesting finding is that this randomisation can in fact lead to substantial changes in performance -- such that similar magnitudes of variation would often be taken as significant differences between algorithms.  This is an important, and perhaps shocking finding.  The results are given added credibility by the use of state-of-the-art ASR systems in all work.\n\nThe paper is accompanied by an thorough and interesting analysis.  Particularly interesting is the comparison of the random effects of training data ordering vs. network initialisation.\n\nOf course, one negative aspect, as the authors note themselves, is that this study is extremely computationally expensive, and for real practical benefit to come from it, more efficient methods would need to be found.  However, this in no way diminishes the interest of this timely work.\n\n", "Rating": "8: Top 50% of accepted papers, clear accept", "Confidence": "4: The reviewer is confident but not absolutely certain that the evaluation is correct"}, {"reviewer": "ICLR 2016 workshop paper 194 reviewer 12", "Review": "\nThis paper shows experimentally that error bars for the exactly same NN models trained with exactly same data but with different initial seeds of pseudo-random number generators (initial weights, data shuffling, etc.) can be really significant. The range between best and worst models often exceeds rather genuine and incremental improvements reported in ASR field in recent years (which itself are rather inflated, since if we were improving by ~10\\% relative each year, ASR problem would be solved long time ago - this is just a digression, not a complaint regarding this particular paper of course). The findings are not new and well known to many who trained NNs but I think worth reminding, and a workshop is a very good venue for it.\n\nI know you reference papers for your model configurations (sorry, my fault I didn't had a chance to check if they contain this information) but it would be a good idea to put more details on how exactly you initialise the models - what range of initial parameters, is pre-training used, etc. -- since this paper is mostly about this aspect, it would be nice to have them in-place.\n\nOne criticism I have is the experiments investigate only sigmoid models, which are known to be particularly sensitive to weights initialisation, which can heavily affect training dynamics in deep models. It would be really nice if you could try if (and to what extent) this issue persist with piece-wise linear units.\n\nAlso, since you already have this, could you plot or write somewhere a short comment whether and to what extent training objective is correlated with the obtained WERs, is it at least monotnous? Otherwise, even if one was able to derive some uncertainty bounds on the NN outputs, this still would be an unsatisfactory predictor of WERs, at least with CE criterion.\n\nRegarding this sentence \"Interestingly, the starting point seems to be much more important than the network quality used to generate the lattices\" is not that surprising to me. Any denominator lattices will do, given the right paths (or right kind of mistakes) are in them, and those models are likely to make similar ones anyway.\n \nIt is also interesting and somehow a counter example of claims (of, by the way excellent paper, of Choromanska et al.,2014) that for sufficiently large models, it is rather hard to end up in poor or saddle point minima, and that most local minima will do a good job. It's subjective, but perhaps 15.5% for SWBD (the worst minima you report) isn't that bad at all.\n\nFig. 1 typo in the word cross-entropy *loos*", "Rating": "7: Good paper, accept", "Confidence": "5: The reviewer is absolutely certain that the evaluation is correct and very familiar with the relevant literature"}, {"reviewer": "Dong Yu", "Review": "This paper studies the variance in the results of neural network training on a wide variety of con\ufb01gurations in automatic speech recognition. It raises the question on how to compare two deep learning models when it's difficult and sometimes impossible to run many experiments.\n\nThis variance problem is well known. The main contribution of this work is running many empirical experiments to demonstrate the problem in ASR and alerting readers on the right way to compare two different models. I think it can bring some values to the community. However, if a practical formula for comparing different models can be provided the significance of the paper would be greatly improved.", "Rating": "5: Marginally below acceptance threshold", "Confidence": "5: The reviewer is absolutely certain that the evaluation is correct and very familiar with the relevant literature"}, {"reviewer": "Han Xiao", "Comment": "I am interested in this paper and don't know how to read its reviews?\nThis paper is really good.\n\nHey, I am sorry for disturbing others, but I really dont know how to delete this post?\nWho can help me?\n\n: )"}], "url": "/pdf?id=OM0jKROjrFp57ZJjtNkv"}