{"paper_id": "OM0jvwB8jIp57ZJjtNEZ", "header": "Incorporating Nesterov Momentum into Adam", "abstract": "This work aims to improve upon the recently proposed and rapidly popular-\nized optimization algorithm Adam (Kingma & Ba, 2014). Adam has two main\ncomponents\u2014a momentum component and an adaptive learning rate component.\nHowever, regular momentum can be shown conceptually and empirically to be in-\nferior to a similar algorithm known as Nesterov\u2019s accelerated gradient (NAG). We\nshow how to modify Adam\u2019s momentum component to take advantage of insights\nfrom NAG, and then we present preliminary evidence suggesting that making this\nsubstitution improves the speed of convergence and the quality of the learned mod-\nels.\n", "reviews": [{"reviewer": "ICLR 2016 workshop paper 107 reviewer 10", "Review": "- This paper investigates a variant of the Adam optimization algorithm, where the first moment estimate (momentum) is replaced with a Nesterov momentum. The resulting algorithm, coined Nadam, performs well on a nontrivial task (convolutional autoencoder).\n- The paper is well written and easy to read.\n- It should be mentioned that the proposed method is computationally slightly more expensive than Adam. However this is not a big deal for models with weight-sharing (e.g. CNNs and RNNs).\n- The preliminary result looks promising\n\nSome suggestions/questions:\n- Section 4 (experiment) mentions that only the learning rate is tuned for Adam/Nadam, but the hyper-parameter 'mu' is set to the atypical value of .975, which suggests it is (somewhat) tuned to this problem particular. Its value might be arbitrary, but it might be better if this was either set to its Adam default (.9) or tuned with the learning rate.\n- It would be useful to derive an upper bound on the magnitude of the weight update. Adam's simple known upper bound is an advantage and would be nice to have for Nadam as well.\n- Section 3 mentions \"It often helps to gradually increase or decrease mu over time\". Increasing mu_t over time makes intuitive sense (to counter the typically decreasing signal-to-noise ratio of gradients over time), but in which situations would it help to decrease mu over time? Is there published work that investigates particular schedules for mu_t?\n\nOverall a very exciting potential improvement on Adam.", "Rating": "8: Top 50% of accepted papers, clear accept", "Confidence": "4: The reviewer is confident but not absolutely certain that the evaluation is correct"}, {"reviewer": "ICLR 2016 workshop paper 107 reviewer 11", "Review": "Inspired by the Nesterov's accelerated gradient, the paper proposes a new variant of Adam algorithm with a modified momentum term. \nThe contribution is incremental but might be of some interest if a broader benchmarking would be provided.\n\nPros:\ni) The proposed modification is easy to implement\nii) Figure 1 shows an acceleration sufficient to consider the algorithm for further investigations\n\nCons:\ni) The empirical validation is rather poor. The algorithm should be tested in situations where the original Adam shows \nstate-of-the-art performance. Then we would better see how much we can gain with Nadam. \nii) Figure 1 can be an artifact of the chosen hyper-parameter values. A more detailed hyper-parameter selection should be provided for Adam and Nadam. One can fix some hyper-parameters and then select two others which seem to be the most important. Then make a contour plot with x-axis: hyper-parameter1 , y-axis: hyperparameter2, z: number of epochs to reach MSE 0.01 of the provided example. Alternatively, one can run hyper-parameter optimization.\n", "Rating": "7: Good paper, accept", "Confidence": "3: The reviewer is fairly confident that the evaluation is correct"}], "url": "/pdf?id=OM0jvwB8jIp57ZJjtNEZ"}