{"paper_id": "oVgBVKDQmCrlgPMRsrPQ", "header": "Dynamic Capacity Networks", "abstract": "We introduce the Dynamic Capacity Network (DCN), a neural network that can adaptively assign its capacity across different portions of the input data. This is achieved by combining modules of two types: low-capacity sub-networks and high-capacity sub-networks. The low-capacity sub-networks are applied across most of the input, but also provide a guide to select a few portions of the input on which to apply the high-capacity sub-networks. The selection is made using a novel gradient-based attention mechanism, that efficiently identifies input regions for which the DCN\u2019s output is most sensitive and to which we should devote more capacity. We focus our empirical evaluation on the Cluttered MNIST and SVHN image datasets. Our findings indicate that DCNs are able to drastically reduce the number of computations, compared to traditional convolutional neural networks, while maintaining similar or even better performance.", "reviews": [], "url": "/pdf?id=oVgBVKDQmCrlgPMRsrPQ"}