{"paper_id": "oVgo1Xo3KTrlgPMRsBVZ", "header": "Manifold traversal using density ridges", "abstract": "In this work we present two examples of how a manifold learning model can represent the complexity of shape variation in images.\nManifold learning techniques for image manifolds can be used to model data in sparse manifold regions. \nAdditionally, they can be used as generative models as they can often better represent or learn structure in the data. \nWe propose a method of estimating the underlying manifold using the ridges of a kernel density estimate as well as tangent space operations that allows interpolation between images along the manifold and offers a novel approach to analyzing the image manifold.", "reviews": [{"reviewer": "ICLR 2016 workshop paper 192 reviewer 12", "Review": "The paper proposes to perform image synthesis or reconstruction with help of a manifold that capture the image shape variations. A manifold is estimated from the data, and then synthesis is performed. Manifold models are reasonable in some image reconstruction problems, and often provide elegant solutions.\n\nThe ideas and results in this short paper are correct. However, the paper does not present any novelty unfortunately: the problem, the framework are not new. And the tools used for manifold learning, or for image reconstruction are classical too. \n\nDue to the very limited novelty, this paper is unfortunately below the threshold of acceptance for ICLR. ", "Rating": "4: Ok but not good enough - rejection", "Confidence": "5: The reviewer is absolutely certain that the evaluation is correct and very familiar with the relevant literature"}, {"reviewer": "ICLR 2016 workshop paper 192 reviewer 11", "Review": "This is a short paper that studies density ridges in manifolds using the framework proposed by Ozertem and Erdogmus: it preprocesses the data using PCA, identifies density ridges by following the principal eigenvector of the local manifold Hessian, and projects the data onto the ridge estimates using an approach proposed in prior work by Dollar et al. Embeddings and interpolation results are shown on the MNIST and Frey faces dataset.\n\nAlthough I may have misunderstood parts of the proposed approach due to the brevity of the submission (even in the short workshop format, I believe it possible to provide a bit more details), the novelty of the paper appears limited: it is a straightforward combination of prior work by Ozertem and Erdogmus and by Dollar et al. The paper presents no comparisons with prior work (neither experimental nor conceptual), which makes it difficult to gauge the contribution of the paper. In particular, it remains unclear what the goal of this line of work is. Is it to learn better feature representations from data? In that case, the study should present experiments aimed at evaluating the quality of the learned representation; the visualizations in Figure 1a, 2a, and 3a do not achieve this goal (in particular, since it is known that non-parametric techniques such as t-SNE can produce scatter-plot visualizations of much higher quality than PCA). Or is it to learn better models for image generation / interpolation? In that case, the study should develop methods to evaluate the quality of generated images, and perform comparisons with techniques that try to achieve the same (GPLVMs, mixtures of Bernoulli models, fields of experts, generative-adversarial networks, etc.).\n\nOverall, I believe this paper is of insufficient novelty and quality to be accepted at ICLR.\n\n\n\nMinor comment: \"As long as the embedding space is of higher dimension than the manifold a linear method causes no harm.\" -> If by the dimensionality of the manifold the authors mean its intrinsic dimensionality, then this statement is incorrect. For instance, consider a manifold that is one-dimensional space-filling curve living in a 10-dimensional space. The dimensionality of the manifold is one, but a linear method needs to preserve all 10 dimensions in the data to prevent distant parts of the manifold from collapsing.", "Rating": "3: Clear rejection", "Confidence": "3: The reviewer is fairly confident that the evaluation is correct"}], "url": "/pdf?id=oVgo1Xo3KTrlgPMRsBVZ"}