{"paper_id": "oVgon01wpfrlgPMRsB1E", "header": "Sparse Distance Weighted Discrimination", "abstract": "Distance weighted discrimination (DWD) was originally proposed to handle the data piling issue in the support vector machine. In this paper, we consider the sparse penalized DWD for high-dimensional classification. The state-of-the-art algorithm for solving the standard DWD is based on second-order cone programming, however such an algorithm does not work well for the sparse penalized DWD with high-dimensional data. In order to overcome the challenging computation difficulty, we develop a very efficient algorithm to compute the solution path of the sparse DWD at a given fine grid of regularization parameters. We implement the algorithm in a publicly available R package sdwd. We conduct extensive numerical experiments to demonstrate the computational efficiency and classification performance of our method.", "reviews": [{"reviewer": "ICLR 2016 workshop paper 79 reviewer 11", "Review": "The paper proposes a sparse version of the distance weighted discrimination principle of Marron et al., 2007.\nIt consists of replacing the l2 regularization by the l1-norm.\n\nNovelty\nThe DWD formulation of Marron et al., 2007 is not well known and has not received much attention. As far as the reviewer knows, there is no sparse version of this formulation. Therefore, we can argue that the paper has some novelty, but in a field crowded with papers about sparsity, this novelty is moderate.\n\nClarity\nThe paper is rather unclear for several reasons:\n * the formulation of the linear SVM is not the standard one. Could the authors provide a reference where this formulation appears? It does not seem obvious that it is equivalent to the standard C-SVM (if it is). The formulation is also non-convex with a quadratic equality constraints, which adds to the confusion.\n * The reviewer could not understand the link between the formulation (2.1) and the DWD formulation of the previous page. Are they equivalent when replacing the l1-norm by the l2-regularization?\n * Plotting the function V(u) could be helpful to visualize what the loss function is really doing (instead of Fig 1 for instance). It seems that a possible interpretation is simply a smoothed version of the hinge loss.\n\nSignificance and Quality\n * The loss V in the objective 2.1 is smooth. Therefore, we have access to a large literature about composite minimization to solve such problems (see for instance Bach et al. Optimization with sparsity-inducing penalties, 2012) and Section 3 seems to reinvent the wheel. \n \nTo conclude, the papers lacks of clarity, has moderate novelty and does not make significant enough contributions. My recommendation for this ICLR venue is reject. \n", "Rating": "4: Ok but not good enough - rejection", "Confidence": "4: The reviewer is confident but not absolutely certain that the evaluation is correct", "Comment": "We sincerely thank the anonymous referee for the careful and constructive review of the manuscript. We address the comments and questions in the following. The revised extended abstract can be seen in\n"}], "url": "/pdf?id=oVgon01wpfrlgPMRsB1E"}