{"paper_id": "oVgoWpz5LsrlgPMRsB1v", "header": "Variational Inference for On-line Anomaly Detection in High-Dimensional Time Series", "abstract": "Approximate variational inference has shown to be a powerful tool for modeling unknown, complex probability distributions. Recent advances in the field allow us to learn probabilistic sequence models. We apply a Stochastic Recurrent Network (STORN) to learn robot time series data. Our evaluation demonstrates that we can robustly detect anomalies both off- and on-line.", "reviews": [{"reviewer": "ICLR 2016 workshop paper 105 reviewer 10", "Review": "For the problem of anomaly detection in robot time series, the authors propose a generative approach with amortized variational inference and recurrent networks, in a similar fashion to Stochastic Recurrent Networks (STORNs) [Bayer & Osendorfer, 2014].\n\nThe paper novelty of this paper is the application: variational autoencoders (VAE) for anomaly detection, and in particular robot time series. Although the motivation of this paper is well explained and well written enough to convince me of the importance of this application, the description of the algorithm and experimental procedure lacks details and clarity which hold back the paper's potential quality.\n\nPros:\n- motivation well written and well explained\n- interesting application and approach to the problem\n\nCons:\n- lack of clarity/details:\n - the newly introduced variables h_g and h_p in Eq (1) hide the actual dependencies between z_{1:T} and x_{1:T};\n - the way the approximate posterior is parametrized in Eq (2) is not described at all (although the \"step-wise lower bound\" restricts the class of approximate posteriors);\n - the anomaly detection algorithm from the trained VAE is not described well enough both for off-line and on-line (an equation might clarify), only the way to find the threshold is slightly described.\n\nReleasing data + code and revising the paper accordingly would be very helpful in understanding the paper more.", "Rating": "5: Marginally below acceptance threshold", "Confidence": "4: The reviewer is confident but not absolutely certain that the evaluation is correct"}, {"reviewer": "ICLR 2016 workshop paper 105 reviewer 12", "Review": "For the problem of anomaly detection in time series robot data, the paper evaluates a generative time series model. For this they propose to use variational inference (VI) with recurrent networks, so called Stochastic Recurrent Networks (STORNs) [Bayer & Osendorfer, 2014].\n\nPositive points\n-\tImportant problem.\n-\tInteresting application of VI and STORNs to robot data\n-\tQuantitative evaluation on off-line data and qualitative evaluation on on-line data\n\nWeaknesses:\n1.\tClarity:\n-\tThe paper is not self contained, in the sense that all formulas (1),(2),(3) are not sufficiently explained, both symbols and content, to understand them form this paper.\n-\tAbbreviations are not introduced before they are used, e.g. \u201cVI\u201d, page 1\n2.\tExperimental setup:\n-\tOf the 10 waypoints, how many are actually traversed in each experiment?\n3.\tExperimental evaluation:\n-\tThe main goal of the paper, *on-line* anomaly detection is not evaluated quantitatively, only qualitatively, why?\n-\tThe off-line detection [Figure 1] could have compared to Milacski et al, 2015.\n-\tThe experimental results are not discussed sufficiently; it is not clear what conclusions are drawn from them.\n-\tAn important aspect for anomaly detection is, how likely the learned model (in this case the model + threshold) would transfer to an unknown set (test set). Unfortunately, the paper only presents results of the ROC curve which sort of is upper bound on the performance. The paper should determine the threshold for given false positive rate on the training set, and see how this generalizes to a unseen test set.\n-\tThis line of work seems to suffer from common training and test sets. It would thus be great if the authors would release the corresponding data and annotations.\n\n\n\nDespite limited novelty the paper would make an interesting workshop paper if the experimental evaluation would have been carried out carefully.\n\nI strongly encourage the authors to release their dataset with annotations to allow reproducible research.\n", "Rating": "5: Marginally below acceptance threshold", "Confidence": "4: The reviewer is confident but not absolutely certain that the evaluation is correct"}], "url": "/pdf?id=oVgoWpz5LsrlgPMRsB1v"}