{
  "paper_id": "P7q1lVQQvSKvjNORtJZL",
  "header": "BLACK BOX VARIATIONAL INFERENCE FOR STATE SPACE MODELS",
  "abstract": "Latent variable time-series models are among the most heavily used\ntools from machine learning and applied statistics. These models have\nthe advantage of learning latent structure both from noisy\nobservations and from the temporal ordering in the data, where it is\nassumed that meaningful correlation structure exists across time. A\nfew highly-structured models, such as the linear dynamical system with\nlinear-Gaussian observations, have closed-form inference procedures\n(e.g. the Kalman Filter), but this case is an exception to the general\nrule that exact posterior inference in more complex generative models\nis intractable. Consequently, much work in time-series modeling\nfocuses on approximate inference procedures for one particular class\nof models. Here, we extend recent developments in stochastic\nvariational inference to develop a `black-box' approximate inference\ntechnique for latent variable models with latent dynamical structure.\nWe propose a structured Gaussian variational approximate posterior\nthat carries the same intuition as the standard Kalman filter-smoother\nbut, importantly, permits us to use the same inference approach to\napproximate the posterior of much more general, nonlinear latent\nvariable generative models. We show that our approach recovers\naccurate estimates in the case of basic models with closed-form\nposteriors, and more interestingly performs well in comparison to\nvariational approaches that were designed in a bespoke fashion for\nspecific non-conjugate models.",
  "reviews": [],
  "url": "/pdf?id=P7q1lVQQvSKvjNORtJZL"
}
