{"paper_id": "q7kqBkL33f8LEkD3t7X9", "header": "Inception-v4, Inception-ResNet and the Impact of Residual Connections on Learning", "abstract": "Very deep convolutional networks have been central to the\nlargest advances in image recognition performance in recent years.\nOne example is the Inception architecture that has been shown to achieve\ngood performance at relatively low computational cost.\nRecently, the introduction of residual connections in conjunction with a more\ntraditional architecture has yielded state-of-the-art\nperformance in the 2015 ILSVRC challenge; its performance was similar\nto the latest generation Inception-v3 network. This raises the question of whether\nthere are any benefit in combining the Inception architecture with residual\nconnections. Here we give clear empirical evidence that training with residual\nconnections accelerates the training of Inception networks significantly,\nhowever, when fully trained, the final quality of the non-residual Inception\nvariants seem to be close to those of residual versions.\nWe present several new streamlined architectures for both residual and\nnon-residual Inception networks. With an ensemble of three residual and\none pure Inception-v4, we achieve 3.08\\% top-5 error on the test set of\nthe ImageNet classification (CLS) challenge", "reviews": [{"reviewer": "Andrew Rabinovich", "Review": "The paper shows good results and has interesting insights. It is a bit raw in presentation. Finally, and most importantly, we've moved away from feature engineering with deep learning, but are not doing model engineering. For example:\n1) formulated principles of construction nets\n   - avoid bottlenecks on early layers, \n   - spatial aggregation (convolutions) can be done over lower dimensional embedding because adjacent units highly correlated => why bottlenecks inside inceptions.\n\n2) factorization\n  - 5x5 factorized with two 3x3, 3x3 everywhere\n  - 3x3 factorized with 1x3 and 3x1 in the middle of network\n  - added inception with conv 7x7 and factorized to series of 1x7 and 7x1. It behaves well only for low-dim grids in the end of network.\n\nIdeally, we would have algorithms that help design models for a specific problem and make these decisions from data. Furthermore, inception was engineered for ImageNet, and is likely starting to overfit. It is not clear if all of the design decisions at this stage are actually generalizable to other problems. ", "Rating": "7: Good paper, accept", "Confidence": "5: The reviewer is absolutely certain that the evaluation is correct and very familiar with the relevant literature"}, {"reviewer": "Tom Sercu", "Review": "This paper presents a combination of the inception architecture\nwith residual networks. This is done by adding a shortcut connection\nto each inception module. This can alternatively be seen as a resnet where\nthe 2 conv layers are replaced by a (slightly modified) inception module.\nThe paper (claims to) provide results against the hypothesis that adding residual\nconnections improves training, rather increasing the model size is what makes the difference.\n\nPros:\nFirst off, a combination of inception & resnets is kind of incontournable.\nThis work is presenting an interesting combination of two strong and impactful models,\nand is in that sense quite significant and (moderately) novel.\nThe \"fair\" comparison in terms of computational budget is insightful and I\ntend to agree with the author's claims. However see the first 2 cons below.\n\nMy remarks (count them as cons or suggestions for improvement):\n+ The resnet-151 is (probably?) still quite a lot deeper than inception-resnet-v2,\n   so it feels too early to conclude that res connetions wouldnt give an edge\n   when making these inception-resnets even deeper.\n+ I find Figure 3 hard to believe / worthy of more dicussion:\n   in inception-v3 vs inception-resenet-v1 the shortcut connections\n   make a massive difference in terms of convergence time.\n   However for the scaled-up version there's almost no gain from residual\n   connections! That just looks so *very* strange.\n+ No explanation how inception-resnet-v2 looks like, how big is it exactly?\n+ A bit more argumentation for the inception-resnet design would be good.\n  To me it seems like several inception blocks for one shortcut would also be\n  an option.\n+ Not very well-structured, \"Model\" contains arguments that might be better\n   in \"Results\" or \"Discussion\" sections.\n+ Paper appears to be hastily written, the citation style is confusing, the\n   section \"4. Results\" seems to be written on a phone?\n    \"Firs we compare\", \"Figure 3 This graph\", \"newline introduced\",\n+ All combined, I'd say that the paper is worthy of publication but it is a bit\n  premature and looks a bit like \"marking territory\". At the other hand,\n  this is a workshop paper so this might be fine.", "Rating": "8: Top 50% of accepted papers, clear accept", "Confidence": "4: The reviewer is confident but not absolutely certain that the evaluation is correct"}], "url": "/pdf?id=q7kqBkL33f8LEkD3t7X9"}