{"paper_id": "r8lrv9B0zu8wknpYt57Y", "header": "Data Cleaning by Deep Dictionary Learning", "abstract": "The soundness of training data is important to the performance of a learning model. However in recommender systems, the training data are usually noisy, because of the randomness nature of users' behaviors and the sparseness of the users' feedback towards the recommendations. In this work, we would like to propose a noise elimination model to preprocess the training data in recommender systems. We define the noise as the abnormal patterns in the users' feedback. The proposed deep dictionary learning model tries to find the common patterns through dictionary learning. We define a dictionary through the output layer of a stacked autoencoder, so that the dictionary is represented by a deep structure and the noise in the dictionary is further filtered-out.", "reviews": [{"reviewer": "ICLR 2016 workshop paper 85 reviewer 11", "Review": "The mainstream of recommendation algorithms tried to find an implicit and linear representation for the ratings. This work suggest that a deep, non-linear representation could handle the noise properly. \n\nCons:\nThere are few discussions of intuitions of the reason of introducing neural networks and no any empirical experiments.  \n", "Rating": "4: Ok but not good enough - rejection", "Confidence": "4: The reviewer is confident but not absolutely certain that the evaluation is correct"}, {"reviewer": "ICLR 2016 workshop paper 85 reviewer 12", "Review": "The paper proposed to use dictionary learning on recommender systems. \nThe approach is based on an existing approach on alternating minimization. \n\nSince there is no experiment results demonstrating the effectiveness of the approach, it is hard to evaluate the effectiveness of the proposed algorithm.\n", "Rating": "5: Marginally below acceptance threshold", "Confidence": "4: The reviewer is confident but not absolutely certain that the evaluation is correct"}, {"reviewer": "ICLR 2016 workshop paper 85 reviewer 10", "Review": "Summary:\nThis paper proposed an denoising auto-encoder like dictionary learning method for denoising recommender system data.\n\nNovelty:\nInstead of using a feed forward network like in autoencoder, the proposed method uses dictionary learning based on optimization. Similar optimization techniques have been used for representation learning, but not for data denoising.\n\nConcern:\nNo quantitative results and comparison.\nGiven the similarity, it is interesting to see how well denoising autoencoder does for this task.", "Rating": "4: Ok but not good enough - rejection", "Confidence": "3: The reviewer is fairly confident that the evaluation is correct"}], "url": "/pdf?id=r8lrv9B0zu8wknpYt57Y"}