{"paper_id": "r8lrDJ89Pf8wknpYt5zq", "header": "Understanding Visual Concepts with Continuation Learning", "abstract": "We introduce a neural network architecture and a learning algorithm to produce fac- torized symbolic representations. We propose to learn these concepts by observing consecutive frames, letting all the components of the hidden representation except a small discrete set (gating units) be predicted from previous frame, and let the factors of variation in the next frame be represented entirely by these discrete gated units (corresponding to symbolic representations). We demonstrate the efficacy of our approach on datasets of faces undergoing 3D transformations and Atari 2600 games.", "reviews": [{"reviewer": "ICLR 2016 workshop paper 171 reviewer 11", "Review": " quality:\noverall the paper is clearly written and the toy experiments demonstrate the claims. The topic is very relevant to this venue.\n\nclarity:\ngood.\n\noriginality:\nmedium. This work is related to Memisevic's work on learning relations between pairs of images. The mechanism to compute the transformation is different, but the paper should comment and discuss this.\n\nsignificance of this work:\nalthough premature as a publication, this work can already bring good discussion on how to learn factorial representations.\n\npros:\n+ very relevant topic\n+ somewhat novel model\n\ncons:\n- missing references\n- toy nature of the experiments", "Rating": "7: Good paper, accept", "Confidence": "3: The reviewer is fairly confident that the evaluation is correct"}, {"reviewer": "ICLR 2016 workshop paper 171 reviewer 10", "Review": "In recent years, many generative models have been proposed to learn distributed representations automatically from data. One criticism of these models are that they produce representations that are \"entangled\": no single component of the representation vector has meaning on its own. This paper proposes a novel neural architecture and associated learning algorithm for learning disentangled representations. The paper demonstrates the network learning visual concepts on pairs of frames from Atari Games and rendered faces.\n\nNovelty - The proposed architecture uses a gating mechanism to select an index to hidden elements that store the \"unpredictable\" parts of the frame into a single component. The architecture bears some similarity to other \"gated\" architectures, e.g. relational autoencoders, three-way RBMs, etc. in that it models input-output pairs and encodes transformations. However, these other architectures do not use an explicit mechanism to make the network model \"differences\". This is novel. The paper claims that the objective function is novel: \"given the previous frame x_{t-1} of a video and the current frame x_t, reconstruct the current frame x_t. This is essentially the same objective as relational autoencoders (Memisevic) and similar to gated and conditional RBMs which have been used to model pairs of frames. Therefore I would recommend de-emphasizingthe novelty of the objective.\n\nClarity - The paper is well written and clear.\n\nSignificance - This paper opens up many possibilities for explicit mechanisms of \"relative\" encodings to produce symbolic representations. There isn't much detail in the results (it's an extended abstract!) but I think the work is exciting and I'm looking forward to reading a follow up paper.\n\nQuality - Based on the above, I would say that this is a high-quality workshop paper in terms of the ideas and definitely of interest to the ICLR audience.\n\nPros \n- Attacks a major problem of current generative models (entanglement) \n- Proposes a simple yet novel solution \n- Results show visually that the technique seems to work on two non-trivial datasets\n\nCons \n- Experiments are really preliminary - no quantitative results \n- Doesn't mention mechanisms like dropout which attempt to prevent co-adaptation of features\n", "Rating": "7: Good paper, accept", "Confidence": "4: The reviewer is confident but not absolutely certain that the evaluation is correct"}], "url": "/pdf?id=r8lrDJ89Pf8wknpYt5zq"}