{"paper_id": "ROVAEyEoPHvnM0J1IpPO", "header": "Fine-grained pose prediction, normalization, and recognition", "abstract": "Pose variation and subtle differences in appearance are key challenges to fine-\ngrained classification. While deep networks have markedly improved general\nrecognition, many approaches to fine-grained recognition rely on anchoring net-\nworks to parts for better accuracy. Identifying parts to find correspondence dis-\ncounts pose variation so that features can be tuned to appearance. To this end\nprevious methods have examined how to find parts and extract pose-normalized\nfeatures. These methods have generally separated fine-grained recognition into\nstages which first localize parts using hand-engineered and coarsely-localized pro-\nposal features, and then separately learn deep descriptors centered on inferred part\npositions. We unify these steps in an end-to-end trainable network supervised by\nkeypoint locations and class labels that localizes parts by a fully convolutional\nnetwork to focus the learning of feature representations for the fine-grained clas-\nsification task. Experiments on the popular CUB200 dataset show that our method\nis state-of-the-art and suggest a continuing role for strong supervision.", "reviews": [], "url": "/pdf?id=ROVAEyEoPHvnM0J1IpPO"}