{"paper_id": "vlpy96kV2C7OYLG5inQw", "header": "Document Context Language Models", "abstract": "Text documents are structured on multiple levels of detail: individual words are related by syntax, and larger units of text are related by discourse structure. Existing language models generally fail to account for discourse structure, but it is crucial if we are to have language models that reward coherence and generate coherent texts. We present and empirically evaluate a set of multi-level recurrent neural network language models, called Document-Context Language Models (DCLMs), which incorporate contextual information both within and beyond the sentence. In comparison with sentence-level recurrent neural network language models, the DCLMs obtain slightly better predictive likelihoods, and considerably better assessments of document coherence.", "reviews": [], "url": "/pdf?id=vlpy96kV2C7OYLG5inQw"}