{"paper_id": "wVqzL1ypocG0qV7mtLqm", "header": "Alternative structures for character-level RNNs", "abstract": "Recurrent neural networks are convenient and efficient models for learning patterns in\nsequential data. However, when applied to signals with very low cardinality such as\ncharacter-level language modeling, they suffer from several problems. In order to success-\nfully model longer-term dependencies, the hidden layer needs to be large, which in turn\nimplies high computational cost. Moreover, the accuracy of these models is significantly\nlower than that of baseline word-level models. We propose two structural modifications\nof the classic RNN LM architecture. The first one consists on conditioning the RNN both\non the character-level and word-level information. The other one uses the recent history\nto condition the computation of the output probability. We evaluate the performance of\nthe two proposed modifications on multi-lingual data. The experiments show that both\nmodifications can improve upon the basic RNN architecture, which is even more visible\nin cases when the input and output signals are represented by single bits. These findings\nsuggest that more research needs to be done to develop general RNN architecture that\nwould perform optimally across wide range of tasks.", "reviews": [{"reviewer": "ICLR 2016 workshop paper 158 reviewer 10", "Review": "This paper introduces two model extensions to improve character level recurrent neural network language models. The authors evaluate their approaches on a multilingual language modeling benchmark along with the standard Penn Tree Bank Corpus. Evaluation uses only entropy rather than including the language model in a downstream task but that's okay for a paper of this scope. The paper is clearly written and definitely a sufficient contribution for the workshop track it would be really nice to see how well these methods can improve and more sophisticated recurrent architecture like gru or lstm units. On the PTB Corpus it would be nice to include a state-of-the-art or standard n-gram model to use as a reference point for the reported results.\n\nThe conditioning on words model is an interesting approach. It's unfortunate that such a small word level vocabulary is used with this model. It seems like the small vocabulary restriction is due to the fact that the word level model is jointly trained along with the character models. An alternative approach might be to use as input features the hidden representations from a word level recurrent model already trained when building the Character level language model. I don't have a good sense for how much joint training of both models matters. \n\nWhen conditioning on recent history the authors might think about the NLP context trick of conditioning on a bag of words or bag of characters instead of considering only 10 grams. This would allow for a broader context coverage without expanding the feature dimension too much", "Rating": "7: Good paper, accept", "Confidence": "4: The reviewer is confident but not absolutely certain that the evaluation is correct"}, {"reviewer": "ICLR 2016 workshop paper 158 reviewer 11", "Review": "This paper explores two augmentations to simple character RNN language models. Closing the performance gap between character and word based language models is an obvious and important research goal. While the aims of this paper interesting, at this point it looks more like a work in progress with a number of significant gaps, particularly in the evaluation.\n\nGeneral Points:\n- Given that simple RNNs struggle to capture long range dependencies, would it not be better to do this study with LSTMs? The assumption that the conclusions drawn for simple RNNs will hold for LSTMs seems flawed.\n- Equation 3 is not a correct likelihood function if the vocabularies of the two mixture components are not equal, which they are not in this instance. Section 5 implies that this function is used to calculate the BPC evaluation metric. This would result in overly optimistic BPC scores for the Mixed model.\n- The conditional output RNN is an interesting way to get direct ngram context into the model. It might be worth noting the similarity to the Multiplicative RNN of Sutskever 2011, where that model uses a conditional tensor contraction for the transition weights. There are many other ways to incorporate ngram conditioning, for example using direct ngram features on the input or feeding more than one character to the input layer. It would be informative to see how these other, easy to implement, approaches compare to the proposed approach.\n- The experimental evaluation is let down by poor choices of data sets. Firstly the datasets are all rather small compared to those usually used for language model evaluation. The processing of the PTB data set is particularly quirky, i.e. lowercased, punctuation removed, and <UNK> symbols for rare words (I assume predicted as < U N K > !). It is not clear why this processing is a good choice for a data set for evaluating a character LM. While the Europarl data set (at least v7, it looks like you used v1?) is a good choice for a multilingual corpus, training on just 60k sentences seems a bit unambitious. Also, if the sentences were randomly selected for test this could mean that test sentences came from the same documents as training sentences? This is not desirable for a LM evaluation.\n- Where did the estimate of '4 times the average entropy for OOVs' come from? This seems a bit random. It would be easy to build a character ngram/RNN estimate for singletons. This practice used to be standard for open vocabulary language models.\n- When reporting BPC metrics on text it is useful to report the performance of standard compression algorithms such as PAQ. These almost always significantly beat ngram and RNN models.", "Rating": "4: Ok but not good enough - rejection", "Confidence": "5: The reviewer is absolutely certain that the evaluation is correct and very familiar with the relevant literature"}], "url": "/pdf?id=wVqzL1ypocG0qV7mtLqm"}