{"paper_id": "XL9vPjMAjuXB8D1RUG6L", "header": "End to end speech recognition in English and Mandarin", "abstract": "We show that an end-to-end deep learning approach can be used to recognize either English or Mandarin Chinese speech\u2013two vastly different languages. Because it replaces entire pipelines of hand-engineered components with neural networks, end-to-end learning allows us to handle a diverse variety of speech including noisy environments, accents and different languages.  Key to our approach is our application of HPC techniques,  enabling experiments that previously took weeks to now run in days. This allows us to iterate more quickly to identify superior architectures and algorithms.  As a result, in several cases, our system is competitive with the transcription of human workers when benchmarked on standard datasets. Finally, using a technique called Batch Dispatch with GPUs in the data center, we show that our system can be inexpensively deployed in an online setting, delivering low latency when serving users at scale", "reviews": [{"reviewer": "ICLR 2016 workshop paper 81 reviewer 11", "Review": "Significance\nA useful paper on building end-to-end large scale speech recognition system for English and Mandarin. Describes many techniques and ideas in one place.\n\nClarity\nThe paper assumes significant prior background knowledge on building end-to-end speech recognition system especially with RNNs, CTC training etc.\n\nNovelty\nThere exists a very similar paper on arXiv.org - ", "Rating": "6: Marginally above acceptance threshold", "Confidence": "5: The reviewer is absolutely certain that the evaluation is correct and very familiar with the relevant literature"}, {"reviewer": "ICLR 2016 workshop paper 81 reviewer 10", "Review": "This paper reviews the authors' experience in building large-scale character-based CTC RNN speech recognition systems for English and Mandarin, combining several existing optimization and robustness tricks and a couple of new variants.  Some practitioners are likely to find this paper useful as an addition to the growing understanding of what works and what doesn't.  On the other hand, the paper is lacking in comparisons and is unclear at times, and some of the results seem questionable.\n\nQuality:\nIt is probably technically correct but I have some reservations -- see below.\n\nClarity:\nCould be much clearer.  For example:\n- What is really meant by end-to-end?\n- The input acoustic features are not totally clear.  Is 20ms the size of the analysis window, the frame skip, or both?  By \"spectrogram\" do you really mean \"spectrum\"?  If \"spectrogram\", then more info is needed on the spectrogram parameters.\n- Fully define batch normalization.  What is the function B(.)?\n\nSignificance:\nSome practitioners are likely to find this paper useful as an addition to the growing understanding of what works and what doesn't.  However, since there is little analysis, this limits the usefulness since it is not clear why certain techniques worked better for the authors than for others in prior work, and vice versa.\n\nPros:\n- It is useful to see how a variety of common techniques are affected by variables such as data set size and noisy vs. clean test data, on a larger scale than is typical in ASR papers.\n- The speed section provides a useful data point as more groups try to scale up their systems.\n\nCons:\n- There are multiple result tables on different data sets that are not comparable to each other.  It would be much more helpful to keep the data sets the same across tables, and to include more of the standard benchmarks, in particular the commonly used Switchboard.\n- The paper needs a clearer presentation of what exactly is novel vs. not (sequence normalization?  SortaGrad?), and which conclusions are similar to vs. different from what's been found before (and, when different, why).\n- The human WERs are surprisingly high; e.g. prior work has reported human WERs of around 1% for WSJ (see Lippmann, Speech Communication 1997).  How many total turkers were used?  How was their quality ensured?  How was the label error measured?\n- The paper describes what worked and what didn't, but the usefulness of the results is limited without a bit more analysis as to why.  For example, the authors report that they did not have success with delaying the output as done in prior work, and it is not clear why.\n- Citations are missing at times.  For example Sec. 3.3 should cite prior work on 2D convolution for speech (e.g. Abdel-hamid et al. Interspeech 2013, Toth ICASSP 2014).\n", "Rating": "6: Marginally above acceptance threshold", "Confidence": "5: The reviewer is absolutely certain that the evaluation is correct and very familiar with the relevant literature"}, {"reviewer": "Tara N Sainath", "Review": "Quality:\nThis paper is interesting, but novelty is a bit lacking and many of the experiments and claims are vague.\n\nClarity:\nPaper is unclear to read, particularly the results which are all quoted on different test sets. In addition, the comparison to Human performance seems really biased.\n\nOriginality:\nThis work is very similar to H. Sak's CTC papers but now predicts characters. Many of the speedup ideas have also been tried in the literature as well. To me, this is more of an engineering paper that puts together different components already explored in the literature individually. In addition, there are some References are missing which i've noted below.\n\nSignificance of Work:\nInteresting approach for CTC with LVCSR task, putting together many different research ideas into one unified paper\n\nPros:\n* Interesting approach for CTC with LVCSR task, putting together many different research ideas into one unified paper\nCons:\n\n* A lot of references in the paper are missing\n   a) for speeding up training with GPUs - cite Frank Seide's Interspeech 2014 paper, Amazon has a paper at Interspeech 2015\n   b) Hasim Sak's ICASSP 2015 paper should be cited on the first page when you say end-to-end since your work is very similar to this\n   c) H. Sak's Interspeech 2015 paper also does data augmentation and should be cited\n* Many vague points in the paper:\n   a) Notion of end-to-end is unclear? Why is your method end-to-end if you are still using a separate acoustic and language model? To me this paper is just CTC predicting characters\n   b) Given intuition as to why sequence-wise norm is better than regular batch norm\n   c) The tables in the paper cannot be compared because they are all on different train/test sets, making things really confusing. Why are the numbers in Table 1    and 2 on different training sets\n   d) Why was it difficult to introduce a delay in emitting the label your system (like Sak 2015)\n   e) Your Human performance is based on two workers transcribing, this seems extremely biased", "Rating": "6: Marginally above acceptance threshold", "Confidence": "5: The reviewer is absolutely certain that the evaluation is correct and very familiar with the relevant literature"}], "url": "/pdf?id=XL9vPjMAjuXB8D1RUG6L"}