{"paper_id": "XL9v5ZZ2qtXB8D1RUG6V", "header": "Persistent RNNs: Stashing Weights on Chip", "abstract": "This paper introduces a framework for mapping Recurrent Neural Network (RNN) architectures efficiently onto parallel processors such as GPUs. Key to our ap- proach is the use of persistent computational kernels that exploit the processor\u2019s memory hierarchy to reuse network weights over multiple timesteps. Using our framework, we show how it is possible to achieve substantially higher computa- tional throughput at lower mini-batch sizes than direct implementations of RNNs based on matrix multiplications. Our initial implementation achieves 2.8 TFLOP/s at a mini-batch size of 4 on an NVIDIA TitanX GPU, which is about 45% of the- oretical peak throughput, and is 30X faster than a standard RNN implementation based on optimized GEMM kernels at this batch size. Reducing the batch size from 64 to 4 per processor provides a 16x reduction in activation memory foot- print, enables strong scaling to 16x more GPUs using data-parallelism, and allows us to efficiently explore end-to-end speech recognition models with up to 108 residual RNN layers.", "reviews": [{"reviewer": "ICLR 2016 workshop paper 70 reviewer 12", "Review": "Important work in dealing with bottlenecks in training of the recurrent layers of an RNN, which allows for high GPU usage down to small mini-batch sizes of 4. I'm not familiar with other hand written assembler software pipelines and optimized implementations of a global barrier, making it difficult to gauge baseline comparisons to Nervana and CUBLAS (being the one small con), but the gains are impressive and should be reported. 30X on recurrent layers, 10x at system level and 45% of peak theoretical throughput for NVIDIA TitanX GPU.\n\nOne question, the implementation is focused on the recurrent computation of a vanilla RNN, but more and more we see GRUs or LSTMs in end to end system, which have more complicated recurrent dependencies. For something like a GRU where reset gates computed from one recurrent computation is applied as a pointwise multiplication on another recurrent computation, do you forsee any problems in your current pipeline strategy and optimized global barrier?\n\nOn page 3 you mention performance is much better at layer sizes 2048 or 2560, suggesting advantages of persistent implement as model become deeper and thinner (do you mean wider? as the comparison is to 1152?). ", "Rating": "6: Marginally above acceptance threshold", "Confidence": "4: The reviewer is confident but not absolutely certain that the evaluation is correct", "Comment": "The main difficulty in implementing GRU and LSTM layers using this technique is larger parameter count (3 or 4x) which requires the layer size be proportionally smaller, which would mean very narrow layers.  We think the other technical challenges related to pipelining, barriers and how to map the parameters amongst the SMs for load balancing could be solved. Newer GPUs like Pascal will increase the available amount of registers to store parameters which combined with fp16 storage could increase the GRU and LSTM layer size to something reasonable.\n\nThe sentence you are referring to is saying that the performance of traditional gemm libraries (like CUBLAS or Nervana) is much better at layer sizes of 2048 or 2560 compared with 1152, so the advantage of persistent kernels is larger for deep and narrow networks.\n\n"}, {"reviewer": "ICLR 2016 workshop paper 70 reviewer 10", "Review": "This is a good paper, adequate for the ICLR workshop track. Some comments:\n\n-Decreasing the batch size whilst maintaining a decent throughput in terms of examples / s is a crucial component of minibatch-style optimization methods. Thus, this work is important and should motivate the community towards that direction.\n-Do speed ups hold when decreasing the number of RNNs? Or decreasing their size?\n-In the data parallelism experiments with multiple GPUs, do the authors use synchronous SGD? If so, the effective batch size increases. Do they observe a degradation of training speed / epoch of data seen?\n-Are the authors going to release the source code? Given the amount of code sharing and deep learning platforms, it seems like the major contribution to the community would be to do so.\n-Please define SM", "Rating": "7: Good paper, accept", "Confidence": "5: The reviewer is absolutely certain that the evaluation is correct and very familiar with the relevant literature"}, {"reviewer": "ICLR 2016 workshop paper 70 reviewer 11", "Review": "The authors presented a GPU kernel trick to speed up computations for RNNs, key points:\n1] w/ minibatch size of 4, they claim 30x speedup compared to standard GEMM kernels. This is very impressive, such a simple engineering trick can yield 30x speedup!\n\n2] One of the arguments to use smaller minibatch sizes is due to memory (i.e., only 12G/24G in modern GPUs). For example, the authors demonstrated very deep RNNs in their paper. The memory argument isn't very strong since you can always cache the activations (quite easily, cheaply and transparently) to CPU memory using DMA. Additionally, a lot of groups also run CPU models for RNNs which have can easily have >128G of RAM per CPU (CPUs are not that much slower than GPUs in the RNN GEMM type ops esp w/ AVX512 + FMA).\n\n3] If the memory argument doesn't hold, the other reason to use a smaller minibatch is if it gives better convergence properties (whether theoretical or empirical). In theory, smaller minibatches should give better convergence, but in practice that may not necessarily be true due to the high variance of the gradients in RNNs. The authors didn't show whether the smaller minibatches did indeed give better empirical performance, if large minibatches are required to get state-of-the-art performance, then this would invalidate a lot of motivations to use smaller minibatches.\n\nComment on the very deep residual RNNs:\nThe authors also claimed that residual RNNs (i.e., skip connections) make possible optimizations of deep RNNs (i.e., see Table 1); compared w/o the skip connections, the deep (48 layers) of RNNs are difficult to converge. However, the authors did not compare their models to GRUs or LSTMs which are generally regarded as much better than RNNs, and stacking such deep RNNs may not be necessary. For example, many acoustic model and end-to-end speech models use only 3-4 layers for RNNs because deeper networks don't seem to help (see Sak et. al 2014; Bahdanau et. al 2015; and Chan et. al, 2015 for their acoustic models / end-to-end attention speech papers). The authors also didn't show that the deep RNNs out perform a \"shallow RNN\" (i.e., assuming the same dev/train sets are used, the Deep Speech 2 paper showed much lower WERs, suggesting that the deep residual RNNs are not necessary). However, part of their motivation is that w/ this kernel trick, we can explore much deeper RNNs.\n\nSide impl details:\nThe authors left out much detail on the implementation of their kernel. This would make it hard for open source groups to implement and/or replicate their work. Would be really nice/cool if the authors were willing to open source their kernel to Theano / Torch / TensorFlow etc...\n", "Rating": "5: Marginally below acceptance threshold", "Confidence": "5: The reviewer is absolutely certain that the evaluation is correct and very familiar with the relevant literature", "Comment": "(Responses broken over multiple comments due length limits)\n\n[Response to 2] : While we do appreciate the importance of exploring alternative techniques like  activation caching in CPU memory and considering other processors types (like CPUs) for performing the RNN computation, we respectfully disagree with both of these points in the context of training RNNs on commodity GPU platforms for the following reasons.\n \n    Dense GPU systems like ours don't have enough PCIe and CPU memory bandwidth to stream the activations back to the CPU while running at full speed.  Specifically, running at approximately 3 TFLOP/s, a single 1152 recurrent layer finishes processing activations with 700 timesteps and mini-batch of 4 (per GPU) in approximately 2.4 milliseconds.  We use 8 GPUs in one system that share memory provided by 2 CPUs.  Using careful assignment of CPU memory to local NUMA nodes for individual GPUs, we sustain about 2.5 GB/s of CPU DRAM bandwidth per GPU when all 8 GPUs are copying data simultaneously. This is lower than the peak PCIe bandwidth of a single GPU connected to a single CPU because multiple GPUs are sharing PCIe routers, as well as the CPU memory controllers.  So transferring the activations to the CPU would take approximately 5.1 milliseconds, causing about a 2x slowdown for the complete system even if the copies and compute were perfectly overlapped.  Additionally, we already use the majority of available PCIe and CPU interconnect bandwidth to perform the all-reduce for data-parallel training, which reduces our available PCIe and CPU memory bandwidth for streaming activations even further. \n \n    Regarding CPU vs GPU performance, Intel's fastest commercially available Xeon processor is currently the E-5 2699v3 processor, which has a peak single precision floating point throughput of approximately 1.3 TFLOP/s.  This is approximately 5x lower than a single TitanX GPU's 6.1 TFLOP/s (using base clocks for both the CPU and the GPU) and a 20x difference between the 8 GPUs and 2 CPUs in one server.  We would like to note that CPU GEMM implementations are also sensitive to small batch sizes, where the more important metric becomes memory bandwidth.  The maximum memory bandwidth of the two Intel processors would be 126 GB/sec vs. 2692 GB/sec for the 8 GPUs. Although the CPUs are less memory capacity constrained, requiring a large batch size per CPU could still limit the maximum amount of data-parallel scaling.  So a CPU could also benefit from this technique.\n \n   Systems that use fewer GPUs or slower RNN implementations may not have these problems, but the motivation of our work is improving the performance of training RNNs, so we do care about factors of 2x and 5x.\n \n    Finally, this technique reduces the memory required to train an RNN in an absolute sense that is complementary to increasing the memory capacity.  For any memory capacity (12GB on a GPU, or 512 GB on a CPU), this technique increases the maximum utterance length or network size that can be trained."}], "url": "/pdf?id=XL9v5ZZ2qtXB8D1RUG6V"}