{"paper_id": "xnrAg7jmLF1m7RyVi3vG", "header": "Learning Genomic Representations to Predict Clinical Outcomes in Cancer", "abstract": "Genomics are rapidly transforming medical practice and basic biomedical research, providing insights into disease mechanisms and improving therapeutic strategies, particularly in cancer. The ability to predict the future course of a patient's disease from high-dimensional genomic profiling will be essential in realizing the promise of genomic medicine, but presents significant challenges for state-of-the-art survival analysis methods. In this abstract we present an investigation in learning genomic representations with neural networks to predict patient survival in cancer. We demonstrate the advantages of this approach over existing survival analysis methods using brain tumor data.", "reviews": [{"reviewer": "ICLR 2016 workshop paper 190 reviewer 10", "Review": "The authors describe a straightforward application of modern neural network methods to survival prediction: they replace the linear effects component of a Cox proportional hazards model with a feedforward neural net; or alternatively, the stick a Cox partial likelihood loss function on top of a standard feedforward neural net. The authors demonstrate that they have a mature understanding of modern techniques, which is not always the case among folks pushing deep learning into new application areas (demonstrated most by their use of Bayesian optimization, well done!).\n\nThe ReLU neural net clobbers both a classic Cox proportional hazards model with a Elastic Net-style regularization AND the survival analysis analogue of a random forest (often the most daunting foe of neural nets in empirical comparisons). The results are especially remarkable since they were obtained on a small data set (only 658 samples total, with 183 inputs). The deep learning community should celebrate empirical victories of this type (in new domains and problems, done by people who are applying the methods properly).\n\nSome questions and comments:\n\n  * The figure reference at the bottom of Page 2 is broken.\n\n  * The \"%NN\" format for numerical percents is non-standard. I suggest the authors change those to \"NN%.\"\n\n  * Some discussion of how performance varied with model architecture would be useful. Did 2-layers beat 1-layer and 3-layers?\n\n  * Unsupervised pretraining isn't typically used these days, especially for shallow neural nets. Did it, in fact, help?\n\n  * The authors might want to mention and cite which framework (if any) they used to implement their neural nets.\n", "Rating": "8: Top 50% of accepted papers, clear accept", "Confidence": "5: The reviewer is absolutely certain that the evaluation is correct and very familiar with the relevant literature"}, {"reviewer": "ICLR 2016 workshop paper 190 reviewer 12", "Review": "This abstract describes an interesting use of a neural network: discovering an appropriate set of features for a Cox proportional hazards model, with applications to cancer genomics.  The idea is to estimate survival of a cancer patient from genetic data.  The challenge for this is that many of the data are effectively censored -- we do not know how long currently living patients will survive.  This is a well-studied likelihood and the essential proposal is to use the last layer of the neural network to form the linear features used for survival prediction.  This last statement is a bit more of an inference than I would like, as the abstract is light on details.  There are various architectural choices that seem sensibly handled, and I commend the authors for systematically tuning hyperparameters with Bayesian optimization.  I was slightly surprised to see layerwise pre-training used on this model; this approach has gone somewhat out of fashion and it would be interesting if this offered improvements over directly training a multi-layer perceptron.  Overall, I think this abstract is well over the bar for acceptance.", "Rating": "9: Top 15% of accepted papers, strong accept", "Confidence": "4: The reviewer is confident but not absolutely certain that the evaluation is correct"}, {"reviewer": "ICLR 2016 workshop paper 190 reviewer 11", "Review": "Pros:\n\nThis empirical results look quite promising.\n\nCons:\n\n1) As the author mentioned in introduction that the proposed problem is able to take care of 'large p small N', it is worth to compare the proposed method to sparse learning / compressed sensing methods, for example, L1 norm regularized algorithm.\n\n2) The experiment setting needs further clarification. In Figure 1.b)  it says that 'The error bars and shaded areas indicate standard deviation of CI over 10 cross validation sets'  and in section 3.3 it says that 'we sampled %70 of the data set 10times without replacement to have 10 different training sets.'\n\n3) There is a typo in section 3.1 'Figure ??'.", "Rating": "6: Marginally above acceptance threshold", "Confidence": "3: The reviewer is fairly confident that the evaluation is correct"}], "url": "/pdf?id=xnrAg7jmLF1m7RyVi3vG"}