{"paper_id": "ZY9x1mJ3zS5Pk8ELfEjD", "header": "Neural Variational Random Field Learning", "abstract": "We propose variational bounds on the log-likelihood of an undirected probabilistic graphical model p that are parametrized by flexible approximating distributions q. These bounds are tight when q = p, are convex in the parameters of q for interesting classes of q, and may be further parametrized by an arbitrarily complex neural network. When optimized jointly over q and p, our bounds enable us to accurately track the partition function during learning.", "reviews": [{"reviewer": "ICLR 2016 workshop paper 191 reviewer 11", "Review": "This paper proposes to estimate the log-partition function of Markov random fields by optimizing a variational bound over a model of proposal distributions. For the proposal distributions the authors consider uniform mixtures of exponential families. \n\nThe paper is concise and presents interesting ideas. A central idea of the paper is to define a proposal model for which the variational bound is convex. \nUnfortunately the arguments seem to be flawed or to require modifications. \n\nCOMMENTS\nIn Section 3.2. ``One can easily check that a non-negative concave function is also ... are in the exponential family, it follows that ", "Rating": "4: Ok but not good enough - rejection", "Confidence": "4: The reviewer is confident but not absolutely certain that the evaluation is correct", "Comment": "First of all, thank you for the detailed review!\n\nWe agree with most of the comments. The only issue we would like to clarify is your concern about the correctness of our argument that the log-likelihood bound is concave.\n\nOur argument goes as follows:\n1. A concave, positive function is also log-concave (because if g is concave and non-decreasing, and f is concave, then g(f(x)) is concave)\n2. A sum of exponential families is concave and positive, hence log-concave.\n\nIn particular, we don't claim that a sum of log-concave functions is log-concave. We were running out of space, and our so explanation was a bit terse. Apologies for the confusion. We will make things clearer in the final version.\n\nIf this was your main concern, then it would be great if you could update your score; if there are other issues, please let us know, and we'll be happy to clarify!\n\nThanks,\nVolodymyr"}, {"reviewer": "ICLR 2016 workshop paper 191 reviewer 10", "Review": "This paper presents a simple and intuitive approach to variational inference for undirected graphical models. The paper is concise, and the bound is derived quite simply based on the variance of an importance sampler that estimates the marginal likelihood. (This unbiased estimate brings to mind pseudomarginal samplers.) The linearity bound on the log expectation also makes sense in order to derive a lower bound which produces unbiased stochastic gradients during optimization.\n\nI am concerned however with the scalability of the approach to both larger data and higher dimensions (the preliminary experiment is very small in both respects). The approach seems to share the downfalls of importance sampling in general. It is unclear the extent to which recent adaptive importance sampling techniques applied to variational inference are practical (unlike Burda et al. (2016) for example, there is not a baseline to say that at the least, it does not produce a worse bound than the typical KL(p ||q)).\n\nNevertheless, this is an interesting direction worth exploring for undirected graphical models, and the proposed directions using expressive variational models and recent importance sampling techniques make sense.", "Rating": "7: Good paper, accept", "Confidence": "5: The reviewer is absolutely certain that the evaluation is correct and very familiar with the relevant literature"}, {"reviewer": "ICLR 2016 workshop paper 191 reviewer 12", "Review": "This paper presents an intriguing idea for training MRFs (or CRFs) together with an inference network by training the inference net to minimize a variational upper bound on the partition function. Unlike standard variational inference, this bound is in the right direction for learning. Compared with methods like tree-reweighted BP, this method potentially allows for more accurate bounds, as the approximating distribution can be made arbitrarily close to the true one.\n\nI'm uncomfortable with referring to (1) as a \"variational upper bound\" on the partition function, since the stochastic estimate is an upper bound only in expectation, and may underestimate the true value with overwhelming probability. (E.g., consider the case where q is uniform and p is peaked.) Similarly, (2) is technically a lower bound on the likelihood, but when estimated with samples from q, it may overestimate the true value with overwhelming probability. I'm not sure what the proper wording would be, but I think the abstract over-promises as currently written.\n\nAs the authors point out, Monte Carlo estimates of (1) and (2) could have very high variance, just like importance sampling based estimates of Z. I suspect this problem would be very hard to overcome on full-size models. \n\nStill, the idea is quite neat, and could be the basis of future work on training MRFs/CRFs. I would certainly recommend acceptance to the workshop track.\n\n", "Rating": "7: Good paper, accept", "Confidence": "5: The reviewer is absolutely certain that the evaluation is correct and very familiar with the relevant literature"}], "url": "/pdf?id=ZY9x1mJ3zS5Pk8ELfEjD"}