{"paper_id": "ZY9xQwqKZh5Pk8ELfEzD", "header": "Neurogenic Deep Learning", "abstract": "Deep neural networks (DNNs) have achieved remarkable success on complex data processing tasks. In contrast to biological neural systems, capable of learning continuously, DNNs have a limited ability to incorporate new information in a trained network. Therefore, methods for continuous learning are potentially highly impactful in enabling the application of DNNs to dynamic data sets. Inspired by adult neurogenesis in the hippocampus, we explore the potential for adding new nodes to layers of artificial neural networks to facilitate their acquisition of novel information while preserving previously trained data representations. Our results demonstrate that neurogenesis is well suited for addressing the stability-plasticity dilemma that has long challenged adaptive machine learning algorithms. ", "reviews": [{"reviewer": "Timothy Draelos", "Comment": "This reviewer raises some concerns of the paper regarding our communication of: 1) transfer learning (TL), 2) intrinsic replay (IR), and 3) control experiments. We will amend the paper in line with the following comments.\n\n1) On further reflection, we believe our experiments, as well as the application of our work, is related more to Online Learning (OL) than to TL. Our objective is to adaptively learn to represent all new presented data instances from old and/or new data classes. Our experiments demonstrate this in batch form by presenting all data instances in a given class, but it is just as applicable to a streaming scenario. We are aware of DNNs successes in transfer learning, but our focus has been on situations where that isn\u2019t the case. DNNs have definite advantages in transfer learning problems, with their general-purpose feature detectors at shallow layers of a network, but our goal is to identify inputs that a trained network finds difficult to represent, whether from a different, new class or not. In this regard, we are addressing OL and have revised the paper accordingly.\n\n2) The choice of using a multivariate Gaussian distribution to represent top layer codes is an initial conjecture and the subject of a separate research effort, but it worked well in support of our neurogenesis work. Before neurogenesis is performed, data samples from each old data class are generated and used in the neurogenesis process AND in updating the distribution of the top layer codes after neurogenesis. We revised the paper to include information related to the previous sentence.\n\n3) Regarding the experimental control networks, there is one control network for the neurogenesis network when using IR (NG+IR) and a different control network for neurogenesis network when not using IR (NG). We first train a control network using all training samples of digits 1 and 7, starting with random weights. This network is the same size as the one created during neurogenesis. Then, to perform OL, all samples from a single, new digit (first 0, then 2, then 3, then 4, then 5, then 6, then 8, and finally 9) are presented and training occurs for all weights in the autoencoder for a fixed number of epochs. In the paper, the network (NG) trained with neurogenesis, but not with IR, is also considered a control network for the NG+IR network. The paper has been revised to clarify the experiments.\n"}, {"reviewer": "ICLR 2016 workshop paper 129 reviewer 11", "Review": "This paper presents an algorithm for growing the representational capacity of an autoencoder (AE) network in a data-dependent way. The idea is interesting, but the presentation is rough (as might be expected for a workshop submission). For example, see the several below sections:\n\n> DNNs are \u2026 [not] well suited for transfer learning (TL)\n\nActually, many of the results shown in hundreds of papers over the last few years have been built on the effectiveness of transfer learning using DNNs.\n\n> Samples from old classes are generated via hippocampus- inspired \u201dintrinsic replay\u201d (IR) by retrieving a high-level representation through sampling from the multivariate Normal and Cholesky decomposition of the top layer of the full encoder network and then leveraging the full decoder to reconstruct new data points from that previously trained class.\n\nPlease fill in additional details here. Is a multivariate Gaussian distribution being fit to the top layer code? If so, how is it updated to account for the new units, particularly if the old data is not used? Is there any reason to suspect a Gaussian distribution is remotely a good fit to the layer code?\n\n> Control 1 (TL+IR) - an AE trained first on the subset digits 1 and 7 and then retrained with one new single digit at a time with standard TL,\n\nWhat is \u201cstandard TL\u201d?? There is not a single standard transfer learning setup. More details need to be provided about what is actually happening in the Control experiments; without them the results are hard or impossible to interpret.\n", "Rating": "5: Marginally below acceptance threshold", "Confidence": "3: The reviewer is fairly confident that the evaluation is correct"}, {"reviewer": "ICLR 2016 workshop paper 129 reviewer 12", "Review": "Interesting idea about how to increase the representation power of a DNN as we receive new (different) data. The paper is brief and clear which is welcome. The weakness of the paper is the different heuristics (hyper parameters ) that use in order to decide when to increase the DNN and the \"lower learning rate\" to maintain stability in the old weights. The influence of these parameters has not been tested although. Moreover would be interesting to use a different dataset beyond the mnist that use to be use to \"sanity check\".\n\nThere are several sentences like \"This step relates to the notion of plasticity in biological NG\" that would need some reference.\n\n\n", "Rating": "6: Marginally above acceptance threshold", "Confidence": "3: The reviewer is fairly confident that the evaluation is correct", "Comment": "The authors thank this reviewer for the positive comments and the identification of a couple weakness of our work being the lack of testing of hyperparameters and the lack of another dataset beyond MNIST. It is true that we have not rigorously tested our hyperparameter values, so we do not fully understand the sensitivities to these parameters nor do we know whether we have reached optimal performance. We intend to perform additional experiments to resolve this issue. Regarding additional datasets to use for this work, we are preparing to apply neurogenic deep learning to the CIFAR-10 dataset and hope to present results in the poster presented at ICLR. We will revise the paper to include references related to biological connections of our work."}, {"reviewer": "ICLR 2016 workshop paper 129 reviewer 10", "Review": "The authors consider the problem of dynamically adapting a neural network to new input data (e.g. new classes), for which the required features might not have been learned. A neurogenesis method is proposed, that progressively introduces new neurons to the model as more data is presented to the network.\n\nThe method is motivated from a cost perspective, by explaining that adapting an existing model to new data is cheaper than storing the previous data and training a new model as soon as new data is being observed. The method and motivations are clearly explained and summarized.\n\nThe considered MNIST deep autoencoder model with sequentially introduced digit classes is a reasonable choice for testing, although the retraining costs are probably becoming more important when considering more complex models such as large convnets.\n\nA technique called \"intrinsic replay\" is applied in addition to the neurogenesis process. It seeks to generate examples that are similar to those observed previously, and feeding them to the neural network in addition to the newly observed data.\n\nThe properties of neural network learning dynamics with time-dependent data distributions is still an open question, that has not been very extensively studied, but a highly relevant one.", "Rating": "7: Good paper, accept", "Confidence": "4: The reviewer is confident but not absolutely certain that the evaluation is correct", "Comment": "The authors thank this reviewer for noting the positive contributions of our work. We do intend to explore our basic neurogenic deep learning ideas applied to convolutional neural networks."}], "url": "/pdf?id=ZY9xQwqKZh5Pk8ELfEzD"}