{"paper_id": "i87JIQTAnB8AQ", "header": "The Diagonalized Newton Algorithm for Nonnegative Matrix Factorization", "abstract": "Non-negative matrix factorization (NMF) has become a popular machine learning approach to many problems in text mining, speech and image processing, bio-informatics and seismic data analysis to name a few. In NMF, a matrix of non-negative data is approximated by the low-rank product of two matrices with non-negative entries. In this paper, the approximation quality is measured by the Kullback-Leibler divergence between the data and its low-rank reconstruction. The existence of the simple multiplicative update (MU) algorithm for computing the matrix factors has contributed to the success of NMF. Despite the availability of algorithms showing faster convergence, MU remains popular due to its simplicity. In this paper, a diagonalized Newton algorithm (DNA) is proposed showing faster convergence while the implementation remains simple and suitable for high-rank problems. The DNA algorithm is applied to various publicly available data sets, showing a substantial speed-up on modern hardware.", "reviews": [{"reviewer": "Hugo Van hamme", "Review": "First: sorry for the multiple postings. Browser acting weird. Can't remove them ...\n\nUpdate: I was able to get the sbcd code to work. Two mods required (refer to Algorithm 1 in the Li, Lebanon & Park paper - ref [18] in v2 paper on arxiv):\n1) you have to be careful with initialization. If the estimates for W or H are too large, E = A - WH could potentially contain too many zeros in line 3 and the update maps H to all zeros. Solution: I first perform a multiplicative update on W and H so you have reasonably scaled estimates.\n2) line 16 is wrongly implemented in the publicly available ffhals5.m \n\nI reran the comparison (different machine though - the one I used before was fully loaded):\n1) CCD (ref [17]) - the c++ code compiled to a matlab mex file as downloaded from the author's website and following their instructions. \n2) DNA - fully implemented in matlab as available from "}, {"reviewer": "Hugo Van hamme", "Review": "About the comparison with Cyclic Coordinate Descent (as described in C.-J. Hsieh and I. S. Dhillon, \u201cFast Coordinate Descent Methods with Variable Selection for Non-negative Matrix Factorization,\u201d in proceedings of the 17th ACM SIGKDD International Conference on Knowledge Discovery & Data Mining (KDD), San Diego, CA, USA, August 2011) using their software:\nthe plots of the KLD as a function of iteration number and cpu time are located at "}, {"reviewer": "Hugo Van hamme", "Review": "I would like to thank the reviewers for their investment of time and effort to formulate their valued comments. The paper was updated according to your comments. Below I address your concerns:\n\nA common remark is the lack of comparison with state-of-the-art NMF solvers for Kullback-Leibler divergence (KLD). I compared the performance of the diagonalized Newton algorithm (DNA) with the wide-spread multiplicative updates (MU) exactly because it is the most common baseline and almost every algorithm has been compared against it. As you suggested, I did run comparison tests and I will present the results here. I need to find a method to post some figures to make the point clear. First, I compared against the Cyclic Coordinate Descent (CCD) by Hsieh & Dhillon using the software they provide on their website. I ran the synthetic 1000x500 example (rank 10). The KLD as a function of iteration number for DNA and CCD are very close (I did not find a way to post a plot on this forum). However, in terms of CPU (ran on the machine I mention in the paper) DNA is a lot faster with about 200ms per iteration for CCD and about 50ms for DNA. Note that CCD is completely implemented in C++ (embedded in a mex-file) while DNA is implemented in matlab (with one routine in mex - see the download page mentioned in the paper). As for the comparison with SBCD (scalar block coordinate descent), I also ran their code on the same example, but unfortunately, one of the matrix factors is projected to an all-zero matrix in the first iteration. I have not found the cause yet.\nWhat definitely needs investigation is that I observe CCD to be 4 times slower than DNA. Using my implementation for MU, 1200 MU iterations are actually as fast as the 100 CCD iteration. (My matlab MU implementation is 10 times faster than the one provided by Hsieh&Dhillon). For these reasons, I am not too keen on quickly including a comparison in terms of CPU time (which is really the bottom line), as implementation issues seem not so trivial. Even more so for a comparison on a GPU, where the picture could be different from the CPU for the cyclic updates in CCD. A thorough comparison on these two architectures seems like a substantial amount of future work.  But I hope the data above data convince you the present paper and public code are significant work. \n\nReply to Anonymous 57f3\n' it's not clear that matrix factorization is a problem for which optimization speed is a primary concern (all of the experiments in the paper terminate after only a few minutes)'\n\n>> There are practical problems where NMF takes hours, e.g. the problems of [6], which is essentially learning a speech recognizer model from data. We are now applying NMF-based speech recognition in learning paradigms that learn from user interaction examples. In such cases, you want to wait seconds, not minutes. Also, there is an increased interest in 'large-sccale NMF problems'.\n\n'Using a KL-divergence objective seems strange to me since there aren't any distributions involved, just matrices, whose entries, while positive, need not sum to 1 along any row or column. Are the entries of the matrices supposed to represent probabilities? '\n\n>> Notice that the second and third term in the expression for KLD (Eq. 1) are normalization terms such that we don't require V or Z to sum to unity. This very common in the NMF literature, and was motivated in a.o. [1]. KLD is appropriate if the data follow a (mixture of) Poisson distribution. While this is realistic for counts data (like in the Newsgroup corpus), the KLD is also applied on Fourier spectra, e.g. for speaker separation or speech enhancement, with success. Imho, the relevance of KLD does not need to be motivated in a paper on algorithms, see also [18] and [20] ( numbering in the new paper).\n\n'I understand that this is a formulation used in previous work ([1]), but it should be briefly explained. '\n>> Added a sentence about the Poisson hypothesis after Eq. 1.\n\n'You should explain the connection between your work and [17] more carefully. Exactly how is it similar/different? '\n>> Reformulated. [17] (now [18]) uses a totally different motivation, but also involves the second order derivatives, like a Newton method.\n\n'Has a diagonal Newton-type approach ever been used for the squared error objective? '\n>> A reference is given now. Note however that KLD behaves substantially different.\n'the smallest cost' -> 'leading to the greatest reduction in d_{KL}(V,Z)'\n 'the variables required to compute' -> 'the quantities required to compute' \n>> corrected\n\nYou should avoid using two meanings of the word 'regularized' as this can lead to confusion. Maybe 'damped' would work better to refer to the modifications made to the Newton updates that prevent divergence? \n>> Yes. A lot better. Corrected.\n\n'Have you compared to using damped/'regularized' Newton updates instead of your method of selecting the best between the Newton and MU updates? In my experience, damping, along the lines of the LM algorithm or something similar, can help a great deal. '\n>> yes. I initially tried to control the damping by adding lambda*I to the Hessian, where lambda is decreased on success and increased if the KLD increases. I found it difficult to find a setting that worked well on a variety of problems. \n\nI would recommend using '\top' to denote matrix transposition instead of what you are doing. Section 2 needs to be reorganized. It's hard for me to follow what you are trying to say here. First, you introduce some regularization terms. Then, you derive a particular fixed-point update scheme. When you say 'Minimizing [...] is achieved by alternative updates...' surely you mean that this is just one particular way it might be done. \n>> That's indeed what I meant to say. 'is' => 'can be'\n\nYou say you are applying the KKT conditions, but your derivation is strange and you seem to skip a bunch of steps and neglect to use explicit KKT multipliers (although the result seems correct based on my independent derivation). But when you say: 'If h_r = 0, the partial derivative is positive. Hence the product of h_r and the partial derivative is always zero', I don't see how this is a correct logical implication. Rather, the product is zero for any solution satisfying complementary slackness. \n>> I meant this holds for any solution of (5). This is corrected.\n\nAnd I don't understand why it is particularly important that the sum over equation (6) is zero (which is how the normalization in eqn 10 is justified). Surely this is only a (weak) necessary condition, but not a sufficient one, for a valid optimal solution. Or is there some reason why this is sufficient (if so, please state it in the paper!). \n>> A Newton update may yield a guess that does not satisfy this (weak) necessary condition. We can satisfy this condition easily with the renormalization (10), which is reflected in steps 16 and 29.\n\nI don't understand how the sentence on line 122 'Therefor...' is not a valid logical implication. Did you actually mean to use the word 'therefor' here? The lower bound is, however, correct. 'floor resp. ceiling'??\n>> 'Therefore' => 'To respect the nonnegativity and to avoid the singularity\u201d\n\nReply to Anonymous 4322\nSee comparison described above.\nI added more about the differences with the prior work you mention.\n\nReply to Anonymous 482c\nSee also comparison data detailed above.\nYou are right there is a lot of generic work on Hessian preconditioning. I refer to papers that work on damping and line search in the context of NMF ([10], [11], [12], [14] ...). Diagonalization is only related in the sense that it ensures the Hessian to be positive definite (not in general, but here is does)."}, {"reviewer": "anonymous reviewer 482c", "Review": "Overview:\n\nThis paper proposes an element-wise (diagonal Hessian) Newton method to speed up convergence of the multiplicative update algorithm (MU) for NMF problems. Monotonic progress is guaranteed by an element-wise fall-back mechanism to MU. At a minimal computational overhead, this is shown to be effective in a number of experiments. \n\nThe paper is well-written, the experimental validation is convincing, and the author provides detailed pseudocode and a matlab implementation.\n\n\nComments:\n\nThere is a large body of related work outside of the NMF field that considers diagonal Hessian preconditioning of updates, going back (at least) as early as Becker & LeCun in 1988.\n\nSwitching between EM and Newton update (using whichever is best, element-wise) is an interesting alternative to more classical forms of line search: it may be worth doing a more detailed comparison to such established techniques.\n\nI would appreciate a discussion of the potential of extending the idea to non KL-divergence costs."}, {"reviewer": "anonymous reviewer 4322", "Review": "Summary:\n\nThe paper presents a new algorithm for solving L1 regularized NMF problems in which the fitting term is the Kullback-Leiber divergence. The strategy combines the classic multiplicative updates with a diagonal approximation of Newton's method for solving the KKT conditions of the NMF optimization problem. This approximation results in a multiplicative update that is computationally light. Since the objective function might increase under the Newton updates, the author proposes to simultaneously compute both multiplicative and Newton updates and choose the one that produces the largest descent. The algorithm is tested on several datasets, generally producing improvements in both number of iterations and computational time with respect to the standard multiplicative updates.\n\nI believe that the paper is well written. It proposes an efficient optimization algorithm for solving a problem that is not novel but very important in many applications. The author should highlight the strengths of the proposed approach and the differences with recent works presented in the literature.\n\nPros.:\n\n- the paper addresses an important problem in matrix factorization,\nextensively used in audio processing applications\n- the experimental results show that the method is more efficient than the multiplicative algorithm (which is the most widely used optimization tool), without significantly increasing the algorithmic complexity\n\nCons:\n\n- experimental comparisons against related approaches is missing\n- this approach seems limited to only work for the Kullback-Leiber\ndivergence as fitting cost.\n\n\nGeneral comments:\n\nI believe that the paper lacks of experimental comparisons with other accelerated optimization schemes for solving the same problem. In particular, I believe that the author should include comparisons with [17] and the work,\n\nC.-J. Hsieh and I. S. Dhillon. Fast coordinate descent methods with variable selection for non-negative matrix factorization. In Proceedings of the 17th ACM SIGKDD, pages 1064\u20131072, 2011.\n\nwhich should also be cited.\n\nAs the author points out, the approach in [17] is very similar to the one proposed in this paper (they have code available online).  The work by Hsieh and Dhillon is also very related to this paper. They propose a coordinate descent method using Newton's method to solve the individual one-variable sub-problems. More details on the differences with these two works should be provided in Section 1.\n\nThe experimental setting itself seems convincing. Figures 2 and 3 are never cited in the paper."}, {"reviewer": "anonymous reviewer 57f3", "Review": "This paper develops a new iterative optimization algorithm for performing non-negative matrix factorization, assuming a standard 'KL-divergence' objective function.  The method proposed combines the use of a traditional updating scheme ('multiplicative updates' from [1]) in the initial phase of optimization, with a diagonal Newton approach which is automatically switched to when it will help.  This switching is accomplished by always computing both updates and taking whichever is best, which will typically be MU at the start and the more rapidly converging (but less stable) Newton method towards the end.  Additionally, the diagonal Newton updates are made more stable using a few tricks, some of which are standard and some of which may not be.  It is found that this can provide speed-ups which may be mild or significant, depending on the application, versus a standard approach which only uses multiplicative updates.  As pointed out by the authors, Newton-type methods have been explored for non-negative matrix factorization before, but not for this particularly objective with a diagonal approximation (except perhaps [17]?).\n\nThe writing is rough in a few places but okay overall.  The experimental results seem satisfactory compared to the classical algorithm from [1], although comparisons to other potentially more recent approaches is conspicuously absent.  I'm not an experiment on matrix factorization or these particular datasets so it's hard for me to independently judge if these results are competitive with state of the art methods.\n\nThe paper doesn't seem particularly novel to me, but matrix factorization isn't a topic I find particularly interesting, so this probably biases me against the paper somewhat.  \n\nPros:\n- reasonably well presented\n- empirical results seem okay\nCons:\n- comparisons to more recent approaches is lacking\n- it's not clear that matrix factorization is a problem for which optimization speed is a primary concern (all of the experiments in the paper terminate after only a few minutes)\n- writing is rough in a few places\n\n\n\nDetailed comments:\n\nUsing a KL-divergence objective seems strange to me since there aren't any distributions involved, just matrices, whose entries, while positive, need not sum to 1 along any row or column.  Are the entries of the matrices supposed to represent probabilities?  I understand that this is a formulation used in previous work ([1]), but it should be briefly explained.\n\nYou should explain the connection between your work and [17] more carefully.  Exactly how is it similar/different?\n\nHas a diagonal Newton-type approach ever been used for the squared error objective?\n\n'the smallest cost' -> 'leading to the greatest reduction in d_{KL}(V,Z)'\n\n'the variables required to compute' -> 'the quantities required to compute'\n\nYou should avoid using two meanings of the word 'regularized' as this can lead to confusion.  Maybe 'damped' would work better to refer to the modifications made to the Newton updates that prevent divergence?\n\nHave you compared to using damped/'regularized' Newton updates instead of your method of selecting the best between the Newton and MU updates?  In my experience, damping, along the lines of the LM algorithm or something similar, can help a great deal.\n\nI would recommend using '\top' to denote matrix transposition instead of what you are doing.\n\nSection 2 needs to be reorganized.  It's hard for me to follow what you are trying to say here.  First, you introduce some regularization terms.  Then, you derive a particular fixed-point update scheme.  When you say 'Minimizing [...] is achieved by alternative updates...' surely you mean that this is just one particular way it might be done.  Also, are these derivation prior work (e.g. from [1])?  If so, it should be stated.\n\nIt's hard to follow the derivations in this section.  You say you are applying the KKT conditions, but your derivation is strange and you seem to skip a bunch of steps and neglect to use explicit KKT multipliers (although the result seems correct based on my independent derivation).  But when you say: 'If h_r = 0, the partial derivative is positive. Hence the product of h_r and the partial derivative is always zero', I don't see how this is a correct logical implication.  Rather, the product is zero for any solution satisfying complementary slackness.  And I don't understand why it is particularly important that the sum over equation (6) is zero (which is how the normalization in eqn 10 is justified).  Surely this is only a (weak) necessary condition, but not a sufficient one, for a valid optimal solution.  Or is there some reason why this is sufficient (if so, please state it in the paper!).\n\nI don't understand how the sentence on line 122 'Therefor...' is not a valid logical implication.  Did you actually mean to use the word 'therefor' here?  The lower bound is, however, correct.\n\n'floor resp. ceiling'??"}], "url": "https://arxiv.org/abs/1301.3389"}