{"paper_id": "mLr3In-nbamNu", "header": "Local Component Analysis", "abstract": "Kernel density estimation, a.k.a. Parzen windows, is a popular density estimation method, which can be used for outlier detection or clustering. With multivariate data, its performance is heavily reliant on the metric used within the kernel. Most earlier work has focused on learning only the bandwidth of the kernel (i.e., a scalar multiplicative factor). In this paper, we propose to learn a full Euclidean metric through an expectation-minimization (EM) procedure, which can be seen as an unsupervised counterpart to neighbourhood component analysis (NCA). In order to avoid overfitting with a fully nonparametric density estimator in high dimensions, we also consider a semi-parametric Gaussian-Parzen density model, where some of the variables are modelled through a jointly Gaussian density, while others are modelled through Parzen windows. For these two models, EM leads to simple closed-form updates based on matrix inversions and eigenvalue decompositions. We show empirically that our method leads to density estimators with higher test-likelihoods than natural competing methods, and that the metrics may be used within most unsupervised learning techniques that rely on such metrics, such as spectral clustering or manifold learning methods. Finally, we present a stochastic approximation scheme which allows for the use of this method in a large-scale setting.", "reviews": [{"reviewer": "Nicolas Le Roux, Francis Bach", "Review": "First, we would like to thank the reviewers for their comments.\n\nThe main complaint was that the experiments were limited to toy problems. Since it is always hard to evaluate unsupervised learning algorithms (what is the metric of performance), the experiments were designed as a proof of concept. Hence, we agree with the reviewers and would love to see LCA tried and evaluated on real problems.\n\nFor the comment about the required modifications to avoid overfitting, there is truly only one parameter to set, i.e., the lambda parameter. All the others can easily be set to default values."}, {"reviewer": "anonymous reviewer 61c0", "Review": "Summary of contributions:\nThe paper presents a robust algorithm for density estimation. The main idea is to model the density into a product of two independent distributions: one from a Parzen windows estimation (for modeling a low dimensional manifold) and the other from a Gaussian distribution (for modeling noise). Specifically, leave-one-out log-likelihood is used as the objective function of Parzen window estimator, and the joint model can be optimized using Expectation Maximization algorithm. In addition, the paper presents an analytical solution for M-step using eigen-decomposition. The authors also propose several heuristics to address local optima problems and to improve computational efficiency. The experimental results on synthetic data show that the proposed algorithm is indeed robust to noise.\n\n\nAssessment on novelty and quality:\n\nNovelty: \nThis paper seems to be novel. The main ideas (using leave-one-out log-likelihood and decomposing the density as a product of Parzen windows estimator and a Gaussian distribution) are very interesting.\n\nQuality: \nThe paper is clearly written. The method is well motivated, and the technical solutions are quite elegant and clearly described. The paper also presents important practical tips on addressing local optima problems and speeding up the algorithm. \n\nIn experiments, the proposed algorithm works well when noise dimensions increase in the data. The experiments are reasonably convincing, but they are limited to very low-dimensional, toy data. Evaluation on more real-world datasets would have been much more compelling. Without such evaluation, it\u2019s unclear how the proposed method will perform on real data.\n\nAlthough interesting, the assumption about modeling the data density as a product of two independent distributions can be too strong and unrealistic. For example, how can this model handle the cases when noise are added to the low-dimensional manifold, not as orthogonal \u201cnoise dimension\u201d?\n\n\nOther comments:\n- Figure 1 is not very interesting since even NCA will learn near-isotropic covariance, and the baseline method seems to be PCA whitening, not PCA.\n\n\nPros and cons:\npros:\n- The paper seems sufficiently novel. \n- The main approach and solution are technically interesting.\n- The experiments show proof-of-concept (albeit limited) demonstration that the proposed method is robust to noise dimensions (or irrelevant features).\n\ncons:\n- The experiments are limited to very low-dimensional, toy datasets. Evaluation on more real-world datasets would have been much more compelling. Without such evaluation, it\u2019s unclear how the proposed method will perform on real data.\n- The assumption about modeling the data density as a product of two independent distributions can be too strong and unrealistic (see comments above)."}, {"reviewer": "anonymous reviewer 18ca", "Review": "Summary of contributions:\n1. The paper proposed an unsupervised local component analysis (LCA) framework that estimates the Parzen window covariance via maximizing the leave-one-out density. The basic algorithm is an EM procedure with closed form updates. \n\n2. One further extension of LCA was introduced, which assumes two multiplicative densities, one is Parzen window (non Gaussian) and the other is a global Gaussian distribution. \n\n3. Algorithms was designed to scale up the algorithms to large data sets. \n\nAssessment of novelty and quality:\nThe work looks quite reasonable. But the approach seems to be a bit straightforward.  The work is perhaps not very deep or inspiring.  \n\nMy major concern is, other than the described problem setting being tackled, mostly toy problems, I don't see the significance of the work for addressing major machine learning challenges. For example, the authors argued the approach might be a good preprocessing step, but in the experiments, there is nothing like improving machine learning (e.g. classification) via such a pre-processing of data. \n\nIt's disappointing to see that the authors didn't study the identifiability of the Parzen/Gaussian model. Addressing this issue should have been a  good chance to show some depth of the research."}, {"reviewer": "anonymous reviewer 71f4", "Review": "In this paper, the authors consider unsupervised metric learning as a\ndensity estimation problem with a Parzen windows estimator based on \nEuclidean metric. They use maximum likelihood method and EM algorithm\nfor deriving a method that may be considered as an unsupervised counterpart to neighbourhood component analysis. Various versions of the method provide good results in the clustering problems considered.\n\n+ Good and interesting conference paper.\n+ Certainly novel enough.\n- Modifications are needed to combat the problems of overfitting,\nlocal minima, and computational load in the basic approach proposed.\nSome of these improvements are heuristic or seem to require hand-tuning.\n\n\nSpecific comments:\n\n- The authors should refer to the paper S. Kaski and J. Peltonen,\n'Informative discriminant analysis', in T. Fawcett and N. Mishna (Eds.),\nProc. of the 20th Int. Conf. on Machine Learning (ICML 2003), pp. 329-336,\nAAAI Press, Menlo Park, CA, 2003.\nIn this paper, essentially the same technique as Neighbourhood Component\nAnalysis is defined under the name Informative discriminant analysis\none year prior to the paper by Goldberger et al., your reference [16].\n\n- In the beginning of page 6 the authors state: 'Following [1, 2], the data\nis progressively corrupted by adding dimensions of white Gaussian noise,\nthen whitened.' In this case, whitening amplifies Gaussian noise, so that\nit has the same power as the underlying data. Obviously this is the reason\nwhy the experimental results approach to a random guess when the dimensions of the white noise increase sufficiently. The authors should mention that in real-world applications, one should not use whitening in this kind of situations,  but rather compress the data using for example principal component analysis (PCA) without whitening for getting rid of the extra dimensions corresponding to white Gaussian noise. Or at least use the data as such without any whitening."}], "url": "https://arxiv.org/abs/1109.0093"}