{"paper_id": "-_FVMKvxVCQo1", "header": "The return of AdaBoost.MH: multi-class Hamming trees", "abstract": null, "reviews": [{"reviewer": "anonymous reviewer 0c59", "Review": "The author presents a way to train vector-valued decision trees (Hamming trees) in the context of multi-class AdaBoost.MH, as one way of not doing K binary one-vs-all classifications. The idea is a clever factorization that allows for efficient modeling and predictions.  The paper seems to be performing very thorough validation, comparisons and hyper-parameter selection, which is obviously a good thing.\n\nUnfortunately, I cannot speak with any authority as to whether the algorithmic contributions of this paper are substantial or not. While the results do seem to support the idea that the proposed method, AdaBoost.MH + Hamming trees, works as well or better than SVMs/other AdaBoost methods, I cannot evaluate in earnestness whether this is a very novel contribution or incremental, since recent developments in boosting are not exactly my area of expertise."}, {"reviewer": "anonymous reviewer 3cb5", "Review": "In the last 10 years, boosted trees have been considered as the best performing algorithm for large scale data with numerical features (though this may change with deep learning). However, why they perform so well has never been fully understood, especially as the boosting and the tree parts of the algorithm tend to be optimized separately. This is all the more true in the multi-class setting, where boosted tree implementations are full of ad-hoc patches.\n\nThis paper offers a model where the construction of the tree is part of the boosting algorithm in a full multi-class setting, and I assume this is novel. It matches the performance of SVMs on small tasks where they were traditionally superior to boosting, and the performance of the best previous multi-class booting implementation. This is a well written paper of high technical quality with extensive and rigorous experiments, and effective descriptions of the algorithm implementations.\n\nThe main issue I found is how this algorithm scales: boosted trees are used for large scale problems, and addressing this issue is critical for significance. The authors only report large scale experiments in very vague terms, without any comparisons or training times (the authors do not report any numerical results and do not give reference. I do not know what to make for instance of the claim that it won the recent Interspeech challenge). The cost per iteration appears linear in the number of features, examples and dimensions, which is standard, but what about the number of iterations? My experience is that discrete Adaboost is quite slow on larger datasets compared to real-value prediction or gradient-based boosting.\n\nThis paper packs a lot of technical contributions in 9 pages, to the point that the authors had to take a few short cuts that impact clarity, but I would only recommend to cut comments that are not understandable by non-expert in boosting, or expand them (for instance all the references to the weak learning condition, which is never explained).\n\nI noticed there was not a single boosting paper at ICLR\u201913, while this is probably still the most widely used class of machine learning algorithms. Through the greedy selection of weak classifier, boosting offers a way to learn representation that is different from deep learning, but highly practical for many problems.\nThe same author has submitted another paper that targets specifically the choice of the features for boosting (correlation-base construction of neighborhood and edge features), however, I find this paper the most worthy to be accepted.\n\nDetailed comments:\n-\tAuthors should better explain the weak learning condition.\n-\tIn section 3, there is a single alpha, so the subscript j in \u201calpha_j\u201d must be a typo.\n-\tSection 3: choice of font for h_j should be consistent.\n-\tI do not see how one can get O(nKd log(N)) if the tree is balanced: I assume one still has to run TREEBASE, which calls BASE N times, and BASE is O(nKd)???\n-\tSection 2.2: the case against Adaboost.M1 used in a multiclass setting that would lead to an error rate of (K-1)/K sounds strange. I thought one would use K separate Adaboost.M1 in a 1-vs-other setting?", "Reply": "'The main issue I found is how this algorithm scales: boosted trees are used for large scale problems, and addressing this issue is critical for significance. The authors only report large scale experiments in very vague terms, without any comparisons or training times (the authors do not report any numerical results and do not give reference. I do not know what to make for instance of the claim that it won the recent Interspeech challenge).'\n\nThere is a clickable hyperlink in the paper pointing to the site (Emotion Sub-Challenge):\n\n"}, {"reviewer": "anonymous reviewer 98f6", "Review": "The paper describes an Adaboost algorithm, with tree based learners, adapted to the multi-class setting. The claim is that direct multi-class algorithms cannot be used to grow tree base learners in Adaboost. The author proposes a factorization of the classifier into a product of 3 terms, one performing a binary separation of the input space, a second one projecting this binary value onto the  classes and the third being a confidence term. With this formulation, base tree learners can be grown using the binary separator corresponding tot the first term. Experiments are described on a series of UCI data sets and reach good results compared to a series of baselines.\nThe idea of factorizing the multiclass classifier is interesting and seems to lead to good results \u2013 even if the experiments have been performed on rather small size problems. The paper is relatively clear, but could be improved. In many places, there are shortcuts which will probably be hard to follow for non-specialists of multi-class Adaboost. Also there should be a description of the alternative multi-class Adaboost methods used in the experimental comparison, in order to appreciate the originality of this new proposition.\nOverall, I think that this is a good paper. On the other hand, I am not sure that it is adapted to ICLR. It is not concerned with representation learning and would probably be better suited to a more general ML conference.", "Reply": "'Also there should be a description of the alternative multi-class Adaboost methods used in the experimental comparison, in order to appreciate the originality of this new proposition.'\n\nFull description is out of the scope of this paper. The main difference is that they all use multi-class (but single-label) trees."}], "url": "https://arxiv.org/abs/1312.6086"}