{"paper_id": "00Rp6XTNJq0GY", "header": "Adaptive Feature Ranking for Unsupervised Transfer Learning", "abstract": "Transfer Learning is concerned with the application of knowledge gained from solving a problem to a different but related problem domain. In this paper, we propose a method and efficient algorithm for ranking and selecting representations from a Restricted Boltzmann Machine trained on a source domain to be transferred onto a target domain. Experiments carried out using the MNIST, ICDAR and TiCC image datasets show that the proposed adaptive feature ranking and transfer learning method offers statistically significant improvements on the training of RBMs. Our method is general in that the knowledge chosen by the ranking function does not depend on its relation to any specific target domain, and it works with unsupervised learning and knowledge-based transfer.", "reviews": [{"reviewer": "Son Tran", "Review": "We thank the reviewer for the comments, and we have carried out further experiments as suggested, as follows: we\u2019ve updated Figures 4 and 5 to include a comparison between pruning of low-scoring units and pruning of high-scoring units.\n \nThe results seem to confirm that high-scored units capture more relevant information. Furthermore, Figure 7 indicates that high-scored units are more significant for transfer learning. Therefore, the role of high-scored units seems relevant for transfer learning. \n\nFor transfer low-scored features, we performed experiments follows what we have done with transferring high-scored features (we use the validation sets to select the features for transfer, but in this case the features are ranked from low-scores to high-scores). The results show that the highest accuracies were achieved only when a large number of high-scored features are among those which have been transferred. \nMNIST_30k: ICDAR_d  : 38.86%  \u00b1 0.32 (when transfer 2000/2000 units)\nMNIST_30k: TiCC_w_A : 76.99%  \u00b1 0.58 (when transfer 2000/2000 units)\nMNIST_5k : TiCC_a   : 62.50%  \u00b1 0.16 (when transfer  500/500 units)\nMNIST_5k : TiCC_d   : 65.19%  \u00b1 0.15 (when transfer 500/500 units)\n\nTo the best of our knowledge, most connectionist transfer learning use labels in the source domain or self-taught learning [1 2 3 4]. For the task of unsupervised representation transfer learning, as proposed in this paper, we have therefore chosen to focus on comparisons with our closest competitor: self-taught learning [1]. In addition, we propose to study how much knowledge should be transferred to the target domain, which has not been studied yet in self-taught mode.\n \n[1] Rajat Raina, Alexis Battle, Honglak Lee, Benjamin Packer, and Andrew Y. Ng. Self-taught learning: transfer learning from unlabeled data. In Proceedings of the 24th international conference on Machine learning, ICML \u201907, page 759766, New York, NY, USA, 2007. ACM\n[2] Gr\u00e9goire Mesnil, Yann Dauphin, Xavier Glorot, Salah Rifai, Yoshua Bengio, Ian J. Goodfellow, Erick Lavoie, Xavier Muller, Guillaume Desjardins, David Warde-Farley, Pascal Vincent, Aaron C. Courville, James Bergstra: Unsupervised and Transfer Learning Challenge: a Deep Learning Approach. ICML Unsupervised and Transfer Learning 2012: 97-110\n[3] WEI, B.; PAL, C.. Heterogeneous Transfer Learning with RBMs. AAAI Conference on Artificial Intelligence, North America, aug. 2011\n[4] Honglak Lee, Chaitanya Ekanadham, and Andrew Y. Ng. Sparse deep belief net model for visual area v2. In Advances in Neural Information Processing Systems. MIT Press, 2008."}, {"reviewer": "anonymous reviewer a8e0", "Review": "The submission proposes a scoring method for RBMs to rank hidden units according to their information content, and to use that ranking to prune networks and to do transfer learning. The transfer learning mechanism uses the ranking in the original domain to choose which hidden units to use when training in the target domain, and then uses the output of those transferred units to affect the training of the added units.   \n\nThe submission is clearly written, has relevance and interest to the ICLR community, and a number of experiments are described that validate the method. The results are promising, however there are a number of missing experiments that would have helped to validate the method. An important baseline experiment would be to compare the pruning of low-scoring units with the pruning of randomly selected, or even high-scoring units. Similarly, with the transfer learning experiments, it would be important to verify that the author's metric for replacement of sub-networks is optimal, or at least better than random choice. The submission also suffers from not making comparisons to other approaches to transfer learning in neural networks. \n \npros: well-written, relevant and interesting\ncons: simple approach, not adequately validated, not adequately compared against other transfer learning approaches."}, {"reviewer": "anonymous reviewer 656d", "Review": "This paper presents a feature ranking method for RBMs and a method to transfer RBM representations from a source domain to a target domain in an adaptive manner. While the method achieves good performance when transfering between very similar domains, the paper suffers from the following problems:\n\n- The proposed ranking function is equivalent to the L1 norm of the weight vector associated with each hidden unit, which makes the method qualitatively similar to PCA in that it prioritizes the components that explain the most variance in the data (Bengio, JMLR 7 (2011) 1--20). However, it is not obvious from the experiments that the proposed ranking has an advantage for transfer learning. A connection with the existing literature also seems lacking.\n\n- To the best of the reviewer's knowledge, the adaptive learning method for RBMs (with theta=1) is novel, but many very similar approaches to transfer learning using RBMs already exist and, once again, a review and comparison with competing approaches would be crucial.\n\n- Despite the simplicity of the concepts presented, I have found the paper confusing at times. For example, what exact setup does each row correspond to in Tables 3 and 4? What is the difference between the last and second to last rows?\n\n- Finally, the experimental section considers only the task of character recognition.\n\nOther questions:\n\n- In Figure 2(b), would we get a different interpretation if the fitler bases were normalized? Using the L1 norm of the bases for scoring, it is hardly surprising that the low-score bases have a lower magnitude when plotted on the same scale.\n- In Figure 3 (sparse RBM), are the bases normalized by the L2 norm?", "Reply": "[1] Rajat Raina, Alexis Battle, Honglak Lee, Benjamin Packer, and Andrew Y. Ng. Self-taught learning: transfer learning from unlabeled data. In Proceedings of the 24th international conference on Machine learning, ICML \u201907, page 759766, New York, NY, USA, 2007. ACM\n[2] Gr\u00e9goire Mesnil, Yann Dauphin, Xavier Glorot, Salah Rifai, Yoshua Bengio, Ian J. Goodfellow, Erick Lavoie, Xavier Muller, Guillaume Desjardins, David Warde-Farley, Pascal Vincent, Aaron C. Courville, James Bergstra: Unsupervised and Transfer Learning Challenge: a Deep Learning Approach. ICML Unsupervised and Transfer Learning 2012: 97-110\n[3] WEI, B.; PAL, C.. Heterogeneous Transfer Learning with RBMs. AAAI Conference on Artificial Intelligence, North America, aug. 2011\n[4] Honglak Lee, Chaitanya Ekanadham, and Andrew Y. Ng. Sparse deep belief net model for visual area v2. In Advances in Neural Information Processing Systems. MIT Press, 2008."}, {"reviewer": "anonymous reviewer 656d", "Reply": "The visualisation is the same if we use logistic function to normalize the filter bases."}, {"reviewer": "Son Tran", "Reply": "The visualisation is the same if we use logistic function to normalize the filter bases."}, {"reviewer": "Son Tran", "Reply": "[1] Rajat Raina, Alexis Battle, Honglak Lee, Benjamin Packer, and Andrew Y. Ng. Self-taught learning: transfer learning from unlabeled data. In Proceedings of the 24th international conference on Machine learning, ICML \u201907, page 759766, New York, NY, USA, 2007. ACM\n[2] Gr\u00e9goire Mesnil, Yann Dauphin, Xavier Glorot, Salah Rifai, Yoshua Bengio, Ian J. Goodfellow, Erick Lavoie, Xavier Muller, Guillaume Desjardins, David Warde-Farley, Pascal Vincent, Aaron C. Courville, James Bergstra: Unsupervised and Transfer Learning Challenge: a Deep Learning Approach. ICML Unsupervised and Transfer Learning 2012: 97-110\n[3] WEI, B.; PAL, C.. Heterogeneous Transfer Learning with RBMs. AAAI Conference on Artificial Intelligence, North America, aug. 2011\n[4] Honglak Lee, Chaitanya Ekanadham, and Andrew Y. Ng. Sparse deep belief net model for visual area v2. In Advances in Neural Information Processing Systems. MIT Press, 2008."}], "url": "https://arxiv.org/abs/1312.6190"}