{"paper_id": "6rEnMF1okeiBO", "header": "Low-Rank Approximations for Conditional Feedforward Computation in Deep Neural Networks", "abstract": "Scalability properties of deep neural networks raise key research questions, particularly as the problems considered become larger and more challenging. This paper expands on the idea of conditional computation introduced by Bengio, et. al., where the nodes of a deep network are augmented by a set of gating units that determine when a node should be calculated. By factorizing the weight matrix into a low-rank approximation, an estimation of the sign of the pre-nonlinearity activation can be efficiently obtained. For networks using rectified-linear hidden units, this implies that the computation of a hidden unit with an estimated negative pre-nonlinearity can be ommitted altogether, as its value will become zero when nonlinearity is applied. For sparse neural networks, this can result in considerable speed gains. Experimental results using the MNIST and SVHN data sets with a fully-connected deep neural network demonstrate the performance robustness of the proposed scheme with respect to the error introduced by the conditional computation process.", "reviews": [{"reviewer": "anonymous reviewer b1e7", "Review": "The authors investigate a proposed method of speeding up computation in a feed-forward ReLU network by predicting the sign of the presynaptic activations with a low-rank predictor obtained by SVD on the weights.\n\nNovelty: medium\nQuality: low\n\nPros:\n- Investigates a problem of substantial interest to the community, that of scaling up neural nets through what Yoshua Bengio has dubbed \u201cconditional computation\u201d\n- Experimental procedures are well documented, software cited\n\nCons:\n- misinterprets the goals articulated by Bengio on conditional computation: namely, to explicitly learn which computations to do/which parts of an architecture to activate, rather than simply identify ways of speeding up existing architectures through predictive computation. In that respect it could still be an interesting line of inquiry but not really \u201cconditional computation\u201d related.\n- Provides no empirical benchmarking: I strongly suspect an empirical investigation of the proposed speedup would reveal that the cache unfriendliness of the non-uniform memory access would result in a significant slowdown even for large, relatively sparse network.\n- The commentary contains several instances of speculation that is not qualified as such (see below)\n- The experimental baselines are questionable, uninteresting, and applying the same sort of fully connected architecture to only two tasks, one of which has not been widely studied with fully-connected networks and thus hard to judge. Especially in the first layer it seems like the efficacy of the low rank predictor may depend heavily on the input distribution.\n\nDetailed comments:\n\nSec 2.1:\n- The speculation that parameter redundancy leads to activation redundancy is very questionable. Consider two filters consisting of oriented, localized edge filters, one appearing exclusively in the upper left quadrant of the receptive field and the other appearing in the lower right, with 3 of 4 quadrants having zero weights in each filter. The two have extremely redundant parameters (only a few bits are needed to describe one given knowledge of the other), but their activations are not redundant in the least.\n\nSec 2.2:\n- Both of the datasets on which you run experiments have had extremely competitive (state of the art, in the case of SVHN) performance documented with maxout activations, where activities are completely non-sparse. The importance of representational sparsity is thus far less clear than you seem to suggest.\n\nSec 3.1:\n- Notational comment: sigma() is typically reserved for the logistic function, or at least a sigmoidal function such as tanh. Its use to represent the ReLU activation is somewhat jarring. \n- You can probably assume that a reader of this paper understands how to perform matrix multiplication. The exposition in terms of dot products is unnecessary.\n- Regarding considerable speed gains, I find this dubious given the degree to which optimized matrix-matrix multiplication libraries (the BLAS, etc.) leverage the properties of today\u2019s CPU and GPU hardware. In sparse linear algebra applications where sheer memory requirements are not the limiting factor (i.e. making explicitly representing the sparse matrix infeasible), sparsity well in excess of 99% is typically necessary for specialized sparse matrix multiplication routines to beat BLAS on a sparse problem represented densely. While you may be able to claim an asymptotic speedup, it\u2019s unclear whether this means anything in practice for a wide class of problems of interest. Even if things are sparse enough for there to be a savings, it\u2019s unclear whether this would be negated by the necessity of performing the low-rank computation as well.\n- It would be interesting and comforting to see some analysis (theoretical or empirical) of the probability of the low rank approximation making a mistake (and each kind of mistake, as mistakenly flagging a filter response as having a positive value results in no actual error being made in the final analysis, as it will be computed and then presumably thresholded to zero, whereas not computing one that should\u2019ve been positive will affect the representation passed up to the next layer). If you assume bounded norms of the weight vectors I\u2019m fairly sure you could say something theoretically as a function of the rank of the approximation.\n- I\u2019d also be interested in how the activation estimator\u2019s efficacy differs for the first layer and subsequent layers, given that the latter have a more sparse input distribution, and whether preprocessing helps or not. Similarly, how does error accumulate through this process when you use it at multiple layers?\n\nSec 3.4:\n- multiplying an asymptotic O(...) expression by a constant makes no sense. O() notation is explicitly defined to absorb all multiplicative constants. What you should do instead is either a) make use of a numerical methods textbook pseudocode implementation of SVD to bound the number of theoretical flops, or b) drop the O(...), add a multiplicative constant (which you could bound) and add O(...)\u2019s for the lower-order terms.\n\nSec 4.1 & 4.2\n- Generally, the lack of comparison to the literature for your baselines is troubling. I don\u2019t know what the state of the art is for a permutation-invariant method (such as a fully connected network) on SVHN, but your nets seem critically underresourced. I know that layer sizes for an MNIST network achieving close to 1% typically features layer sizes at least double those of what you report, and it seems like you are underfitting significantly on SVHN. The whole point of conditional computation is to save computation time in very large models, but you restrict your investigation to extremely impoverished architectures.\n- Your MNIST results are significantly worse with what is the permutation-invariant state of the art standard nowadays and there\u2019s really no excuse for it, an error of 1.05-1.06% is easily reproducible. At the very least it would frame the error rates in terms of results with which people are familiar.\n- The architectures of the activation estimators seem arbitrary and it is not clear how they were chosen, or why a wider variety were not explored.\n- In addition to the error rates for various activation estimator architectures, you should make clear the theoretical speedup provided by this architecture, and the measured empirical speedup.\n\nSection 5:\n- The extension to the convolutional setting is not obvious to me at all. Sure, you can write out the convolution as a matrix multiply with a structured sparse matrix but the SVD of that is going to be dense and gigantic.\n- There\u2019s no mention of the possibility of learning the low-rank approximation, which seems like the natural thing to do, especially as concerns test-time speed-up rather than train-time speedup. I also consider it critical to compare against the case where there is no full rank weight matrix, just this low rank version being used as the actual weight matrix, to show that maintaining and carefully multiplying by the full rank weight matrix actually is in some respect a necessary ingredient. If you can get away with simply learning factored weight matrices (i.e. introducing bottleneck linear layers) then this scheme is needlessly complicated."}, {"reviewer": "Andrew Davis", "Review": "-Demonstrates that the sign approximation method slightly improves test error.\nI'm not sure where you're seeing this -- on the test set, the sign approximation always increased the test error (as a function of how poor the approximation was). One should expect the method to make test error slightly worse as a trade-off for faster computation. This approach does not try to improve generalization -- it is forming the basis of a method to trade-off between speed and accuracy.\n\n-The main purpose of the work...\n-It's not obvious...\n-If computational cost can in fact be reduced...\nThese three points have been addressed in a new revision of the manuscript. There are many parameters that determine the theoretical speedup (size of each layer, how approximately the weight matrix can be calculated, how sparse the activations are), so the answer (that is, the overall speedup) depends on these factors.\n\n-The baselines that are improved upon are not competitive\nThe baselines are not intended to be competitive to state-of-the-art methods.  The emphasis is on investigating how the activation estimation degrades the training of the neural network.\n\n-It's not clear that the hyper parameters were chosen in a way that makes the comparisons fair\nWe've added a description of how the hyperparameters were chosen to the manuscript.\n\n-I don't think you can necessarily conclude...\nInteresting, I did not know this -- I was going off of the introduction in Coates et al's paper.\n\n-I don't think you can conclude...\nI disagree.  If the biases are part of the weight matrix (an okay thing to do), then we observe the following:\n\na in R^{N \times d}, W in R^{d \times h}, U in R^{d \times k}, V in R^{k \times h}:\n\nUV = hat{W}\n\nAssuming:\nrank(hat{W}) = k\nrank(a) = d\n\nThen:\nrank(ahat{W}) le min(rank(a), rank(hat{W})) = min(d, k)\n\nBecause k < d (otherwise, we are wasting time with the conditional computation, because the activation estimator would take longer than the regular feed-forward), the rank of the resulting activations can be fairly well represented by a linear projection of lower-rank, indicating redundancy in the same sense that the weights are redundant.  Redundant does not necessarily mean useless -- the extra dimensionality gives us some more 'wiggle-room' for discrimination.  The key observation is that we may be able to 'get away with' a very low-rank representation of 'W' if we are only interested in recovering the sign of 'a'.\n\n-Simply being able to predict...\nAgreed -- the activation estimator is designed to be efficient, but it is certainly possible to be slower overall if a bad choice is made for the rank, or if the activations are not sufficiently sparse.  There are likely smarter and faster ways of doing the conditional computation that have not been investigated.  We've added a section describing the number of FLOPS required for a regular neural net and a neural net augmented by this conditional computation scheme.\n\n-You also need some mechanism...\nI agree.  This part will require the most effort to implement well.  It is hard to beat off-the-shelf BLAS libraries, but the proposed matrix-multiplication would not be a sparse-sparse (ie., memory-bound) operation.  It would be dense-dense, with some additional control structure to allow certain dot-products to be skipped.  This will surely add some overhead, and it is hard to speculate exactly how much.  Using the equations in Section 3.4 (the new section on the FLOPS required), there could be as much as a 5-20x speedup in feed-forward for an Imagenet-size network, depending on sparsity and rank. As such, we feel it is worth investigating this special matrix multiplication.\n\n-I think you're missing the fundamental idea...\nWe disagree.  Bengio, Leonard, and Courville put a preprint on arXiv (", "Reply": "6a1b,\n\nThanks for the reply -- always good to have constructive feedback.\n\n> I don't think the revised paper really addresses my main concern, which is that it's extremely difficult to get a speedup in practice from the proposed method. I think you'll have quite a lot of difficulty doing so with cuda-convnet, since GPUs generally do not handle applications with a lot of branching well.\n\nYou are correct -- for generic matrix multiplication, obtaining a speedup will be difficult. Even for matrix multiplications with highly structured outputs (eg., multiplying an upper-triangular matrix by another upper-triangular matrix will yield another upper-tri matrix, so we don't need to calculate the lower triangular entries), the formulation is difficult and doesn't quite perform at 2x (in the case of tri * tri) even when implemented efficiently.\n\nThe bulk of the computation for CNNs occur in the first few layers.  When plugging in values for the layer-wise sparsity and low-rank approximations, full-sparsity on the output layers for an Imagenet-sized network hardly impacts the relative change in FLOPs. Therefore, we are focusing mainly on implementing the conditional computation for CNNs at this point.\n\nWhile it is true that GPUs are not generally efficient when following arbitrary branches for different threads (warp divergence), NVIDIA GPUs can happily follow branches, as long as every thread in the warp follows the branch. We are working on a CUDA kernel that works on 8x8 filters (64 pixels), so when we skip a step in the convolution for a particular image and particular filter, precisely two warps follow the same execution path. There is some overhead in formulating the convolution in this way (we have to use more local memory and we have to do reductions, which wastes threads as we proceed through the reduction tree), but the path ahead looks promising. We plan to extend this idea to 4x4 filters and 12x12 filters, where we can skip pairs of 4x4 filters or 12x12 filters at a time. (ie., two 4x4 filters, or 32 pixels, are calculated together in one warp. If we have to calculate one, then we calculate both. If we do not have to calculate either, skip the computation. There is a similar scheme for 12x12, but we only 'waste' 16 pixels worth of calculation if we have to calcuate the step in the convolution for either filter, because the 'boundary' between the two filters spills over a warp).\n\n> While I understand that you're trying to see how much your method degrades neural net performance rather than trying to get a new state of the art result, I think it is important to work with state of the art methods and large models. When starting with a small or underperforming baseline, you might obtain a result showing that your method doesn't harm performance, merely because the base performance was poor and easily captured by a simpler model family.\n\nThis is an excellent point. We look forward to the results when applying this approach to larger networks.\n\n> The paper by Leonard et al is quite a bit different than what you are doing. You are trying to learn which values are zero after using a standard training procedure.\n\nNot necessarily -- in this paper, the conditional computation is applied during the entirity of training.\n\n> Leonard et al are training a net to intentionally *make more of the activations zero*. Their procedure explicitly groups the zeros into contiguous blocks, so that the indexing logic required to ignore the zeros is cheap.\n\nCuriously, I'm not seeing anything in this reference talking about encouraging the zeros of the hidden activation to be contiguous. Perhaps you have another reference that I am not aware of?\n\n> Also, the secondary network used to determine which blocks should be computed is significantly smaller than the primary classification network. In your case, the secondary network has the same number of outputs as the primary network has hidden units. Despite all of these advantages over your approach, Leonard et al still didn't demonstrate a speedup, so I think your approach will really be fighting an uphill battle to get one.\n\n'Experiments are performed with a gater of 400 hidden units and 2000 output units. The main path also has 2000 hidden units. A sparsity constraint is imposed on the 2000 gater output units such that each is non-zero 10% of the time, on average.'  I see that the gater and the hidden units are always of the same size. Are we looking at the same paper?\n\n> Getting 1.05% or below on MNIST is not hard with dropout. Grad students from both Nando de Freitas and Yoshua Bengio's lab have replicated that result without any trouble.\n\nBy adding noise to the input layer (setting pixels to zero with p=0.2), I've been able to bring MNIST down to ~1%. Initial results show similar behavior when perturbed with an increasingly harsh bottleneck on the gating layer. I would like to revise the paper with these results, but I am not sure if we are past the deadline for resubmission. \n\nI've gotten SVHN down to ~7% by adding noise to the input, but I suspect the results will always be very far from state-of-the-art with a permutation invariant network."}, {"reviewer": "Andrew Davis", "Reply": "6a1b,\n\nThanks for the reply -- always good to have constructive feedback.\n\n> I don't think the revised paper really addresses my main concern, which is that it's extremely difficult to get a speedup in practice from the proposed method. I think you'll have quite a lot of difficulty doing so with cuda-convnet, since GPUs generally do not handle applications with a lot of branching well.\n\nYou are correct -- for generic matrix multiplication, obtaining a speedup will be difficult. Even for matrix multiplications with highly structured outputs (eg., multiplying an upper-triangular matrix by another upper-triangular matrix will yield another upper-tri matrix, so we don't need to calculate the lower triangular entries), the formulation is difficult and doesn't quite perform at 2x (in the case of tri * tri) even when implemented efficiently.\n\nThe bulk of the computation for CNNs occur in the first few layers.  When plugging in values for the layer-wise sparsity and low-rank approximations, full-sparsity on the output layers for an Imagenet-sized network hardly impacts the relative change in FLOPs. Therefore, we are focusing mainly on implementing the conditional computation for CNNs at this point.\n\nWhile it is true that GPUs are not generally efficient when following arbitrary branches for different threads (warp divergence), NVIDIA GPUs can happily follow branches, as long as every thread in the warp follows the branch. We are working on a CUDA kernel that works on 8x8 filters (64 pixels), so when we skip a step in the convolution for a particular image and particular filter, precisely two warps follow the same execution path. There is some overhead in formulating the convolution in this way (we have to use more local memory and we have to do reductions, which wastes threads as we proceed through the reduction tree), but the path ahead looks promising. We plan to extend this idea to 4x4 filters and 12x12 filters, where we can skip pairs of 4x4 filters or 12x12 filters at a time. (ie., two 4x4 filters, or 32 pixels, are calculated together in one warp. If we have to calculate one, then we calculate both. If we do not have to calculate either, skip the computation. There is a similar scheme for 12x12, but we only 'waste' 16 pixels worth of calculation if we have to calcuate the step in the convolution for either filter, because the 'boundary' between the two filters spills over a warp).\n\n> While I understand that you're trying to see how much your method degrades neural net performance rather than trying to get a new state of the art result, I think it is important to work with state of the art methods and large models. When starting with a small or underperforming baseline, you might obtain a result showing that your method doesn't harm performance, merely because the base performance was poor and easily captured by a simpler model family.\n\nThis is an excellent point. We look forward to the results when applying this approach to larger networks.\n\n> The paper by Leonard et al is quite a bit different than what you are doing. You are trying to learn which values are zero after using a standard training procedure.\n\nNot necessarily -- in this paper, the conditional computation is applied during the entirity of training.\n\n> Leonard et al are training a net to intentionally *make more of the activations zero*. Their procedure explicitly groups the zeros into contiguous blocks, so that the indexing logic required to ignore the zeros is cheap.\n\nCuriously, I'm not seeing anything in this reference talking about encouraging the zeros of the hidden activation to be contiguous. Perhaps you have another reference that I am not aware of?\n\n> Also, the secondary network used to determine which blocks should be computed is significantly smaller than the primary classification network. In your case, the secondary network has the same number of outputs as the primary network has hidden units. Despite all of these advantages over your approach, Leonard et al still didn't demonstrate a speedup, so I think your approach will really be fighting an uphill battle to get one.\n\n'Experiments are performed with a gater of 400 hidden units and 2000 output units. The main path also has 2000 hidden units. A sparsity constraint is imposed on the 2000 gater output units such that each is non-zero 10% of the time, on average.'  I see that the gater and the hidden units are always of the same size. Are we looking at the same paper?\n\n> Getting 1.05% or below on MNIST is not hard with dropout. Grad students from both Nando de Freitas and Yoshua Bengio's lab have replicated that result without any trouble.\n\nBy adding noise to the input layer (setting pixels to zero with p=0.2), I've been able to bring MNIST down to ~1%. Initial results show similar behavior when perturbed with an increasingly harsh bottleneck on the gating layer. I would like to revise the paper with these results, but I am not sure if we are past the deadline for resubmission. \n\nI've gotten SVHN down to ~7% by adding noise to the input, but I suspect the results will always be very far from state-of-the-art with a permutation invariant network."}, {"reviewer": "anonymous reviewer 6a1b", "Review": "Summary of contributions: Proposes a specific means to achieve Bengio's goal of 'conditional computation'. The specific mechanism is to use the sign of approximate activations to predict which activations are zero, so that the full-rank values of rectified linear units don't need to be computed for units that are probably 0. \n\nNovelty: moderate\nQuality: low\n\nPros:\n-Demonstrates that the sign approximation method slightly improves test error.\nCons:\n-The main purpose of the work is to reduce computational cost, but computational cost is never quantified\n-It's not obvious that predicting which units are zero will lead to the ability to reduce computation cost\n-If computational cost can in fact be reduced, it's not clear that the cost of the predictor is less than the cost that its use could remove\n-The baselines that are improved upon are not competitive\n-It's not clear that the hyper parameters were chosen in a way that makes the comparisons fair\n-Some of the commentary is misleading or questionable\n\nDetailed comments:\n\npg 1\nI don't think you can necessarily conclude that the computational requirements to train a large net decreased between the publication of [12] and the publication of [4]. The purpose of [12] was largely to demonstrate how many machines their system could use. At the ICML poster session where [12] was first presented, I heard someone else ask Quoc Le if the number of machines was actually necessary to get the results they had, and he said the high number of machines was not necessary, they just wanted to claim credit for networking that many machines to train a neural net. It's likely that most of the savings in [4] relative to [12] are just due to the fact that most of the computation in [12] was wasted.\n\npg 2\n\nSection 2.1\n\nI don't think you can conclude that redundancy of parameters implies redundancy of activations. For example, two units with the same weight vector have very redundant parameters, but changing just their bias unit can give them very different activations. Presumably nets would not benefit much from increased size if the units were truly redundant.\n\nSimply being able to predict which units in a net are going to have zero activation doesn't necessarily mean that you will get computational savings. You need the cost of predicting which units are zero to be cheap enough that on average running both the predictor net and the predicted subset of the main net is cheaper than running just the main net. You also need some mechanism for cheaply running subsets of the main net. Doing sparse matrix operations with an arbitrary, dynamically updated sparsity mask is not significantly more efficient than just doing dense operations, to my knowledge.\n\nI think you're missing the fundamental idea of conditional computation, at least as described in [2] and [3]. Bengio is not advocating figuring out cheaper ways of computing exactly the same function we already compute. He's advocating figuring out how to compute only some of the features that are most relevant to processing a particular input. What you're doing is more of a software engineering optimization where you figure out which features are zero. Bengio is advocating something more ambitious, figuring out which features are unnecessary even if they are nonzero. Another issue with your approach is that you're trying to individually predict which features are nonzero. This means you need to be able to have the predictor make an explicit decision for each of them individually, so your runtime is going to have asymptotic cost which is at least linear in the number of units. Bengio is advocating making predictions about entire groups of units at the same time. If done right, this has the chance of having cost only logarithmic in the number of features in the model, or, to phrase it more excitingly, being able to run a model that has exponentially more features than runtime and memory requirements.\n\nSection 2.2\nI'm not sure sparsity of the representation is the correct explanation for the performance of the rectifier nets in [7]. The sparse rectifier nets in [7] have sparse activations, but they have equally sparse gradients. i.e., the gradient through a unit is zero for an example if and only if the activation is zero for that unit. This paper ( "}], "url": "https://arxiv.org/abs/1312.4461"}