{"paper_id": "__Jk_HAdtfK5W", "header": "Learning to encode motion using spatio-temporal synchrony", "abstract": "We consider the task of learning to extract motion from videos. To this end, we show that the detection of spatial transformations can be viewed as the detection of synchrony between the image sequence and a sequence of features undergoing the motion we wish to detect. We show that learning about synchrony is possible using very fast, local learning rules, by introducing multiplicative 'gating' interactions between hidden units across frames. This makes it possible to achieve competitive performance in a wide variety of motion estimation tasks, using a small fraction of the time required to learn features, and to outperform hand-crafted spatio-temporal features by a large margin. We also show how learning about synchrony can be viewed as performing greedy parameter estimation in the well-known motion energy model.", "reviews": [{"reviewer": "kishore reddy", "Review": "We thank all the reviewers for their valuable comments. We uploaded a new version of the paper with some of the suggested modifications."}, {"reviewer": "anonymous reviewer 4272", "Review": "The paper introduces an algorithm to learn to detect motion from video data using coincidence of features between consecutive frames. While there are novel elements, the basic ideas are similar to papers of the same authors and the algorithm by other authors referenced in this paper. \n\nDetails:\n- The formula (20) looks remarkably similar the paper you reference (and that beats your performance) - sec 3.1 of 'Learning hierarchical spatio-temporal features for action recognition with independent subspace analysis'. The only difference is mainly that you use sigmoid nonlinearity and they use square root. \n\n- 4.2 - which auto encoder you are comparing to - there is a large number of them. In particular what if you just used k-means on concatenated frames? That would also detect 'coincidence' between frames. It would also train extremely quickly (and then use smoother version during inference as in Coates et al).\n\n- In table 1 - is this on sequence of frames or pairs? (3.1,3.2 vs 3.3?)", "Reply": "- The formula (20) looks remarkably similar the paper you reference (and that beats your performance) - sec 3.1 of 'Learning hierarchical spatio-temporal features for action recognition with independent subspace analysis'. The only difference is mainly that you use sigmoid nonlinearity and they use square root. \n\nThere is an additional difference: Inside the sigmoid there is a square, whereas it is a sum over squares in Le et al. In other words, for them, learning of features is done in the presence of a pooling layer, whereas here, learning is done greedily, layer-by-layer. Running the code published by Le et al., incidentally, yields the same performance as our approach. Our method is significantly faster because it is a type of Kmeans.  \n\n- 4.2 - which auto encoder you are comparing to - there is a large number of them. In particular what if you just used k-means on concatenated frames?  That would also detect 'coincidence' between frames. It would also train extremely quickly (and then use smoother version during inference as in Coates et al). \n\nWe now report the K-means result on concatenated frames in the newest version. It shows a significantly lower performance. As for the autoencoder, it was a contractive autoencoder, also with detailed result now in the newest version."}, {"reviewer": "anonymous reviewer 951b", "Review": "The paper introduces a variation of common mathematical forms for encoding motion.  The basic approach is to encode first-order motion information through a multiplication of two filter outputs.  This approach is closely related to the motion-energy model and the cross-correlation model.\n\nThere is a lot of math leading up to a rather simple transform (after learning).  I would explain the resulting model as simply 'squared spatio-temporal Gabor filters followed by k-means pooling.'  The squared outputs are the components of the energy-based model (quadrature pair squared spatio-temporal Gabor filters are added in the energy based model) and k-means is used to pool first-order motion selective responses.\n\nThe more general problem of motion encoding needs to address the goal of motion selectivity and form or pattern invariance/tolerance.  As the authors point out, their squared outputs do not solve the motion encoding problem and the following pooling layer is intended to provide the solution.  The simplest next step would be to combine (add) two outputs to increase form invariance (this is the motion energy model).  Slightly more complex would be to group multiple squared outputs (these are the ISA models applied to spatio-temporal input).  The authors propose to use k-means for the pooling operation.\n\nThe results are validated on common action recognition computer vision databases.  I do not find the results surprising.  Given the very close similarities of the proposed algorithm to the Le et al. ISA algorithm it is not at all surprising that the results are nearly identical.  The training time improvements are also not surprising given the results from Coates et al. 2011.\n\nThis paper should probably be cited in regards to the learned filters:\nOlshausen 2003, Learning Sparse, Overcomplete Representations of Time-Varying Natural Images\nThere are other results in the ICA community that should be cited, as they give similar results.\n\nI am confused about some details on the model architecture used for SAE and SK-means.  The beginning of section 4 appears to only describe the SAE architecture.  What about the Sk-means architecture?  and how does the k-means in section 3.4 relate to the models evaluated in section 4?  My apologies if this is discussed somewhere in the text, I just can't find it in the places I expect.\n\nHere are some suggestions/comments:\nThe exposition is useful for bringing together many of motion models in the literature.\n\nYou argue for even-symmetric non-linearities, but couldn't a rectified linear unit also produce the desired effect? ; however it would not associate the contrast reversal, which may be the better inductive bias.\n\nIn the current form I remain uncertain what the benefit is of the proposed approach over the motion energy approach or ISA.  K-means does pool over more than 2 features, but this is to be expected given the architecture.  Can you show that 2-d subspaces are sub-optimal in terms of performance?  You do show that the covAE underperforms, why?  Is the Le et al. 2011 pipeline giving the major benefit?\n\nIn my opinion, the most novel contribution of the paper is the 'synchrony k-means' algorithm.  As far as I am aware this is a nice extension of the fast convergence results shown by Coates et al..  This general framework appears promising for the related problems of 'relating images.'  Therefore it could be the focus of the paper, with the SAE algorithm used merely as a control or motivation.\n\nI am also skeptical about performance measurements of activity recognition as proxy for motion encoding.  These datasets likely suffer from various confounds not related to motion encoding.  Maybe a simpler test would be beneficial, scientifically?", "Reply": "- I would explain the resulting model as simply 'squared spatio-temporal Gabor filters followed by k-means pooling.'\n\nWe also show that, unlike for still images, one does not get Gabor features, unless squaring activations are used in the hidden units during learning (which is equivalent to using linear coefficients for computing reconstructions during learning). This also explains why some variants of ICA and energy models (like ISA) can work on videos, but standard autoencoders or K-means do not. \n\n- Olshausen 2003, Learning Sparse, Overcomplete Representations of Time-Varying Natural Images \n\nWe included this reference in the newest version. We also extended the introduction to discuss this and related papers (3rd and following paragraph in the introduction). \n\n- confused about some details on the model architecture used for SAE and SK-means\n\nWe rewrote the paper to make this clearer. SAE is now discussed in a separate appendix, and SKmeans in the main text. \n\n-You argue for even-symmetric non-linearities, but couldn't a rectified linear unit also produce the desired effect? ; however it would not associate the contrast reversal, which may be the better inductive bias. \n\nWe agree. \n\n-In the current form I remain uncertain what the benefit is of the proposed approach over the motion energy approach or ISA. K-means does pool over more than 2 features, but this is to be expected given the architecture. Can you show that 2-d subspaces are sub-optimal in terms of performance? You do show that the covAE underperforms, why? Is the Le et al. 2011 pipeline giving the major benefit? \n\nWe did find that the covAE underperforms also in a simple motion direction classification task. We believe this is due to the learning criterion, which forces the model to learn invariances that may be good for reconstruction but not necessarily good for the subsequent classification task. The convolutional pipeline provides around 3% accuracy over a simple bag-of-words pipeline. In case of covAE it does not provide such a benefit. \n\n-In my opinion, the most novel contribution of the paper is the 'synchrony k-means' algorithm. As far as I am aware this is a nice extension of the fast convergence results shown by Coates et al.. This general framework appears promising for the related problems of 'relating images.' Therefore it could be the focus of the paper, with the SAE algorithm used merely as a control or motivation. \n\nWe agree, see previous comment.  \n\n-I am also skeptical about performance measurements of activity recognition as proxy for motion encoding. These datasets likely suffer from various confounds not related to motion encoding. Maybe a simpler test would be beneficial, scientifically?\n\nWe agree that activity recognition, and a fixed pipeline to plug in learned features, may not be a perfect proxy for the quality of a motion encoding, but recognition performance is probably correlated with it. And it does nicely demonstrate possible practical benefits of this work, because our features learn much faster than existing models, and speed is increasingly important due to the sheer size of video datasets."}, {"reviewer": "anonymous reviewer 21fc", "Review": "One might think that everything has been said about motion estimation and motion energies, though refreshing ideas are always welcome even in subjects with thousands (ten of thousands?) papers. \n\nThe paper overall presentation and discussion are very clear and friendly.\n\nWhen discussing multiplicative (2.3), isn't this saying we should be working with additive but in the log space? log space is very frequently used in image analysis.\n\nThe locality property is very interesting and as the authors claim, very powerful for computation. I believe is worth investigating for other applications and models.\n\nNot all the mentioned results are the state-of-the-art for the used datasets, but this is not critical.\n\nDoes it make sense to report results for optical flow standard sets?\n\nWhile I don't believe the paper is revolutionary, it is nice to read and has some interesting insights.", "Reply": "-When discussing multiplicative (2.3), isn't this saying we should be working with additive but in the log space? log space is very frequently used in image analysis.\n\nYes, that's true. Unfortunately, for learning, one would need to undo any log-transforms to compute reconstructions, so this relationship does not immediately translate into a practical algorithm. \n\n-Does it make sense to report results for optical flow standard sets?\n\nYes, it may make sense, though it would require a clean-up stage (like an MRF) to be competitive in benchmarks. The model is more general than optical flow, in that it allows pixels to have multiple target positions (like in expansions or transparency, for example). Though is likely to hurt not help in an optical flow benchmark."}], "url": "https://arxiv.org/abs/1306.3162"}