{"paper_id": "Hq5MgBFOP62-X", "header": "OverFeat: Integrated Recognition, Localization and Detection using Convolutional Networks", "abstract": "We present an integrated framework for using Convolutional Networks for classification, localization and detection. We show how a multiscale and sliding window approach can be efficiently implemented within a ConvNet. We also introduce a novel deep learning approach to localization by learning to predict object boundaries. Bounding boxes are then accumulated rather than suppressed in order to increase detection confidence. We show that different tasks can be learnt simultaneously using a single shared network. This integrated framework is the winner of the localization task of the ImageNet Large Scale Visual Recognition Challenge 2013 (ILSVRC2013), and produced near state of the art results for the detection and classifications tasks. Finally, we release a feature extractor from our best model called OverFeat.", "reviews": [{"reviewer": "David Eigen", "Review": "We would like to thank all the reviewers for their comments and feedback.  We have integrated many of the suggestions into a new version (v4) of the paper, and are continuing to make revisions.  This version has been submitted to ArXiv and will appear later today, on Tue, 25 Feb 2014 01:00:00 GMT.\n\n\nIn response to your comments:\n\n\n- 'some of the tables and minor notes ... could be moved to an appendix'; \n- 'essential ideas should be distilled ... and the details ... relegated to an appendix'\n\nThanks for these suggestions.  We are currently working to factor out the details and make the paper more succinct.  Some progress on this has already been made in the newest version (v4), and we are now working on another revision with further editing.\n\n\n\n- 'exposition on \u201cdense application\u201d and why this is a computational savings is less clear than it could be'\n- 'clarity of exposition in certain parts'\n\nThis section has been updated in the new version (v4), and should be clearer.  Many other parts of the text have also been revised, and we are continuing to make edits for this.\n\n\n\n- 'Some discussion of not just which hyperparameters were chosen but how and why'\n- 'rough idea of the relative importance of horizontal flipping and other tricks described in 3.3, it would be useful to know'\n- 'more detail on computational efficiency/accuracy compromise'\n\nThanks for the suggestions.  We will try to discuss some of these questions more in the next revision (v5) of the paper (this has not yet been included in v4).  We do not have systematic comparisons for many of these, though, but further studies of them could make good followup work.\n\n\n\n- 'results on PASCAL'\n\nThanks for the suggestion.  This is likely not something we will be able to get done for this paper, but we agree it would be interesting to see, and may look at this in the future."}, {"reviewer": "anonymous reviewer 4a93", "Review": "This paper demonstrates a convolutional architecture for simultaneously detecting and localizing ImageNet objects. It is the winner of localization task of ILSVRCS2013 competition and that by itself makes it interesting.\n\nThey implement a combined architecture where first 5 layers share features compute features that are used for both classification and localization tasks.\n\nA lot of detail goes into constructing an architecture in a way as to make network windows aligned with the objeect. They use 6 scales increased in steps between 1.08 and 1.27 (why this arbitrary choice of steps?) along with 1 pixel offsets and a skip feature connections at the top to prevent the stride from being too large.\n\nThis is a solid paper which summarizes significant body of work in neural network design, which makes its relevance to ICLR high.\n\nSome suggestions:\n-- I wish the authors gave more detail on computational efficiency/accuracy compromise since that needs to be considered when running in an industrial setting.  For instance, coarse vs fine stride seems to provide 1% absolute improvement, while requiring 9x more computation at the lowest level. How much does that affect total computation? This could be done by adding an extra column 'FLOPS' to Table 5."}, {"reviewer": "anonymous reviewer c233", "Review": "The authors present a system that is capable of classification, localization and detection, to the advantage of all three. The starting point of Krizhevsky\u2019s 2012 work is adapted to produce an architecture capable of simultaneously solving all tasks, with the feature extraction component being shared across tasks. They propose to scan the entire convolutional net across the entire image at several scales, reusing the relevant computations from overlapping regions already processed, making both classification and (per-class) bounding box predictions at each and a clever scheme for aggregating evidence for the bounding box across predictions, and lots of other tricks. They evaluate on ILSVRC 2012 and 2013 tasks with excellent results.\n\nNovelty: low-medium\nQuality: high\n\nPros\n- This is an excellent piece of applied vision research. The results on ILSVRC speak for themselves, really.\n- It brings to light some potentially non-obvious (to a convolutional networks neophyte) advantages of convolutional nets for tasks like this, namely that dense application\n- Details are copiously documented: this is an excellent example of authors paying serious mind to the reproducibility of their work, a tendency that is sorely lacking in computer vision and machine learning in general. Please keep up the good work in future publications.\n\nCons\n- There isn\u2019t a lot of methodological novelty, although there is some in the tricks employed to deal with subsampling, etc. (to my knowledge, these are novel). That said, it is a tour-de-force application paper, so I don\u2019t see this as a serious drawback.\n- The only serious barrier to publication I see is clarity of exposition in certain parts.\n- Some discussion of not just which hyperparameters were chosen but how and why, including some rationale for departures from Krizhevsky\u2019s architecture, would be nice (e.g. the learning rate schedule, your choice to drop contrast normalization, non-overlapping pooling regions, etc.). Providing the details as statement of fact is good, but insights into how you made some of these decisions would make for more compelling reading, especially to those familiar with the Krizhevsky work.\n- The organization of the paper could also use work: essential ideas should be distilled into an 8ish page manuscript and the details (which, as I said, are an extremely positive feature of this paper) relegated to an appendix.\n\nDetailed comments:\n- If you have some rough idea of the relative importance of horizontal flipping and other tricks described in 3.3, it would be useful to know. I don\u2019t expect an exhaustive ablative analysis, but even an informal statement as to which elements seem to be the most critical would be interesting.\n- The exposition on \u201cdense application\u201d and why this is a computational savings is less clear than it could be (section 3.5). Basically what you are trying to get across, I think, is that applying a convolutional net to every PxP window of an MxN image, where P << M and P << N, can be performed efficiently by convolving each layer of filters and doing the pooling and so on with the entire image at once, reusing computation for overlapping window regions, and thus it is much more efficient than if you had some arbitrary black box that you had to apply at every window location and reuse no computation whatsoever. However the text was very unclear on this point, and a reader with less background may not understand what you mean (which would be a shame, as this is a very important point, practically speaking). I\u2019m sure I\u2019ve heard this idea spoken of before -- is this the first time it\u2019s appeared in print? If not, I\u2019d make sure to include a citation."}, {"reviewer": "anonymous reviewer be85", "Review": "The paper presents a method for object recognition, localization and detection that uses a single convolutional neural network to locate and classify objects in images. \u00a0The basic architecture is similar to Krizhevsky\u2019s ImageNet 2012 system, but with modifications to apply it efficiently in a \u201csliding window\u201d fashion and to produce accurate bounding boxes by training a regressor to predict the precise position of the bounding box relative to the sliding window detector. \u00a0Numerous tweaks are documented for making this system work well including: \u00a0multi-scale evaluation over widely-spaced scales, custom shifting/pooling at the top layers to help compensate for spatial subsampling of the network, per-class regressors to localize objects relative to the input window, and a simple merging procedure to combine the regressed boxes into final detections. \u00a0This method is shown to achieve state-of-the-art results on ImageNet localization and detection tasks while also being relatively fast.\n\nOverall, this paper presents a very thorough accounting of a fully functioning detection pipeline based on convnets that is the top performer on one of the toughest vision tasks around. \u00a0One of the challenges with reporting results like this is to make them reproducible, and I think this paper includes all of the details that a researcher would need to do so, which is really excellent. \u00a0\n\nThere is currently a lot of work on detection architectures (e.g., from Erhan et al.) but this one is fairly complete and high-performing. \u00a0So, while there aren\u2019t huge new ideas here, considering the depth of experiments and the cornucopia of tricks for maximizing performance the work looks very worthwhile.\n\nPros:\n\nEnd-to-end training of the entire detection and localization pipeline. \u00a0The decomposition into 3 clean stepping stones (classifier, localizer, detector) is a nice strategy.\n\nState-of-the-art detection performance on Image-Net.\n\nCons:\n\nSomewhat \u201cspecialized\u201d convnet architecture to deal with subsampling issues and multi-scale (e.g., it is mentioned that the detector of Fig 11 also uses multiple scales for context)\n\nOther:\nThe text is very detailed in order to make the system reproducible. \u00a0This is great, but perhaps some of the tables and minor notes [parameter settings, etc.] could be moved to an appendix to tighten up the text."}, {"reviewer": "Liangliang Cao", "Review": "It is a very nice work and I enjoy reading the paper. Now I believe the era of 'deformable part model' (by Felzenszwalb, McAllester, Ramanan et al) in CV detection will find its successor soon. We will witness another revolution in the field of object detection after talking about DPM for 5 years. \n\nOne comment of the paper: Is it possible to know the results of applying Overfeat to PASCAL detection dataset? I am also interested the comparison with NEC's Regionlets (No.2 place in ImageNet 2013 detection) on PASCAL. \n\nBut even without results on PASCAL, this paper still deserves an acceptance from any conference."}], "url": "https://arxiv.org/abs/1312.6229"}