{"paper_id": "kklr_MTHMRQjG", "header": "Intriguing properties of neural networks", "abstract": "Deep neural networks are highly expressive models that have recently achieved state of the art performance on speech and visual recognition tasks. While their expressiveness is the reason they succeed, it also causes them to learn uninterpretable solutions that could have counter-intuitive properties. In this paper we report two such properties. First, we find that there is no distinction between individual high level units and random linear combinations of high level units, according to various methods of unit analysis. It suggests that it is the space, rather than the individual units, that contains of the semantic information in the high layers of neural networks. Second, we find that deep neural networks learn input-output mappings that are fairly discontinuous to a significant extend. Specifically, we find that we can cause the network to misclassify an image by applying a certain imperceptible perturbation, which is found by maximizing the network's prediction error. In addition, the specific nature of these perturbations is not a random artifact of learning: the same perturbation can cause a different network, that was trained on a different subset of the dataset, to misclassify the same input.", "reviews": [{"reviewer": "walid saba", "Review": "Very interesting paper with very 'intriguing' results indeed.\nI believe there are serious implications to these findings.\nI wonder if this paper is in anyway related to this ("}, {"reviewer": "Bob Durrant", "Review": "Hi Folks,\nInteresting manuscript that I enjoyed reading, but I have some concerns about how you establish the conclusion that 'The explanation is that the set of adversarial negatives is of extremely low probability, and thus is never (or rarely) observed in the test set, yet it is dense (much like the rational numbers, and so it is found near every\nvirtually every test case.'\nFWIW I think this is very likely the right conclusion, but I really don't think you show that.\n\nFilling in the gaps, I assume you did some sort of monte carlo using the images with Gaussian white noise, found few that were unclassifiable, and then concluded that the adversarial images must have low probability?\nI think you should say that, if that is what you did, and give the number of trials and enough other detail to replicate the experiments. Otherwise I think you should give enough detail so that we can understand how you reached this conclusion - your assertion is so blunt I can't imagine it is just a conjecture, and I don't think I'm the only reader who would like to know how you reached this conclusion.\n\nBut that is not my main concern.\n\nA more serious problem, I think, is that you were probably looking in the wrong place. I can give you both a heuristic argument and a formal one for why I think this:\n A heuristic argument for why you should believe this is that the adversarial images in the paper all look like the originals, while the noisy ones don't.\nA formal argument would be that with n=784, adding Gaussian white noise with std dev sigma is essentially the same as shifting the image in a random direction by sqrt{784}*sigma - this follows from well-known results in measure concentration. Of course, that is not close to the original images or to the adversarial examples that you found.\n\nFortunately this is easy to correct however - take the images that you generated adversarial versions of (or a random subsample of them) and simply do monte carlo with Gaussian white noise added to the original image where sigma = Av. distortion of the adversarial version of that image. Then you are searching the sphere where the adversarial image lies and if there aren't many adversaries there, then you won't find them even with a whole bunch of MC trials.\n\n(Of course, if you do find them then that's even more intriguing - why should small distortions of the images become unclassifiable but large ones not...?)"}, {"reviewer": "Christian Szegedy", "Review": "All the examples shown are strictly random selections. They are not preselected in any ways. I will updated the paper to reflect this fact."}, {"reviewer": "anonymous reviewer 9edb", "Review": "The paper highlights two counterintuitive properties of neural networks: (1) a tendency to encode factors of variation in multiple units rather than single units, and (2) an absence of local generalization. The first hypothesis is tested by finding a set of samples correlating most with certain directions in the feature space and visually inspecting their similarity. The second hypothesis is tested by generating 'adversarial samples' that are close neighbors to the data points but predicted of different class.\n\nI think that the first property makes a lot of sense in the context of sigmoidal networks, as the squashing effect of the sigmoid clearly encourages the representation to be redundantly encoded in a large number of neurons in order to preserve the principal components of the data. However, I am wondering whether these findings apply broadly or whether some modeling decision (e.g. sparsity, type of nonlinearity, competition between units, etc) do favor the alignment of independent components to the canonical coordinates.\n\nThe second property is very interesting and shows that imperceptible deviations from a data point in the input space can cause the neural network to change its prediction. This finding is likely to generate further research on the nature of this effect. In particular, I would find it interesting to study whether these adversarial samples are a degenerate effect caused by the limited capacity of the network or a more fundamental issue with the learning algorithm that would occur for networks of any size.\n\nAuthors provide several examples of adversarial samples for both the MNIST and the image datasets. However, I could not find whether these samples are typical (with distortions corresponding to the average minimum distortion) or whether they have been preselected to have low distortion."}, {"reviewer": "anonymous reviewer e8df", "Review": "This paper studies the interesting case of showing where deep nets fail. It proposes a simple mechanism to demonstrate that even small (visually almost imperceptible distortion) to the training samples can cause drastic changes in recognition (ie, decision boundaries). \n\nThis is a fresh perspective and I applaud the authors for providing interesting diagnostic means to help to understand deep nets.\n\nA few comments:\n\n(1) the paper actually does not state how to address the issue of deep nets learning very rugged decision boundaries:  a few ideas come into mind, though. Using drop-out in training process might eliminate this problem? If # of classes is small, would this problem be less severe? (For example, the required distortion is large so one can detect ).   \n\n(2) I could not follow the analysis in section 4.3 -- not clear where it leads to\n\n(3) Looking at Table 1/2: I notice that the required distortion is larger for more complex models. So perhaps this model needs to be better regularized?  Have you tried contractive autoencoders?", "Reply": "You get the same qualitative effect if the number of classes is small.\n\nThe car example in the paper is performed with a binary classifier. Similar results were obtained on networks other than that of Quoc.\n\nIt would be interesting to study the quantitative dependence of the necessary distortion on the number of classes.\n\nContractive autoencoders were suggested by Yoshua Bengio in 2012, but I have not tried them. [Personal communication]\n\nIt is an interesting observation on the dependence of depth and necessary distortion. In general I would caution to try generalize such a limited set of examples. There was no additional regularization for the deeper model besides the autoencoder. My personal experiment log contains a somewhat larger selection of experiments I will put on my public page as appendix to the paper.  Your statement seems to continue to hold there. Not sure about  convolutional and other types of networks.\nI have a few uneducated guesses why it might be the case in general, but probably my guesses as good as anybodies."}, {"reviewer": "abhishek sharma", "Review": "It is a nicely written and interesting find, but I think some of the unexplained anomalies and deviations from intuition about the behavior of a deep neural network discussed in the paper have some intuitive justification. For example - \n'Moreover, it puts into question the notion that neural networks disentangle variation factors across coordinates.' I think this statement is not fully justified by the observation that even a random direction in the final layers output space can lead to some sort of semantic clustering of the inputs. For instance, lets plot a thousand people on weight vs height 2D graph. Not all, but a lot of straight lines emanating from the origin will have a clearly perceivable semantic meaning associated with them to a human, like a line with very little slope will have super skinny people, line with big slope will have fat people, something in between we will have fit people and so on. I am not saying that height and weight are totally independent but are fairly untangled features. This simply analogy sort of hints towards an intuitive explaination of observance of semantic features when using random directions in higher layer output space because this higher layers have a very rich bag of weakly untangled variations and their random combination can still provide us with strongly perceivable semantic features, because humans are really good at finding patterns in a collection of object.\nRegarding the blind-spot observation, I think the paper sort of played around the well-known insensitivity of human visual system towards high-frequency structured noise in images. Whereas, for machine vision, high-frequency signals play a vital role, therefore, it is easy to make a drastic change for the machine while keeping it almost imperceptible for the humans. The other way round of this phenomenon ie drastic change to the human eye but no change to the machine is already in use as the basis of a very popular edge extractor, 'Edge detection with embedded confidence' by Peter Meer. And such behaviour is sort of expected from a deep network because the final layer neurons when projected back to the visual input nodes using Deconvolution networks are mostly edge-profiles of the objects and thus making small adversarial changes to them is expected to alter the final classification output. \nThe use of this phenomenon in training is interesting, but an evaluation of the incorrect classifications on some datasets like Image-net to see if a small imperceptible change to the wrongly classified images can indeed alter the final label to the correct label of the image, will possibly be a way to improve the results of the network even further.\nThe comments are general observations and my own thoughts after reading the paper and not intended towards any sort of review or feedback, scholarly or otherwise.", "Reply": "Hi Abishek,\n\nI would reflect to your thoughts on the blind spot part.\n\nThanks a lot for the exciting insights on the relationship with the edge detectors. \n\nAccording to your intuition a low-pass filter should remove most of the hardness of the newly generated examples.  A simple enough experiment I will put on top of my todo queue. \n\nBTW, as I mentioned the 'trainig with adversarial examples' section the adversarial examples seem to be most effective (for regularization) if they are generated for the higher layers. The notion of high-frequency noise is not well defined here. \n\nIn general, it seems that adversarial examples are a more general phenomenon than just vision. An exciting item of study is trying the for networks other than vision (e.g. speach and maybe language?)"}, {"reviewer": "Rodrigo Benenson", "Review": "Keeping up the 'let us catch typos' game, I point out:\n\n- 'we perfomed' -> 'we performed'\n\nOn a higher level I have little to add to reviewer 887c, I have the same overall impression of very interesting discovery, but immature insights around it.\n\nThree improvements I might suggest are:\n\n- 'A subtle, but essential detail is'; the description that follows is unclear to me. If this is so essential, please describe in more detail.\n\n- The experiments regarding 'using adversarial examples during training' are somewhat unclear. Is 1.2% obtained using weight decay and dropout, plus the adversarial examples ?\n\n- The paragraph 'For space considerations, ...' is too long and hard to read. Some reformatting would be most welcome.\n\nLooking forward to see where this research direction leads us !", "Reply": "Thanks a lot!\n\nI will upload an updated paper soon. The 1.2% result used weight decay, but no dropout. (update also added in the paper.)"}, {"reviewer": "anonymous reviewer 887c", "Review": "The paper presents some empirical analysis of various types of neural network\nwith regard to finding examples close to the training examples which are\nmisclassified.  It also proposes a technique to train on these perturbed\nexamples, and they mention some improved results on MNIST (it would be nice\nto see more focus on this method, rather than so much on the analysis).\n\nNovelty: it's very novel, I'd say.\nQuality: so-so.  The experimental justification of the training method is quite\n   limited, and there are some flaws in the analysis in my opinion.\n\nPro: The paper has an original idea.\nCon: There are various weaknesses in the analysis and the presentation.\n  The paper gives the impression of being a little half-baked.  But I think it's\n  interesting enough to publish; the issues could probably be fixed without too\n  much trouble.\n\n\n\nDetailed comments are below.\n\n------\ntypo in abstract:\ncontains of->contains\nextend->extent\n\nWhen you say 'Our experiments show that ... properties.'...  I don't think what\nyou are talking about is really a scientific experiment.  It's something\nanecdotal and informal.  A proper experiment would have human test subjects\njudging the extent of semantic similarities of sets of images, where the tests\nhad been chosen using different methods and the test subjects didn't know which\nmethod the set of images had been chosen from.  Until you do this and show\nstatistical analysis of some kind, you can't really say anything for sure.\nOf course, you can still report the anecdotal observations, just don't say they\nare experiments.\n\nWhen you say 'this can never occur with smooth classifiers by their\ndefinition'...  I think your definition must be problematic.  There will always\nbe a classification boundary, and it will always be possible to find images\nthat are close to that boundary.  The only question is how easy is it to find\nsuch images.  Unless you quantify that somehow, and compare across different\nmodeling strategies (e.g. the average distance you have to go to find\nthe negative example), I don't think you can say very much.\n\nFig. 5: I think you can safely assume the reader knows what an ostrich is.\n\nYou might want to check that you don't have your description of hard negatives\nbackwards (I'm not a computer vision expert, but something seems wrong).\n\ndisclassified->misclassified\n\nThe sentence 'The instability is expressed mathematically as...' is to me quite\nproblematic.  I think you are trying to formalize something that is really a little\nvague, and not doing it quite right.\nThe rest of the spectral analysis is interesting though, but with the stuff\nregarding A(omega), I think it would be more useful if you tried to explain in\nwords what is happening rather than force the reader to wade through notation.\n\nI don't think the comparison to the set of rational numbers is useful, given\nthat we know the last hidden layer is a continuous function of the input\n(and thus the sets we're dealing with are much more well-behaved than the\nset of rational numbers).\n\nOverall, some of the analysis and explanation in the paper is a little problematic,\nand sometimes over-stated, but the basic idea is I think quite interesting, and I think\nyou should emphasize more your training method, which in my mind is probably more\ninteresting than the analysis itself.", "Reply": "First of all, thanks a lot for the thorough reading of the paper and the lof of detailed helpful suggestions. \n\nVery soon I will update the paper to incorporate most of the suggestion.\n\nI agree with a lot of the criticisms and will make changes to improve our exposion, I would just like to dispute some of the terminogical points regarding the use of the word 'experiment'.\n\nI agree that the 'visually indistinguishable' part is not verified by a scientific double-blind experiment. However, what we present here is not some subtle statistical phenomenon, but an exceptionally clear effect that works in >99% of  the cases. \n\nYes, it is an informal statement. However, so far nobody who bothered to examine the output of our counter-exemple generator for his/her network felt that there is a need for a clinical trial to verify this statement on human subjects. ;)\n\nI think it is justified to call the other statistical experiments as such. Yes, they are not medical experiments. The term here refers to mathematical experiments. It is common in the domain of computer vision to  demonstrate a method by running computer experiments in controlled setting. Here we try to support cross-model and cross-data set generalization of the adversarial examples. Given the number of examples generated, their error on the randomly chosen data sets, we think that you could agree that the measured error-rates can't be attributed to random chance.\n\nIn general, the word 'experiment' refers to the whole process of creating the counterexample generator, running it with different networks and observe its effect. Which was a well defined, scientific process designed to refute or support certain hypotheses we had come up for the source of the observed qualitative effects.\n\nThere are a lot of open questions regarding the explanation of the observed effects and I don't want to pretend to understand the exact underlying reasons. I must have to wait for my coauthor Wojciech for clarifications or changes to the theoretical section."}, {"reviewer": "David Krueger", "Review": "Having read the paper, I have some more comments.  I can only speak to my own experience, of course, and may be plain wrong about a few things.  Many of my comments are minor edits.  \n\nFirst, it seems to me that x_eps, r, and n_i are all used variously to refer to the 'adversarial shift' (i.e. middle columns of 5a,b).  I don't see any reason not to standardize.\n\nIn the second paragraph of section 1, I would remove 'Moreover'.  In the same paragraph, I did not know what 'up to a rotation of the space' meant.\n\n2nd to last paragraph of section 1: hyperparemeter -> hyperparameter\n\nIn section 3, e_i is undefined.  Also, I would use different names for the different definitions of x'.  I think the sentence before the second definition is not a proper sentence, as well.  And there is an extraneous in ('random basis in for') in the sentence after.  Some quotes point the wrong way as well.\n\nSection 4, paragraph 2: 'In other words...' I would add 'according to [2]' or something else that clarifies that this is the hypothesis represented in that paper, and not an assertion you are making.\n\nparagraph 4:  I think the statement 'this can never occur with smooth classifiers by their definition' is too strong.  While the perturbations are imperceptible, they are not arbitrarily small.  I think this statement would only be justified if you could always change the classification output by changing the intensity of one pixel by the minimum amount possible given your discretization.\n\nparagraph 5:  'finding adversarial' -> 'find adversarial'\n\nFigure 5: I think at least on larger example like this would be nice.  The perturbations might be more perceptible with larger images.\n\nparagraph before 4.1:  I'm not sure what it means 'the training set is then changed...' in general (eg paragraph before 4.3), I was not clear on what dataset (training/test/etc.) was used for what part of the procedure.  \n\nIn 4.1, I don't think D(x,l) was ever defined.  \n\nBased on the last line of 4.1, it appears that your optimization problem uses a soft constraint on the misclassification.  The write-up suggests that you are forcing a misclassification (hard constraint).  \n\nbottom of page 6: 'The columns of the table show the error (ratio of disclassified' -> '...(proportion of misclassified'.   I'm not sure what it means: 'The last two rows are special'.  \n\nTable 3 caption: what does it mean 'trained to study'?  \n\nSection 4.3 I found confusing in general.\nI don't know what 'max(0,x) is contractive' means.  I would also specify the norm that you use for W_k in the next line (I assume operator norm).  \n\nI found the equation for Wx hard to parse and I don't think w_{c,f} is defined.  There are missing commas before and after the ...'s.  \n\n'x_c denoted the c input feature image' -> 'x_c denoted the c-th input feature image' ?\n\nFinally, In the discussion:\n'the set of adversarial negatives is of extremely low probabilities' - did you show this?  \n'...yet it is dense' - this I don't think makes sense mathematically in a discrete space.  I would not use this terminology unless you can prove it using the formal definition.", "Reply": "In 4.1 D(x, l) is is definied by the sentence: 'we denote one such x+r for an arbitrary minimizer by D(x, l)'\n\nI've added some explanation of the minimization approach. (penalty function method).  In fact we aim for the optimal solution of the hard-constrained version which we could find for convex losses, however the neural networks are non-convex, so our adversarial examples might end up to be non-minimal in theory. \n\nI am about to upload an updated version of the paper fixing the issues you raised.\n\nI leave the defense of section 4.3 to Wojciech."}, {"reviewer": "Sam Bowman", "Review": "Very interesting stuff! While I try to think of something intelligent to say, here are a couple more typos from the running text:\n\n'...e [remove many] s...'\n\n '...AlexNet [9].(Left) is correctly...'", "Reply": "Thanks a lot!"}, {"reviewer": "David Krueger", "Review": "This paper appears 7 times on the list of papers.  \n\n 'It suggests that it is the space, rather than the individual units, that contains of' \nshould be \n'...contains'\n\n'Second, we find that deep neural networks learn input-output mappings that are fairly discontinuous to a significant extend'\nshould be \n'...extent'\nalso, 'fairly discontinuous to a significant extent' sounds redundant to me.\n\nLooking forward to reading it!"}], "url": "https://arxiv.org/abs/1312.6199"}