{"paper_id": "MMG-yUjRFZqpn", "header": "A Simple Model for Learning Multilingual Compositional Semantics", "abstract": "Distributed representations of meaning are a natural way to encode covariance relationships between words and phrases in NLP. By overcoming data sparsity problems, as well as providing information about semantic relatedness which is not available in discrete representations, distributed representations have proven useful in many NLP tasks. In particular, recent work has shown how compositional semantic representations can successfully be applied to a number of monolingual applications such as sentiment analysis. At the same time, there has been some initial success in work on learning shared word-level representations across languages. We combine these two approaches by proposing a method for learning compositional representations in a multilingual setup. Our model learns to assign similar embeddings to aligned sentences and dissimilar ones to sentence which are not aligned while not requiring word alignments. We show that our representations are semantically informative and apply them to a cross-lingual document classification task where we outperform the previous state of the art. Further, by employing parallel corpora of multiple language pairs we find that our model learns representations that capture semantic relationships across languages for which no parallel data was used.", "reviews": [{"reviewer": "Karl Moritz Hermann", "Review": "Dear Ryan,\n\nThank you for your comments on our submission. I think you are raising a valid point concerning the dimensionality of our embeddings - this is something we should have explained better in the paper. Effectively, we started using d=128 in the beginning (chosen somewhat arbitrarily based on prior work on distributed representations). Subsequently, we tried tuning this parameter a little bit, but it didn't make much of a difference and so we stuck with the original setting.\n\nFollowing your comments I have re-run all experiments with d=40. The results for this are as follows (matching Table 1):\n\nBiCVM        83.7    71.4\nBiCVM+      86.2    76.9\n\nIf you think this would be useful, we are happy to include these and other results with changing dimensionalities in the paper.\n\nBest\nKarl Moritz"}, {"reviewer": "Ryan Kiros", "Review": "The experiments of Klementiev et al. use d=40 dimensional word embeddings. How come you chose to use d=128? How do we know your improvements over Klementiev et al. are not just from using 3x the embedding dimensionality? I'm not sure that this is a fair comparison."}, {"reviewer": "Karl Moritz Hermann", "Review": "An updated version has now been submitted to ArXiv. I'm not entirely sure how long it will require until it will be publicly viewable. We've changed the title to 'Multilingual Distributed Representations without Word Alignment' in response to the questions raised about the compositional nature of this model.\n\nThe other points have been addressed as stated in my previous post."}, {"reviewer": "Karl Moritz Hermann", "Review": "We would like to thank the anonymous reviewers for their thorough reviews and comments regarding our submission.\n\nSeveral reviewers took issue with our use of the term 'compositional semantics' in relation to an additive composition function (i.e. a bag-of-words model). I agree with reviewer 57c7, who pointed out that such models have been described as compositional in the past, but that the term might be misleading in light of more recent development in compositional semantics. I will update the paper to improve the wording regarding this term, and to clarify the limitations of our model versus fuller compositional approaches.\n\nAs pointed out by reviewers 9aaf and 048b, it would be interesting to see how our objective function performs in combination with a more complex model. I agree that the current BoW model is likely to be insufficient for tasks such as machine translation. The key contribution of the current submission are two: first, learning word embeddings without word alignment, and second the multilingual objective function that we use to achieve this and its parallel use for semantic transfer. I agree that it would be interesting to develop this further by using more complex composition models and also by attempting other tasks such as machine translation - we are currently studying these possibilities for further work.\n\nAlso, thank you for pointing out the Lauly et al. paper from the NIPS workshop; this seems indeed very relevant and I will incorporate and reference this paper accordingly.\n\nTo answer the question raised about sampling by reviewer 57c7: we sampled negative examples at every epoch. We will update the paper to address this and the other minor remarks made in the three reviews, and submit an updated paper to ArXiv in the next few days."}, {"reviewer": "anonymous reviewer 048b", "Review": "This paper introduces an interesting model to learn single word vector embeddings for 2 languages simultaneously.\nIt is applied to a classification task.\n\nThe paper is very clear and well written.\n\nIt does not seem to actually learn compositional semantics in the usual sense:\n\n"}, {"reviewer": "anonymous reviewer 9aaf", "Review": "This paper proposes a simple model to learn word embeddings in a\nbilingual setting. The model learns embeddings at the sentence-pair\nlevel, where aligned sentences are similarly represented. This simple\nmodel does not rely on word alignments or MT system.\n\nThe paper is well written and presents convincing results. My only\nconcern is why the authors use the term 'Models of Compositional\nDistributed Semantics' for a model that is more related to annotation\ntransfer. Moreover, the continuous representation of a sentence is the\nsum of word embeddings. This more related to a bag of word model than\na model that can handle compositionality. A minor remark about the\nresults: the authors observe that BICVM+ outperforms the BICVM model\nwhen training on English data, but performs worse in the opposite\ndirection. Could you comment on that.\n\nThe authors could read the paper of Lauly et al. at the last NIPS\nworkshop on Deep Learning. This is clearly related to this\nwork. Finally, I wonder what could be the performances with more\ncomplex model. For instance, the same authors proposed a translation\nmodel based on recurrent Net that could be used for this task."}, {"reviewer": "anonymous reviewer 57c7", "Review": "The paper considers learning cross-lingual representations of words using parallel data aligned at the level of sentences. A representation of a sentence is just a sum of embeddings of words in the sentence. These representations for pairs of sentences are learned to be similar. Specifically,  a ranking objective is used: for every sentence x in L1, the representation of the aligned sentence in L2 should be closer to the representation of x  than to representations of (a random sample of) other sentences in L2.  The resulting representations are used in transferring  a document classifier across languages (without retraining - i.e.  so called 'direct transfer').  Interestingly, the results are (mostly) better than these with cross-lingual word embeddings of Klementiev et al. (2012) learned using automatically word aligned sentences (as well as significantly better than a machine translation baseline -- which applies the classifier to automatically translated documents). \n\nI find the paper quite interesting and well written. The results are fairly impressive as well. \n\nHowever, I am not entirely convinced that calling this 'multilingual compositional semantics' is very appropriate. Though I agree that a more complex compositional model is probably not necessary for the document classification task (after all, a unigram model achieves competitive results on classifying RCV documents), it seems a bit misleading to call a bag-of-words approach compositional. After all, Klementiev et al. also sum word representation to yield a representation of a document. (However, such added compositional model, of course, have been considered in the past and called compositional -- e.g., Mitchell and Lapata (2008)).  From my perspective, the interesting aspect here is learning word representation without using word alignment information. In this way, the work is similar to the paper of Lauly et al. presented at the NIPS Deep Learning workshop ("}], "url": "https://arxiv.org/abs/1312.6173"}