{"paper_id": "mugzy2nI-Ayi1", "header": "Learning Non-Linear Feature Maps, With An Application To Representation Learning", "abstract": "Recent non-linear feature selection approaches employing greedy optimisation of Centred Kernel Target Alignment(KTA) exhibit strong results in terms of generalisation accuracy and sparsity. However, they are computationally prohibitive for large datasets. We propose randSel, a randomised feature selection algorithm, with attractive scaling properties. Our theoretical analysis of randSel provides strong probabilistic guarantees for correct identification of relevant features. RandSel's characteristics make it an ideal candidate for identifying informative learned representations. We've conducted experimentation to establish the performance of this approach, and present encouraging results, including a 3rd position result in the recent ICML black box learning challenge as well as competitive results for signal peptide prediction, an important problem in bioinformatics.", "reviews": [{"reviewer": "Dimitris Athanasakis", "Review": "We would like to thank the reviewers for their positive feedback and insightful comments. \n\nRegarding the theory supporting the algorithm, something that both reviewers a39c and 89fd have brought up,  \nwe have updated the proof sketch to reflect that the supporting theory relies on Hoeffding's bound for U-Statistics and provides a high-confidence bound provided a sufficient sample size. The 12.5% stems from the fact that the sample size requirement is typically too large in practice. Thus a more conservative approach employing an iterative scheme that rejects a percentage of the features after each iteration was used. We try to interweave this better with the paper by providing an additional example where the technical conditions hold more strongly (in the updated figure 1), and contrasting that with the iterative scheme (figure 2). \n \nRegarding the comparison of our approach to the existing approach employed by SignalP, we agree with reviewer a39c \nthat further testing is required and added further emphasis to this statement in the updated text. The entries of Table 1 were renamed to reflect where they come from, in accordance to the suggestion of reviewer 89fd.  \n \nWe have proceeded to rename the paper 'Principled Non-Linear Feature Selection' in response to the comments of reviewer c360. \n \nRegarding the runtime of our approach, I believe that results could be misleading, owing to the fact that currently the method only employs matlab, whereas stability selection and svms are in c-code with a matlab interface. Informally speaking the method was fast enough to process a single fold in the kaggle contest in roughly an hour. For the signal peptide prediction, this time is vastly increased but is still not substantially worse than competing methods."}, {"reviewer": "anonymous reviewer 89fd", "Review": "The paper proposes a new and fast approach for selecting features using centered kernel target alignment.\n\nAs far as I can tell, there seems to be two contributions: 1. use kernel alignment as a way of selecting features 2. random subsample data so that the method can be made scalable. However, I think the algorithmic innovation seems to be thin.\n\nIn the description of the algorithm (section 4), the paper keeps referring to bootstrap (size). I think that is a misnomer --- the algorithm listing (Algorithm 1) changes to subsampling, which I think what the paper is using.  If the paper is indeed using boostrap (ie, sampling with replacement), the computational complexity would not be reduced as the # of samples (including repeated ones) will be unchanged.  \n\nI do not follow the reasoning in Theorem 3.6 to come up with the 'bottom 12.5% ' features need to be thrown away.\n\nThe paper does not seem to explain what are the methods 'deep with XYZ' in Table 1. \n\nOverall, I think the writing of this paper could use some polishing."}, {"reviewer": "anonymous reviewer c360", "Review": "I fully confess in advance that I am not a very good reviewer for this paper. I have no real research experience with kernel learning or feature selection. As such, I\u2019ll be reporting my scores with low confidence. I haven\u2019t made any attempt to evaluate the sensibility or novelty of the proposed method itself or the related proofs. If none of the other reviewers is able to provide a more confident review I can take some time to study the literature and improve my review.\n\nThe main thing I do feel able to review somewhat confidently is the empirical results. It\u2019s nice that the authors were able to get good accuracy on the Black Box Learning challenge. It looks like that was a fairly competitive challenge, with over 200 competitors, and they took 3rd place. It\u2019s also nice that they were able to improve over SignalP\u2019s state of the art result on the cleavage site prediction task.\n\nOne thing I\u2019m a bit concerned about is whether the proposed method improves over the state of the art for feature selection methods. As the authors state, it is somewhat difficult to compare performance on the cleavage site prediction task. Beyond these issues, it\u2019s also not clear to me that randSel improves over state of the art feature selection methods. It looks like it does improve over RFE, but it would be nice if there was a baseline run by other authors. It\u2019s not clear to me that RFE is a state of the art method to beat though. It would be nice to have more explanation of the significance of beating SignalP.\n\nDetailed comments:\n\nTitle: I consider 'Representation Learning' to be a superset of 'Learning Non-Linear Feature Maps'. So it doesn't make much sense for the former to be an application of the other. Also both are pretty generic. Pretty much any feature learning method except PCA learns non-linear feature maps. Seems like you really could come up with a more informative title.\nI'd argue your title should have the phrase 'Feature Selection' in it. And probably not 'Feature Learning.'\n\nAbstract: \nmissing a space before the paren (this actually happens throughout the paper, not just in the abstract)\n\nFig 1: You might want to put all the different rows on the same scale so that it\u2019s possible to visually compare the height of the bars across rows. \n\nPage 4: \u201cSo far have\u201d: there is a word missing here\n\nPage 6: \u201cThe original data where projected\u201d -> \u201cwere projected\u201d\n\t\u201cThe organizers did not reveal the source of the dataset\u201d: this sounds like the organizers did not reveal the source of the data was SVHN. You might want to specify that you didn\u2019t know it was created by multiplication by a random projection matrix either.\n\t\u201cwhere provided\u201d -> \u201cwere provided\u201d\n\t\u201cranking third in both cases\u201d: \n\t\tHere\u2019s the public leaderboard: "}, {"reviewer": "anonymous reviewer c360", "Review": "I fully confess in advance that I am not a very good reviewer for this paper. I have no real research experience with kernel learning or feature selection. As such, I\u2019ll be reporting my scores with low confidence. I haven\u2019t made any attempt to evaluate the sensibility or novelty of the proposed method itself or the related proofs. If none of the other reviewers is able to provide a more confident review I can take some time to study the literature and improve my review.\n\nThe main thing I do feel able to review somewhat confidently is the empirical results. It\u2019s nice that the authors were able to get good accuracy on the Black Box Learning challenge. It looks like that was a fairly competitive challenge, with over 200 competitors, and they took 3rd place. It\u2019s also nice that they were able to improve over SignalP\u2019s state of the art result on the cleavage site prediction task.\n\nOne thing I\u2019m a bit concerned about is whether the proposed method improves over the state of the art for feature selection methods. As the authors state, it is somewhat difficult to compare performance on the cleavage site prediction task. Beyond these issues, it\u2019s also not clear to me that randSel improves over state of the art feature selection methods. It looks like it does improve over RFE, but it would be nice if there was a baseline run by other authors. It\u2019s not clear to me that RFE is a state of the art method to beat though. It would be nice to have more explanation of the significance of beating SignalP.\n\nDetailed comments:\n\nTitle: I consider 'Representation Learning' to be a superset of 'Learning Non-Linear Feature Maps'. So it doesn't make much sense for the former to be an application of the other. Also both are pretty generic. Pretty much any feature learning method except PCA learns non-linear feature maps. Seems like you really could come up with a more informative title.\nI'd argue your title should have the phrase 'Feature Selection' in it. And probably not 'Feature Learning.'\n\nAbstract: \nmissing a space before the paren (this actually happens throughout the paper, not just in the abstract)\n\nFig 1: You might want to put all the different rows on the same scale so that it\u2019s possible to visually compare the height of the bars across rows. \n\nPage 4: \u201cSo far have\u201d: there is a word missing here\n\nPage 6: \u201cThe original data where projected\u201d -> \u201cwere projected\u201d\n\t\u201cThe organizers did not reveal the source of the dataset\u201d: this sounds like the organizers did not reveal the source of the data was SVHN. You might want to specify that you didn\u2019t know it was created by multiplication by a random projection matrix either.\n\t\u201cwhere provided\u201d -> \u201cwere provided\u201d\n\t\u201cranking third in both cases\u201d: \n\t\tHere\u2019s the public leaderboard: "}, {"reviewer": "anonymous reviewer a39c", "Review": "This interesting submission links prior work on KTA with the question\nof representation learning.  I then provides learning theory to\nunderpin this idea and suggests a nonlinear feature selection\nalgorithm.  Finally, it shows its success for an ICML 2013 benchmark,\nwhere the method finished with a bronze medal. In addition it shows\ninteresting/impressive results on bioinformatics, namely cleavage site\nprediction. This is an interesting paper which should be accepted. \n\nSome suggestions/criticism that may help improving the ms:\n\n1. it would be nice to briefly discuss runtimes\n\n2. so far the LT results seem like a paper within a paper, it would be\nnice to interweave this better, and maybe show a/the toy simulation\nwhat the derived bounds mean on concrete data.\n\n3. The algorithm seems slightly ad hoc, where do the 12.5% come from\n\n4. It would be nice to leave more room to the applications, already\none seems sufficiently convincing\n\n5. Finally, I strongly suggest to further tone down that statement\nthat the present approach is better than ref 14. I do not see this.\nFor this statement extensive testing with p-values and a thorough\nunderstanding of the whys would be required."}], "url": "https://arxiv.org/abs/1312.5869"}