{"paper_id": "NPFdalK3djNuI", "header": "A Generative Product-of-Filters Model of Audio", "abstract": "We propose the product-of-filters (PoF) model, a generative model that decomposes audio spectra as sparse linear combinations of 'filters' in the log-spectral domain. PoF makes similar assumptions to those used in the classic homomorphic filtering approach to signal processing, but replaces hand-designed decompositions built of basic signal processing operations with a learned decomposition based on statistical inference. This paper formulates the PoF model and derives a mean-field method for posterior inference and a variational EM algorithm to estimate the model's free parameters. We demonstrate PoF's potential for audio processing on a bandwidth expansion task, and show that PoF can serve as an effective unsupervised feature extractor for a speaker identification task.", "reviews": [{"reviewer": "Matt Hoffman", "Review": "Please ignore the 'v3' version of the paper on the arXiv; we found a bug in the new speaker identification experiment that invalidates those new results. A new version reverting to the previous results has been submitted and will be posted shortly. We sincerely apologize for this mistake."}, {"reviewer": "anonymous reviewer 62eb", "Review": "Very interesting, well written paper describing a novel model for explaining speech using a set of filters trained in a generative fashion. The paper describes a \u201cproduct of filters\u201d model, proposes a mean-field method for posterior inference and a variational EM algorithm to estimate the model\u2019s free parameters. The paper draws parallels with the proposed approach and homomorphic filtering methods, NMF and its variants for speech analysis.\n\nThe paper however does not have a comprehensive experimental framework to evaluate the usefulness of the proposed model. Bandwidth expansion is a natural candidate for generative models and is an example used with similar techniques in vision - for example the recently proposed sum-product networks [Poon and Domingos, 2011]. The gains using the proposed model are however not very significant. \n\nAlthough the authors do state that they are not attempting to build a state-of-art speaker identification system, the experiment is nevertheless performed in a limited setting. It is hence not possible to completely evaluate the usefulness of features derived using the proposed technique. Can the features derived using the proposed framework generalize to be useful for more realistic speaker identification experiments? Do they generalize well? A natural additional question to ask would be \u2013 are these features useful in recognizing speech sounds since this is a generative model of speech? Can phoneme recognition experiments be performed using TIMIT using the derived features? Do the learnt bases represent classes of sound?", "Reply": "Please disregard the comment about the new speaker ID experiment\u2014we found a bug in our evaluation that invalidates those results."}, {"reviewer": "Matt Hoffman", "Reply": "Please disregard the comment about the new speaker ID experiment\u2014we found a bug in our evaluation that invalidates those results."}, {"reviewer": "anonymous reviewer 6e74", "Review": "Summary: This paper describes a simple generative model for audio spectra from a single sound source. It explains them as products of spectral bases, i.e., sums of log-spectral bases.  The paper describes a mean field variational approximation for the posterior of the activations of each basis given an observed spectrum, and a variational EM algorithm for learning the model parameters.  It applies the model to performing bandwidth extension for unknown talkers and frame-based speaker identification, outperforming reasonable baseline approaches in both.\n\nNovelty and quality: As far as I know, this method is novel.  The background literature review correctly points to the connections with traditional methods of homomorphic filtering and non-negative matrix factorization.  While it is not entirely clear how widely this method can be applied, especially with the high current computational cost of learning the model parameters compared to a traditional fixed basis like mel frequency cepstral coefficients (MFCCs), it does significantly outperform baseline systems on the two experimental tasks described.  Specifically, real sounds only rarely involve a single source, but, as mentioned in the paper, this model could provide a prior on each source in a multi-source mixture.\n\nPros: \n* Interesting model \n* Shows good experimental results \n* Well written\n\nCons: \n* Some mathematical details could be spelled out more explicitly \n* Possibly limited applicability\n\n\nMinor comments:\n\nPage 2: 'Another attractive feature is the symmetry between the excitation signal e[n] and the impulse response h[n] of the vocal-tract filter\u2014convolution commutes.'\n\nPlease explain why this is an attractive feature of the model. It seems to be an additional nuisance degree of freedom in the model.\n\nPage 4: The definition of q(a_{tl}) uses a_{tl}, where everything else uses a_{lt}. Is this intentional?\n\nPage 6: 'The periodic \u201cexcitation\u201d filters tend to be used more rarely, ... the excitation signal generated by a speaker\u2019s vocal folds.'\n\nThis statement seems to assume that multiple excitation bases cannot be combined into a valid excitation, while multiple vocal tract shape bases can be combined to create a valid vocal tract shape.  Can you prove or demonstrate that this is the case?\n\nPage 6: 'We can approximate this posterior using the variational inference algorithm from section 4.1'\n\nCan you show this more explicitly?", "Reply": "As for the computational cost:\n\nIn the interest of simplicity we developed learning and inference algorithms based on LBFGS, whose convergence is reliable but slow. We are currently exploring alternate algorithms that will bring down the computational cost and make the method more practical for industrial applications."}, {"reviewer": "Dawen Liang", "Reply": "As for the computational cost:\n\nIn the interest of simplicity we developed learning and inference algorithms based on LBFGS, whose convergence is reliable but slow. We are currently exploring alternate algorithms that will bring down the computational cost and make the method more practical for industrial applications."}], "url": "https://arxiv.org/abs/1312.5857"}