{"paper_id": "PiMICQ7tbB-Aa", "header": "Distinction between features extracted using deep belief networks", "abstract": "Data representation is an important pre-processing step in many machine learning algorithms. There are a number of methods used for this task such as Deep Belief Networks (DBNs) and Discrete Fourier Transforms (DFTs). Since some of the features extracted using automated feature extraction methods may not always be related to a specific machine learning task, in this paper we propose two methods in order to make a distinction between extracted features based on their relevancy to the task. We applied these two methods to a Deep Belief Network trained for a face recognition task.", "reviews": [{"reviewer": "anonymous reviewer 0067", "Review": "The submission investigates how to distinguish between relevant and irrelevant features for a given task, of a given trained model. The context seems to be that of face recognition. The proposed methods of analysis are not explained particularly well -- the \u201cmethod of variances\u201d and \u201cmethod of relative activities\u201d sections would benefit from some equations that explain the actual details on a more-than-intuitive level.\n\nThe experimental setup is rather unique (and strange) -- it looks like the authors are training on a dataset of faces corrupted by digit images, and then presenting either images or digits to measure the relative importance of the features using the two methods exposed in Section 3. The thresholds in 4.1 and 4.2 seem rather arbitrary -- any particular insights into how the results change as they change? Figures 2-a and 2-b, referenced in the same sections, seem non-existent, too, unless the authors refer to Figure 3 instead?\n\nFigure 3 is confusing and not sure it adds much value to the paper. While Figure 4 has some interesting results, in and of itself it does not make a paper. With some more analysis as to why and how their methods work, this body of work could be interesting to the community, as a way to analyze a trained model. But as it stands, it\u2019s unclear whether their results are simply an artefact of the actual training data being bimodal and thus the hidden units modeling that efficiently..."}, {"reviewer": "anonymous reviewer 0067", "Review": "The submission investigates how to distinguish between relevant and irrelevant features for a given task, of a given trained model. The context seems to be that of face recognition. The proposed methods of analysis are not explained particularly well -- the \u201cmethod of variances\u201d and \u201cmethod of relative activities\u201d sections would benefit from some equations that explain the actual details on a more-than-intuitive level.\n\nThe experimental setup is rather unique (and strange) -- it looks like the authors are training on a dataset of faces corrupted by digit images, and then presenting either images or digits to measure the relative importance of the features using the two methods exposed in Section 3. The thresholds in 4.1 and 4.2 seem rather arbitrary -- any particular insights into how the results change as they change? Figures 2-a and 2-b, referenced in the same sections, seem non-existent, too, unless the authors refer to Figure 3 instead?\n\nFigure 3 is confusing and not sure it adds much value to the paper. While Figure 4 has some interesting results, in and of itself it does not make a paper. With some more analysis as to why and how their methods work, this body of work could be interesting to the community, as a way to analyze a trained model. But as it stands, it\u2019s unclear whether their results are simply an artefact of the actual training data being bimodal and thus the hidden units modeling that efficiently..."}, {"reviewer": "anonymous reviewer 29d8", "Review": "This work proposed two methods to make a distinction between features learned by DBN. The authors seemed to imply that DBN could be capable of learning compositional features from the training data. However, I do not think DBN can learn those features easily. \nThe method of variances is kind of counter-intuitive. While a average face feature could be activated by most of face images, the variance of its activation could be very small. According this method, the average face feature would be seen as a non-face node."}, {"reviewer": "anonymous reviewer 0df6", "Review": "Two methods are proposed for making a distinction b/t extracted features based on relevancy. The first method is looking at the variance of hidden nodes when inputs vary on some aspects but stay the same in others.  The second method is looking at the relative activity of the hidden nodes when additional input features are subsequently added. The hope is to identify some \u201cGrandmother\u201d like cells in a DBN which would be selective of faces and digits.\n\nOverall I think the paper is somewhat interesting in it\u2019s motivation of probing the DBN to see the meaning of each hidden layer units. However, DBNs are notoriously hard to interpret due to the fact that it is a distributed representation. While i think the paper is in the right direction, the method presented are very simplistic and it is not clear what can be concluded. In particular, it is somewhat expected that if we remove the nodes which are modified by when a face image changes a face+digit, then what remains can better reconstruct the face. Is training performed sequentially on the three datasets 1,2, and 3?\n\nAnother issues is that the digit is just so much brighter than the face, making this problem easier, what happens if you use the digit with the similar intensity as the face? my suspicion is that the DBN would have a lot of trouble with that.\n\nPossible way to make this a good paper would be to use the hidden node discovered as a form of detector. It would perform worse than a discriminatively trained detector but it would be interesting to see a comparison."}], "url": "https://arxiv.org/abs/1312.6157"}