{"paper_id": "qqUMpzcNswxen", "header": "Deep Convolutional Ranking for Multilabel Image Annotation", "abstract": null, "reviews": [{"reviewer": "anonymous reviewer 2486", "Review": "*Summary*\nThis paper proposes to use convolutional networks for image annotation. Great care is given to the selection of an appropriate loss function as well as the comparison with reasonable baselines over the NUS/Flickr dataset. The paper reads well, gives enough context and references to related work. It\nreports improvement with respect to the state of the art. In my opinion, this is a good paper, with the only drawback that the evaluation is conducted over a single dataset, with a vocabulary of only 80\n tags, which is small compared to realistic application.\n\n *Detailed review*\n I would like to clarify only two points regarding (i) small tag vocabulary in NUS, (ii) relationship with imageNET classification. \n\n (i) the vocabulary of NUS/Flickr is only 80 different tags. This is very  small compare to web annotation or even personal photo gallery annotation. In particular, the fact that your network has 80 outputs make the evaluation of the output score of every tag for every forward/backward step very\n inexpensive (compared to evaluating the rest of the network). This is very different from the initial conditions in which the WARP loss was introduced. Loss functions which does not rely on sampling can perfectly be used and might be better. I notably think at  T. Joachims, A Support Vector Method\n for Multivariate Performance Measures, Proceedings of the International Conference on Machine Learning (ICML), 2005 or Ranking with ordered weighted pairwise classification from Usunier et al 2009. More fundamentally, I feel that focussing on 80 tags hides most of the interesting challenges in real tasks: reasonable 10k vocabularies implies greater perplexity and therefore require greater performance for the CNN. They also suggest giving greater importance on tag coocurences and language modeling to understand unlikely predictions like ocean and lake tag in the same image from your example.\n\n (ii) I appreciate that you highlight the difference between annotation and classification, and that you want a model trained from scratch for fair comparisons (Section 2.1). However, the CNN trained over ImageNET of [20] or subsequent work has spurred hopes for a universal vision machine. If large\n CNNs trained over 1k and 20k imagenet were available to you, it might be interesting to evaluate how a NUS model initialized from those would perform. This would be an additional result which would not replace the network trained from scratch but rather analyze the reusability of the\n imageNET network and give perspective on the importance of the imageNET breakthrough.\n\n *Comments along the text*\n Page 2. 'parametric model might not be sufficient to capture the complex distribution of the data' this sentence should be removed. Parametric model can model complex distribution for non linear problems. Use a different wording to introduce that nearest neighbor approaches are competitive.\n Page 3. 'staircase weight-decay' I am not familiar with this name, which is rather explicit though. You might want to sprincke references over neural net specific terms to allow other ML and core vision people to read your paper. E.g. references after momentum, asynchronous SGD, staircase weight\n decay might help. \n Page 3 'posterior probability of an image x_i and class j' the wording is wrong, it should read posterior of class j given image x_i.\n Page 5 'weight kNN' should read 'weighted kNN'", "Reply": "Thanks for the comments.\n\n'Comment 1 about tag dictionary size'\n\nThe NUS-WIDE dataset is the largest publicly available annotated multilabel dataset we have access to. We agree with the reviewer that the power of Wsabie is not fully explored for this dictionary size, however, our goal is to show that the weighted ranking formulation can effectively improve multilabel annotation accuracy. The reason we use WARP is because it is easy to implement, and potentially scales well to large dictionary size.\n\n\n'Comment 2 about reuse ImageNet model'\n\nAs mentioned in our response to reviewer 2, we have tried to initialize the model with ImageNet pretrained model, and have further obtained around 2% improvement for all methods. However, our goal is to evaluate which loss is the best for multilabel prediction problems, so we directly trained the model from scratch to provide the cleanest experimental setting."}, {"reviewer": "anonymous reviewer 3761", "Review": "- Are there some labels more important than others, or shouldn\u2019t we employ taxonomic distances ? \n- How make model to decide on number of output labels ? \n- It would be nice to have experiments comparing it to the network pretrained on imagenet.", "Reply": "'Are there some labels more important than others, or shouldn\u2019t we employ taxonomic distances' \n\nThe standard evaluation protocol described in [25] is used in our work, and we have evaluated different methods by 5 different protocols (which is more comprehensive than [25]). The overall precision and overall recall emphasis on frequent tags, and per-class recall and per-class precision emphasis on infrequent tags. So we believe the evaluation is thorough. The point raised by the reviewer is definitely interesting, however we believe it is orthogonal to this paper.\n\n\n'How make model to decide on number of output labels ?'\n\nWe follow the standard practice in most previous works [25,14,26] to fix the number of output labels for each image to 3 or 5.\n\n\n 'It would be nice to have experiments comparing it to the network pretrained on imagenet.'\n\nWe have tested it before and found using pretrained weights can further improve the performance for around 2% for all methods. However, our goal is to perform a clear comparison between different loss functions for multilabel annotation, and want to use the simplest experimental setting, so we did not includ the pretrained results."}, {"reviewer": "anonymous reviewer 3761", "Review": "* A brief summary of the paper's contributions, in the context of prior work.\nPaper considers several loss functions for multiclass label annotation.\n\n* An assessment of novelty and quality. \nThey have done good job, and ran experiments on the proper, large scale, however work is not very novel (or creative).\n\n* A list of pros and cons (reasons to accept/reject).\npros:\n- Gives reasonable advice, which loss function use for multi class image annotation.\n\ncons:"}, {"reviewer": "anonymous reviewer 0cae", "Review": "This paper proposes to use deep convolutional neural network (DCNN)combined with ranking training criteria to attack the multi-label image annotation problem. DCNN is now widely used in image classification (annotation) problems. Applying it to multi-label image annotation problem is a natural extension of prior arts. The combination of DCNN with the ranking training criteria to solve the multi-label annotation problem, however, is new and is the main contribution of the paper.\n\nThe authors evaluated the proposed approach on the NUS-WIDE dataset, which is considered the largest multi-label image dataset available. They compared the proposed approach with baselines that use manually designed image features and showed that the proposed approach outperforms the baseline by 10%. They claim that this is mostly due to the features learned from DCNN. They also compared several different ranking criteria and demonstrated that the weighted Approximate Ranking (WARP) criterion performs the best.\n\nWhile their results are not surprising given the recent success of DCNN on image classification tasks, this paper does show a novel usage of the DCNN on the multi-label image annotation problem. \n\nIf the paper is to be improved, I would suggest to include published results on the same task as part of the baselines. This allows readers to understand better the position of the proposed approach.", "Reply": "Thank you for the comments!\n\nSince most previous work on this dataset use a smaller subset of this whole dataset (such as NUS-light), or use their own training/testing split, directly comparing the numbers seem to be hard. However, we included a baseline recognition system [11] which is published in IJCV 2013. This baseline is based on a combination of 9 different visual features, and can be considered to be a quite strong baseline."}], "url": "https://arxiv.org/abs/1312.4894"}