{"paper_id": "R5x4IjeY4351N", "header": "Why does the unsupervised pretraining encourage moderate-sparseness?", "abstract": "It is well known that direct training of deep multi-layer neural networks (DNNs) will generally lead to poor results. A major progress in recent years is the invention of various unsupervised pretraining methods to initialize network parameters and it was shown that such methods lead to good prediction performance. However, the reason for the success of the pretraining has not been fully understood, although it was argued that regularization and better optimization play certain roles. This paper provides another explanation for the effectiveness of the pretraining, where we empirically show the pretraining leads to a higher level of sparseness of hidden unit activation in the resulting neural networks, and the higher sparseness is positively correlated to faster training speed and better prediction accuracy. Moreover, we also show that rectified linear units (ReLU) can capture the sparseness benefits of the pretraining. Our implementation of DNNs with ReLU does not require the pretraining, but achieves comparable or better prediction performance than traditional DNNs with pretraining on standard benchmark datasets.", "reviews": [{"reviewer": "anonymous reviewer 090b", "Review": "The authors study the effect of unsupervised pre-training on the levels of sparsity that hidden nodes have. The claimed contributions are that unsupervised pre-training encourages what they call \u201cmoderate-sparseness\u201d and that their implementation of relus + fully-connected nets achieves state of the art performance on a number benchmarks such as MNIST, CIFAR-10 and JC-NORB.\n\nI have found the beginning of Section 3.1 very confusing to read -- it requires some rephrasing (what is 1/R?) especially since it seems relatively crucial in terms of understanding the authors\u2019 main point. The forward-references at the end of that Section are also confusing the reader. In Section 3.2 -- where does the 0.15 threshold come from? Why is there a jump in Figure 1? What happened at epoch 25?\n\nIt would be best if the authors put the best comparable numbers in the tables along with their *citations*, rather than just presenting their own results or other results without references attached.\n\nIt is unclear how the authors\u2019 implementation of relus + fully-connected nets differs from the one initially proposed by Hinton and collaborators (as well as the others cited)? Why are the authors\u2019 results better?\n\nI\u2019d say the paper is strangely structured/motivated: the claim that ReLUs produce sparser activations is believable and they measure it. The authors also measure that rectified units achieve better test errors (well-known before that). But I don\u2019t see any evidence that sparsity of rectified units causes better generalization -- rectified units have other properties (such as the absence of saturation) that could be hypothesized to make them generalize better. I would say that the authors should work on finding a mechanism for why sparsity specifically is beneficial in supervised-backprop nets (the fact that unsupervised pre-training *also* leads to sparse representations, according to their metrics, is not a mechanism in and of itself). \n\nGenerally the paper has a number of typos, awkward phrasings (e.g., \u201cthis paper does not intend to obliterate the contribution\u201d)", "Reply": "\textbf{Response:} to Anonymous 090b. Please put the responses into the NIPS 2013 latex and generate PDF because there are some tables and equations. \n\nThanks for your detailed comments. The typos will be corrected in the coming version and the following are our responses to Anonymous 090b' comments.\n\n\textbf{Question 1:} emph{I have found the beginning of Section 3.1 very confusing to read -- it requires some rephrasing (what is "}, {"reviewer": "anonymous reviewer ae2f", "Review": "Brief summary of paper: \nThe paper is an experimental evaluation of the sparsity levels of representations in deep networks learned through several approaches. These include 3 types of non-linearity (sigmoid, tanh and ReLU), with and without pretraining, and dropout. The main findings/conclusions are that pretraining yields a moderate level of representation sparsity, and that using their brand of purely supervised ReLU with dropout yields even sparser solutions and better classification on MNIST/CIFAR10/NORB.\n\nAssessment:\nOverall I see very little originality in this paper, the conclusions are not really novel, and the paper is very unclearly written. Contrary to its title it does not bring any insight as to '*WHY*  unsupervised pretraining encourages moderate sparseness'. A thorough and clearly presented empirical study of the sparsity properties of representations learned by different algorithms could have been interesting. But unfortunately, in its current state this work is extremely unclearly written, with confusing terminology, vague reasoning, poor structure, and insufficiently described experimental setup. The classification performance obtained with 'their ReLU' appears rather good, but the paper does not investigate in depth what would explain the improvement over the other ReLU results from the literature they report. If their approach/implementation indeed has an advantage, its specificity should be explained and evaluated in detail. It is unclear from the writeup whether hyper-parameters were chosen/tuned using proper methodology.\n\nPros & Cons:\n- lack of originality\n- very unclear, confusing, writeup", "Reply": "\textbf{Response} to Anonymous ae2f. Please put the responses into the NIPS 2013 latex and generate PDF because there are some tables and equations. \n\nThanks for your detailed comments. The typos will be corrected in the coming version and the following are our responses to Anonymous ae2f' comments.\n\n\textbf{Question 1:} emph{Overall I see very little originality in this paper, the conclusions are not really novel, and the paper is very unclearly written. Contrary to its title it does not bring any insight as to '*WHY* unsupervised pretraining encourages moderate sparseness'. A thorough and clearly presented empirical study of the sparsity properties of representations learned by different algorithms could have been interesting. But unfortunately, in its current state this work is extremely unclearly written, with confusing terminology, vague reasoning, poor structure, and insufficiently described experimental setup.}\n\n\n\textbf{Response 1:} The reason is as following:\n\nIn DNNs with the unsupervised pretraining, the promoted procedure of the data can be described at many levels (Lee2009,Bengio2012): raw-level features (data samples), lower-level features (edges and object-parts) and higher-level features (objects). Correspondingly, the first, second, and third hidden layers of DNNs learn edge detectors, object parts, and objects respectively. Those detectors (filters) are visualized in Fig. 1 of citep{Erhan2010} (or Fig. 3 of citep{Lee2009}). This shows that the higher layer learned to combine the lower layer's feature into more complex, higher-level feature.\n\nWe assume that the number of classes (or object categories) is "}, {"reviewer": "anonymous reviewer 230f", "Review": "Review Summary\nThis work empirically show the unsupervised pretraining encourage moderate-sparseness in a deep neural network, which could lead better classification performance. The author also proposed that ReLU DNNs without pretraining could also lead to moderate-sparseness.  \nThough empirically studying sparseness in DNNs is interesting and important, this submission could potentially be improved. \n\nPros\n-- well-written and organized\n-- an interesting idea for exploring the role of unsupervised pretraining in deep learning\nCons\n-- I am not convinced that the unsupervised pretraining itself indeed encourage sparseness in higher layers of networks. As mentioned in your paper, those pretraining algorithms try to decrease the reconstruction errors under some constrains. If those models were trained longer enough, the resulting networks could try their best to exploit their capacity to reconstruct data (in other word, the networks could become less and less sparse). \n-- the author did not explain how the hyperparameters (of SPM, AIM and AOM) were chosen. The different hyperparameters could lead to very different conclusions. \n-- the sparseness measurement used in this paper is improper. The activations of sigmoid and tanh are unlike ReLU, at a certain scale. You could consider Hoyer\u2019s sparseness measure (Hoyer 2004) which is on a normalized scale and avoids the hyperparameter epsilon in the SPM.\n-- AOM should also consider the activation overlapping between samples from any number of classes'. \n\nMinor comments\nParagraph 4, page 2: The results of your DNNs are not state of the art for those data set.\nSection 3: I cannot understand assumption 2.\nIn equation 2, what ", "Reply": "\textbf{Response} to Anonymous 230f. Please put the responses into the NIPS 2013 latex and generate PDF because there are some tables and equations. \n\nThanks for your detailed comments. The typos will be corrected in the coming version and the following are our responses to Anonymous 230f' comments.\n\n\textbf{Question 1:} emph{-- I am not convinced that the unsupervised pretraining itself indeed encourage sparseness in higher layers of networks. As mentioned in your paper, those pretraining algorithms try to decrease the reconstruction errors under some constrains. If those models were trained longer enough, the resulting networks could try their best to exploit their capacity to reconstruct data (in other word, the networks could become less and less sparse). -- the sparseness measurement used in this paper is improper. The activations of sigmoid and tanh are unlike ReLU, at a certain scale. You could consider Hoyer's sparseness measure (Hoyer 2004) which is on a normalized scale and avoids the hyperparameter "}], "url": "https://arxiv.org/abs/1312.5813"}