{"paper_id": "srkxraD5zAMCX", "header": "Correlation-based construction of neighborhood and edge features", "abstract": "Motivated by an abstract notion of low-level edge detector filters, we propose a simple method of unsupervised feature construction based on pairwise statistics of features. In the first step, we construct neighborhoods of features by regrouping features that correlate. Then we use these subsets as filters to produce new neighborhood features. Next, we connect neighborhood features that correlate, and construct edge features by subtracting the correlated neighborhood features of each other. To validate the usefulness of the constructed features, we ran AdaBoost.MH on four multi-class classification problems. Our most significant result is a test error of 0.94% on MNIST with an algorithm which is essentially free of any image-specific priors. On CIFAR-10 our method is suboptimal compared to today's best deep learning techniques, nevertheless, we show that the proposed method outperforms not only boosting on the raw pixels, but also boosting on Haar filters.", "reviews": [{"reviewer": "Balazs Kegl", "Review": "'To my opinion, an important contribution is the use of boosting in an auto-associative setting to select a subset of pixels that is used to select the neighborhoods, however, this appears in the paper only as a speedup trick. From an image processing viewpoint, what are these most predictive pixels picked up by Adaboost? This actually a very neat representation learning trick I have not seen elsewhere.'\n\nThe selected pixels (and channels) are in Figure 2. \n\nWe have experimented for a while with autoassociative boosting about six years ago to replace autoassociative neural nets, it worked nicely for the first layer but stacking never improved the error, so we dropped the line of research."}, {"reviewer": "anonymous reviewer 1142", "Review": "In its present form, the paper proposes a very neat task-agnostic feature transformation trick that brings Adaboost nearly up to the start of the art on image classification tasks, which is quite a feat. The trick seems so far to bring top performance on tasks where there are known feature correlations (like pixels) but not on others.\n\nWhile it would be a nice workshop contribution  in its present state, I think it requires some work to be a significant contribution to representation learning: some important aspects of the work are not properly explained, and experiments only use one algorithm (Adaboost.MH with hamming trees) and would need to be try  other algorithms (SVMs, first layer of deep learning).\n\nThe authors take the traditional local smoothing and edge detection used for image processing, but remove all knowledge that pixels are adjacent. Thus the smoothing can be done on any set of pixels provided they are similar (measured through correlation). The correlation is measured again between smoothed pixels to determine edges. I assume this is original, as in its exhaustive form, one would probably discard the method as computationally not practical (I assume it scales as O(N_example*N_features^2)).\nTo my opinion, an important contribution is the use of boosting in an auto-associative setting to select a subset of pixels that is used to select the neighborhoods, however, this appears in the paper only as a speedup trick. From an image processing viewpoint, what are these most predictive pixels picked up by Adaboost? This actually a very neat representation learning trick I have not seen elsewhere."}, {"reviewer": "anonymous reviewer 1cb9", "Review": "The paper proposes a method for feature construction/augmentation based on grouping features that correlate, in an iterative/recursive fashion. These feature sets are validated using AdaBoost.MH and a few interesting results on MNIST and CIFAR are presented, as well as a few interesting negative results. The authors claim a relatively state of the art results on MNIST (without using image priors). While the CIFAR results are not as competitive with state of the art, they do improve on the boosting state of the art.\n\nThe method is relatively simple: group features that correlate, then connect neighborhood features that correlate and construct edge features by subtracting the correlated neighborhood features. The authors suggest this was inspired by biology/Haar/Gabor filters, but I am not sure this connection is particularly informative.  A hybrid AdaBoost.MH with decision stumps (for picking the features to augment) with AdaBoost.MH + Hamming trees was run.\n\nOn MNIST this gives a 0.94% test error, which sounds like state-of-the-art(-ish). Interestingly, on CIFAR-10 this kind of approach beats boosting approaches on top of Harr filter features (though is not very close to state of the art!). For smaller and lower-dimensional datasets, the gains are relatively small -- the authors hypothesize that this is because the dimensionality is too low basically.\n\nWhy not run something like a linear SVM on top of the constructed features? I think it would be an interesting result too. Or even just a second-degree polynomial expansion of the feature-set found by the decision stump phase? Would make the results in this paper stronger, in my opinion: right now, it\u2019s unclear if the extra gain is because of the clever selection of which features to combine or simply because features were combined at all.", "Reply": "'Why not run something like a linear SVM on top of the constructed features?'\n\nYes, this could be done, although note that after 400K iterations (of 4-leaf trees), boosting is using all features several times, so SVM would be just another way to combine all the features. I chose boosting because we have a good 'in-house' implementation, because on raw pixels on MNIST it outperforms SVMs (1.25% vs 1.4%), and in general, our implementation of AdaBoost.MH is on par with SVMs (see my other submission to ICLR)."}, {"reviewer": "anonymous reviewer d9df", "Review": "The paper proposes a new method for constructing features by hand. Features are constructed as follows: First, one averages the input dimensions that are strongly correlated (for images these will be nearby pixels). Then one attaches to the result the differences between subsets of pairs of these features which are still highly correlated.\n\nThe beginning of the introduction is just a copy of the abstract. \n\nI find the section Constructing the representation hard to follow. It would help to use a much more detailed description. Also, under 1. the term 'features' is used to refer to the learned representations as well as to pixels (second page, after 1.), under 2. the same indexes are used on the two sides of the equal sign, and under 3. defining the symbol 'equal with triangle on top' would help.\n\nThe construction of the features reminded me of locally binary patterns LBP (unless I am missing something), so it feels like it would be good to compare to these.\n\nWhile 94 errors on MNIST seems decent, the method contains a huge number of hyperparameters (first level correlation threshold, second level correlation threshold, several boosting parameters, size and choice of random matrix to estimate correlations etc. etc. etc.).\n\nThe result of CIFAR-10 seems encouraging. Is this without image priors (that is, permutation invariant)?\n\nAs is, I find the paper quite hard to read, and it will be important to improve the clarity of the presentation.", "Reply": "'I find the section Constructing the representation hard to follow. It would help to use a much more detailed description. Also, under 1. the term 'features' is used to refer to the learned representations as well as to pixels (second page, after 1.)',\n\nThis is sort of an intended terminology since 1) all these features (including pixels) are representations of the input, and 2) the procedure can be applied recursively, as in stacked autoencoders. I added the adjective 'raw' in some places where where it is clear that I am talking about pixels. I also added a footnote to make this choice explicit.\n\n'under 2. the same indexes are used on the two sides of the equal sign'\n\nCorrected. Thanks for spotting this.\n\n'and under 3. defining the symbol 'equal with triangle on top' would help.'\n\nIt was a shorthand for defining (a notation for) elements of the edge set, and I agree that it is confusing. I split the sentence and made the definition of the notation explicit.\n\n'The result of CIFAR-10 seems encouraging. Is this without image priors (that is, permutation invariant)?'\n\nYes, that's exactly the point.\n\n'As is, I find the paper quite hard to read, and it will be important to improve the clarity of the presentation.'\n\nPlease point out the exact problems and confusing notations/notions, I would be happy to take your concrete suggestions into account.\n\nI uploaded a new version to arxiv with the suggested corrections."}], "url": "https://arxiv.org/abs/1312.7335"}