{"paper_id": "uuFh8Ny0WPw0B", "header": "Some Improvements on Deep Convolutional Neural Network Based Image Classification", "abstract": "We investigate multiple techniques to improve upon the current state of the art deep convolutional neural network based image classification pipeline. The techiques include adding more image transformations to training data, adding more transformations to generate additional predictions at test time and using complementary models applied to higher resolution images. This paper summarizes our entry in the Imagenet Large Scale Visual Recognition Challenge 2013. Our system achieved a top 5 classification error rate of 13.55% using no external data which is over a 20% relative improvement on the previous year's winner.", "reviews": [{"reviewer": "anonymous reviewer 98fd", "Review": "This paper presents a few simple tricks to improve over Krizhevsky's model:\n- use full image instead of cropped square by Krizhevsky.\n- jitter in image contrast, brightness and color.\n- add scales at testing time (+ greedy algorithm to keep it fast).\n- extra high-resolution model trained on scaled up patches (essentially adding scales at training time).\n- turning off dropout for the last learning rate decrease.\n\nNovelty: nothing new here, just the application of existing techniques.\n\nPros:\n- very good result on ILSVRC13 classification.\n\nCons:\n- the improvements proposed are not novel but the paper can be made interesting if details are given. For example, instead of just mentioning contrast, brightness and color jitter, explain precisely what operations are taking place here. And what do the .5 and 1.5 values correspond to?\n- the greedy algorithm is missing some details: 'starts with the best prediction', how is best defined here? highest confidence? out of which views? how many views are initially computed?\n- the training images for the high-res model differs from run-time, scaling up patches of 128x128 is in my opinion not as good as using the full-resolution image directly like at run-time. Although this approach possibly introduces noise that is beneficial for the case of images smaller than 224x224 which need to be scaled up at test time. And as mentioned, this augments the data considerably so it is a good thing."}, {"reviewer": "anonymous reviewer a60d", "Review": "This paper goes over data augmentation techniques that give 20% relative improvement over last year's winner of ILSVRC.\n\nFirst set of improvements is to augment training data with more kinds of distortions -- 2x zoom, different cropping approach. The second set of improvements is to combine predictions on multiple transformed versions of the image.\n\nBecause there are 90 transformed versions of the image, computing all 90 is too expensive, so they do a greedy approach where they combine predictions until there is 'no additional improvement.'\n\nThe combination approach is missing important details. How are predictions combined? What does 'no additional improvement' mean in regards to greedy method? This greedy method works on individual examples, but without knowing true labels, what's an 'improvement'?  Graph in Figure 3 shows that greedy method slightly outperforms the method which uses 'full 90 predictions', which seems counter-intuitive, but then I can't tell if it's an error because precise description of combining method is missing\n\nOverall this paper is slightly interesting because it measures the impact of additional transformations, but hardly novel since these approaches were tried before. Also, it is interesting because it shows that ImageNet is going the way of 'MNIST research', where authors focus on incremental improvements tailored for a specific dataset (in this case -- better cropping) and might not transfer to other datasets"}, {"reviewer": "anonymous reviewer e5ff", "Review": "This paper details some training tricks such as transformations, combining multiple scales and different views for ILSVRC challenge which performed pretty well compared to last years winner.\n\nWhile there is nothing dramatically novel in terms of deep learning model or theory, empirical performance is the invisible hand that guides deep learning and generates buzz. So it is important to publish practical tricks-of-the trade and implementation details that can benefit all researchers."}], "url": "https://arxiv.org/abs/1312.5402"}