{"paper_id": "UVH3Ucewd-IXZ", "header": "Deep learning for neuroimaging: a validation study", "abstract": "Deep learning methods have recently enjoyed a number of successes in the tasks of classification and representation learning. These tasks are very important for brain imaging and neuroscience discovery, making the methods attractive candidates for porting to a neuroimager's toolbox. Successes are, in part, explained by a great flexibility of deep learning models. This flexibility makes the process of porting to new areas a difficult parameter optimization problem. In this work we demonstrate our results (and feasible parameter ranges) in application of deep learning methods to structural and functional brain imaging data. We also describe a novel constraint-based approach to visualizing high dimensional data. We use it to analyze the effect of parameter choices on data transformations. Our results show that deep learning methods are able to learn physiologically important representations and detect latent relations in neuroimaging data.", "reviews": [{"reviewer": "Sergey Plis", "Review": "Computation for Section 3.3 have just completed and I have uploaded the revision to arxiv with updated Table 1. Temporarily, while arxiv is processing the paper I am keeping the current version at "}, {"reviewer": "anonymous reviewer d143", "Review": "The English in the paper is poor making it hard to read. \n\nThere is a lot of material and the changing architectures, datasets and tasks make the whole thing hard to follow. \n\nYou introduce sMRI without explaining it. \n\nYou don't describe the temporal nature of your data. (I presume it's one volume every T ms, but you have to say that and tell us what T is. \n\nThe datasets are specialist and results aren't compared to other authors, so it's hard to really understand performance. \n\nThe task in 2.2 is not explained. What are the classes in the GT. is this really an unsupervised task? The results (what is being measured) in Fig 1c are not clear. Please elucidate. \n\nConventionally I believe a DBN is a stacked RBM - when you add a classification layer, please call it a DNN.\nFor the RBM / DBN please specify the connectivity. Are inputs / hidden connected all:all?\n\n\nBy adding a second layer you don't explicitly show that depth helps the improvement could equally be because adding more parameters helps. You need to show the correct control experiment. Adding a 3rd layer may similarly be causing you to overfit because you added too many parameters. \n\nYou don't explain the reasoning behind applying ICA spatially and the DBN temporally. \n\nIs the ICA implementation on a GPU too? \n\nYou say 'The training accuracy at the fine tuning stage for the 335 subjects was: 82%, 87%, and 86.5% respectively.'\nWhat are these 3 numbers? You can't say respectively in this sentence.", "Reply": "Thank you for your comments and suggestions. We have heavily modified the paper which should have covered most if not all of your concerns. However, multiple datasets, architectures and concepts are still there as all of them are necessary for our goal of validating an approach in a field that has not used it before. As our goal is to evaluate architectures from deep learning area we use three: RBM, DBM and, as you've mentioned, DNN.  To be able to generalize our findings we have applied the approaches to three datasets that are collected at multiple sites and are both static (sMRI) and dynamic (fMRI) in nature.\n\nsMRI as well as fMRI were introduced in Section 1. We now have also added a couple of sentences to explain what the data represents.\n\nIn Section 2.3 we briefly state that we have 249 scans/volumes per subject. We have also added, following your advice, the information on the sampling rate (or time of response (TR) in the literature).\n\nIndeed, by the nature of our work the data is highly domain specific.  However, we compare to the state of the art in the neuroimaging field (ICA) when investigating the RBM model. The goals of investigating the deeper models do not require external comparison as we investigate if a deep learning literature claim holds on our data type (Section 3.3) and if deep learning is able to facilitate discovery (Section 3.4). Both questions are positively answered by our work and for this do not require a comparison.\n\nWe apologize for not stressing it enough, but the intro paragraph of Section 2 does state that the goal of this section is feature learning.  This, as you have noted, is an unsupervised task.  The caption of Figure 1c states that what shown is the average correlation to the ground truth for spatial maps, time courses and cross-correlations.  Since this is a simulation study (the one in Section 2.2), we are able to measure these correlations.\n\nWe have modified the paper to emphasize that we are using the conventional RBM architecture for each layer where all units in a layer are connected to all units in the other layer. As for DNN, we feel it is more of a stylistic convention and it is implied and understood, that when DBN is used as a feed-forward network for classification it is essentially a neural network (a DNN). Having one extra acronym in an already acronym-heavy paper may confuse the reader.\n\nPlease see our response to reviewer 0657 above, where we explain why adding parameters is in itself not a problem if it does not lead to overfitting. As our new experiments in Section 3.3 demonstrate the model does not overfit with the increasing depth as classification on hold out data only improves.  We feel this is the correct control experiment you are asking for. Note, that Section 3.4 pursues a very different goal and overfitting is orthogonal to that goal, we neither care nor even measure it there (see updated version of the manuscript).\n\nAs a matrix factorization method ICA simultaneously estimates two factors: the mixing matrix and the independent components. Conventional and widely used ICA algorithms are applied to fMRI and MRI data spatially for the reasons of computational efficiency and model determination: a 60000 by 60000 mixing matrix for only a couple of hundreds samples long time courses is very hard to estimate and invert.  Note, however, the paper by Le et.  al cited by reviewer 4ea9 that is capable of being applied the way we apply RBM.  However, most widely used ICA algorithms in neuroimaging are not.  For RBM there is only a single set of parameters: the W. Activation sequences of the hidden units can be hardly treated as time courses.  Thus, we've used the W as our spatial features, which also concurs with the usage in the image processing community where W form receptive fields.\n\nWe did not use a GPU implementation of ICA and noted so in the new version of the paper.\n\nThe questionable sentence was not included in the rewritten version of our manuscript.\n\nNote: besides the updated version on arxiv we have placed the version with all changes highlighted at "}, {"reviewer": "anonymous reviewer 4ea9", "Review": "Summary:\n\nThe paper applies deep learning methods to various problems in MRI data analysis, showing that DBNs can recover similar features as other standard techniques, and can possibly improve classification performance in certain tasks.\n\nMajor comments:\n\nThe classification experiments in this paper are hard to follow, and as written it seems they may be flawed:\n\nFor the results in Section 3.2, it sounds like the models may possibly have been pretrained on the testing data, and worse, possibly fine-tuned on the testing data as well. In particular, the model is pretrained and fine-tuned on 335 of 389 examples, and then, subsequently, the top layer activations of these fine-tuned models are supplied to a new shallow classifier that is trained on a different train/test split of half the 389 subjects in each. Each of these splits will thus necessarily contain many examples from the training set used for pretraining/fine-tuning. This means there will be many test examples on which the underlying DBN model has already been fine-tuned with the correct label. Hence the performance numbers are inaccurate. \n\nFor the results in Section 3.3, all data examples are used for pretraining/finetuning, and hence it is not clear to what extent the learned classifiers will generalize to new examples. This is particularly important to check given that the three layer network attains perfect accuracy, which may indicate overfitting. These concerns are moderated by the fact that dimensionality reduction applied to the learned representation shows an interesting structuring by disease severity, and this data was not used in the training process. I also recognize that, in this data analysis application, there are other important goals beyond generalization accuracy. If the trained model identifies particular features that are interpretable in the light of other known data, that can be very helpful. Drawing out these other uses of DBNs is an interesting direction to pursue.\n\nMore details of the RBM model and training procedure should be included in the paper. RBMs typically use 0-1 valued inputs, and the sigmoidal form of the activation function arises by manipulating the energy function. Some details which would strengthen the paper: How was the switch to Tanh activations performed? Were weights updated using contrastive divergence to approximately maximize log likelihood? If so, how many sampling steps were used (e.g., CD-1, CD-10)? Was sampling used, or were the updates based on the mean field approximation? How were tanh units sampled from? How was L1 regularization added? E.g., was it ||tanh(Wx)||_1, or ||sigmoid(Wx)||_1 or ||Wx||_1? \n\nDepending on how the switch to tanh units was performed, the RBM algorithm can be nearly identical to ICA. See, for example, Q.V. Le, A. Karpenko, J. Ngiam, A.Y. Ng. ICA with Reconstruction Cost for Efficient Overcomplete Feature Learning. NIPS, 2011. This connection should be cited and discussed. In particular, the statement 'In general, RBM performed competitively with ICA, while providing--perhaps, not surprisingly due to the used L1 regularization--sharper and more localized features' may need some adjustment. L1 regularization is the objective to be minimized in ICA too--if anything, the difference is due to less stringent orthogonalization.\n\nSome of the given parameter values are confusing. The learning rate is given as epsilon = 0.08, but this is not in the 'workable range' of [1e-4, 1e-3]. Were these parameters hand optimized? How were network sizes chosen?\n\nSome claims are stated without providing the relevant data. E.g., 'Moreover, the block structure of the correlation matrix (not shown) of feature time courses provide a grouping that is more physiologically supported than that provided by ICA.' More discussion of this, maybe in a supplementary materials section after the main paper, would be welcome. It is also stated that RBM bases are more 'spatially concentrated' but this is not quantified or clearly established in the presented data.\n\nThe text is often unclear and hard to follow (particularly section 3.2).\n\nPros/cons:\n+ Interesting new application area for DL\n+ Some results that hold promise\n\n- Flawed experiments mix train/test data\n- Insufficient details of model and training method\n\n\nMinor comments:\n\nThe first page footnote should be removed", "Reply": "Thank you for the effort you have put in reviewing our paper and the useful comments that lead to multiple changes in the manuscript.\n\nAs you have noticed classification experiments do suffer from the double dipping, which we used as admitted in the previous version for the reasons of computational efficiency. To address this concern for Section 3.3 we have completely redone the experiment to evaluate the performance via a 10-fold cross validation. The paper has been changed accordingly.  Besides that we have added the k-nearest neighbor classification results to Section 3.3.  Now the performance numbers more accurately reflect the truth as we only report them on the hold out test data in Table 1. Unfortunately, the computation time has delayed our response to reviewers' comments.\n\nIn Section 3.4 (3.3 in your review) our goal is indeed as stated in the first paragraph: investigate if deep learning has potential in assisting discovery.  We indeed deliberately train the DBN (pre-train and fine tune) and most likely overfit (as you have noted f1 score of 1) on the complete dataset. We're not testing here anymore abilities of the DBN to classify subjects correctly, but rather, as you've noted positively asses if deep learning can be used for goals beyond generalization accuracy. Thank you for pointing out the fact that similar structures in Sections 3.3 and 3.4 may lead a reader to expect the same findings (or refutations).  To reinforce the differences of study 3.4 from 3.3 we have modified the text and stressed the point that we do overfit (possibly) but generalization is nor the goal or the metric in this section. Please see the diff file for the changes we have made.\n\nThank you for requesting the details of the RBM training, as they will only make the paper more useful to a reader. We did, however, present the manipulated energy function for real-valued input in expression (1).  Here is the information that we have added to the paper:\n\n1.  Note, that in practical implementations if the activation nonlinearity belongs to the exponential family we need not worry about the changes in the energy as it is consistently described as a function of sufficient statistics of the model. See for example (Welling 2005) and reference [16] in our paper. As mentioned on page 4 (last line of Section 2.3) we use the following implementation for our experiments: "}, {"reviewer": "anonymous reviewer 0657", "Review": "The paper starts by describing the success of deep learning, which has been incredible, and from the very beginning sounds like the standard paper of 'let's try a successful technique from other areas in our problems.' While interesting, it has problems to start with, not all popular techniques should be applied to all problems.\n\nThe paper presents an interesting introduction, with philosophical components, and some I either don't understand or they are not accurate.\nOracle is the theoretical limits of a problem, and if there is something we are fulling lacking is theory for deep learning (though some old one exists), so not clear what the authors mean.\n\nSecond, the authors should be aware of works on model compression that show that deep learning might actually not be needed and shallow nets can achieve almost same results, a paper on the topic even submitted to this conference.\n\nI am not an RBM expert, only familiar with the subject, so I read it but I am not judging its correctness.\n\nWas SM (Figure 1) ever defined? I can't find it even with my search function in the editor. This is critical.\n\nNot critical if when comparing with ICA, you are using the last techniques developed by Smith and his team and available in the public code from Oxford (double ICA, etc). So are comparisons with the state-of-the-art?\nAlso, while is stated for Fig. 3 that RBM results are more supported by biology, no reference is providing to support this claim.\n\nThe multiplayer comparison in Section 3 makes no sense since parameters are significantly increasing when adding layers. The authors should look at work on model compression to see how these comparisons need to be made, and they might be surprised with the results, or maybe not, but increasing parameters by orders of magnitude is not fair.\n\nThe paper has major issues then, but the authors have done a lot of experimentation, and while under normal circumstances I would certainly recommend to reject, I think that their presence at the conference can lead to interesting discussions. The authors have not convinced me at all that their approach or deep networks in general is useful for their task, but I do believe in open discussions and I believe the community will benefit much more from the science that might come out from them defending their work at the meeting than from us rejecting outright the paper. Hopefully after the meeting we might be able to conclude if this is a direction worth investigating or not.", "Reply": "Thank you very much for your time and effort put in reviewing our article. Apologies for a late response. oppenreview.net did not send a notification of the comment. I appreciate your comments some of which are addressed below. While the techniques addressed are indeed 'popular' in the areas where classification and representation learning are important (as in neuroimaging) it seems unwise to ignore their success just because many people are using them. Instead, our paper focuses on validating deep learning within a range of tasks that are 'very important for brain imaging and neuroscience discovery'. Our results, we believe, speak for themselves. Specific concerns that were raised are addressed below.\n\nNote that we use the term 'oracle' in the sense of a person (or a device) giving correct answers without explanation of how to get them without implying or requiring any theory.\n\nThank you for mentioning another interesting area that may fair better against deep learning and needs validation as well. Are you referring to 'Do Deep Nets Really Need to be Deep?' submitted to the current conference? I will definitely need a closer look at the paper, but however promising it seems that the proposed method still requires outputs of a trained deep net and results presented in our paper will be of great use for neuroimaging practitioners.\n\nThank you for catching our failure to define SM as spatial map in the paper. This omission has been corrected but we will wait for other reviewers to comment before uploading the new version.\n\nWe have performed comparisons with the most widely used ICA approaches and several non-ICA approaches that are not as popular but have been applied in neuroimaging as well.\n\nIt is unclear why would one worry about parameter increase if it does not lead to overfitting. In our case (i.e. Table 1) no overfitting is observed as we report cross-validation results on hold out data. From the literature we know that when the deep learning community claims performance increase with depth they exactly mean testing performance (and this claim we have validated positively for neuroimaging data). It is clear training data will only be overfit with more parameters, but hold out data does not have this problem. Note also, parameter increase is linear in the number of layers. For example for our 50-50-100 networks we have 50*60465 parameters for depth 1 net, 50*60465 + 50*50 for depth 2 net and 50*60465 + 50*50 + 50*100 for depth 3. This is 0.08% (sic!) increase in parameters from depth 1 to depth 2, 0.16% (sic!) from depth 2 to depth 3 and only 0.24% from depth 1 to depth 3. Yet classification performance increases by much more. I may have misunderstood your question, but it does not seem to me there is a problem here."}, {"reviewer": "Sergey Plis", "Reply": "Above two comments are identical, please do not bother reading both. I must have double-clicked the button."}], "url": "https://arxiv.org/abs/1312.5847"}