{"paper_id": "UYmwU4C1wZi16", "header": "Feature Graph Architectures", "abstract": "In this article we propose feature graph architectures (FGA), which are deep learning systems employing a structured initialisation and training method based on a feature graph which facilitates improved generalisation performance compared with a standard shallow architecture. The goal is to explore alternative perspectives on the problem of deep network training. We evaluate FGA performance for deep SVMs on some experimental datasets, and show how generalisation and stability results may be derived for these models. We describe the effect of permutations on the model accuracy, and give a criterion for the optimal permutation in terms of feature correlations. The experimental results show that the algorithm produces robust and significant test set improvements over a standard shallow SVM training method for a range of datasets. These gains are achieved with a moderate increase in time complexity.", "reviews": [{"reviewer": "Richard Davis", "Review": "In response to the above comments:\n1. The main idea is a mechanism which forms a hierarchy of new features which are decorrelated successively from one layer to the next. This mechanism is the reason why the deep architecture is able to decorrelate features better than using PCA in combination with a simple SVM.\n\nWe thought the novel aspects were the following:\na) the use of a deep objective function, in which each node is separately optimized \nb) the additional objective that the global training error must improve to retain node modifications, \nc) the initialization of the deep SVM to the coefficients of a shallow SVM which guarantees the starting point is a good one, and \nd) for deep learning in regression, feature learning at a node level can be effectively done by training the node to the target.\n \nWe are not claiming that the novelty lies in stacking machine learning modules, which is a commonplace technique. Rather, the multi-layer objective function can produce significantly better results even using layers of linear SVMs (which overall is just a linear function), which we thought was an interesting result.\n\n2. We tested regression datasets from a well-known repository, "}, {"reviewer": "anonymous reviewer 1e36", "Review": "The authors propose a hierarchical SVM approach for learning. The method uses the prediction of lower layer SVMs as input to the higher-layer SVMs. Adaptive methods are proposed where lower nodes are updated incrementally in order to improve the overall accuracy.\n\nI could not find what the proposed algorithm exactly does and what is the exact function implemented by the feature graph architecture. I assume that the authors use linear SVMs for regression. Then, should not a combination of these linear SVMs also be linear? Or is a nonlinear kernel being used? The overall lack of specification of the proposed approach, makes it difficult to compare with existing alternatives (hierarchical kernels, boosting, neural networks).\n\nThe paper is rich content-wise, including generalization bounds and stability analysis. Authors derive a generalization bound for the feature graph architecture, showing that surplus error grows linearly with the number of modified nodes in the graph. The generalization bound does not seem to be very tight, as authors show empirically that generalization is on par with basic SVMs.\n\nThe authors propose maximizing feature correlation in the first layer as a heuristic to construct the feature hierarchy. This is generally a good idea, but I am wondering whether having only one output per group of correlated features is sufficient in order to learn complex models."}, {"reviewer": "Richard Davis", "Review": "A few comments in response to the above points:  \n\n1. We think the novel aspects are a) the use of a deep objective function, in which each node is separately optimized b) the additional objective that the global training error must improve to retain node modifications, c) the initialization of the deep SVM to the coefficients of a shallow SVM which guarantees the starting point is a good one, and d) for deep learning in regression, feature learning at a node level can be effectively done by training the node to the target.  We are not claiming that the novelty lies in stacking machine learning modules, which is a commonplace technique. Rather, the main idea is that the deep objective function can produce significantly better results even with a deep SVM using linear kernels (which as you correctly point out is just a linear function), which we feel is an interesting result.   \n\n2. Learning a non-linear function such as (sum x_i)^2 using linear building blocks is non-trivial, and the method significantly outperformed the other competing methods, some of which were non-linear. We tested other functions with more terms and found similar results.  \n\n3. We plan to test the method on a much wider range of datasets but the ones we tested are regression datasets from a well-known repository,  "}, {"reviewer": "Richard Davis", "Review": "A few comments in response to the above points:\n\n1. We think the novel aspects are a) the use of a deep objective function, in which each node is separately optimized b) the additional objective that the global training error must improve to retain node modifications, c) the initialization of the deep SVM to the coefficients of a shallow SVM which guarantees the starting point is a good one, and d) for deep learning in regression, feature learning at a node level can be effectively done by training the node to the target.\n\nWe are not claiming that the novelty lies in stacking machine learning modules, which is a commonplace technique. Rather, the main idea is that the deep objective function can produce significantly better results even with a deep SVM using linear kernels (which as you correctly point out is just a linear function), which we feel is an interesting result. \n\n2. Learning a non-linear function such as (sum x_i)^2 using linear building blocks is non-trivial, and the method significantly outperformed the other competing methods, some of which were non-linear. We tested other functions with more terms and found similar results.\n\n3. We plan to test the method on a much wider range of datasets but the ones we tested are regression datasets from a well-known repository, \n"}, {"reviewer": "anonymous reviewer 07bc", "Review": "This paper presents a tree-structured architecture whose leafs are\nSVMs on subsets of attributes and whose internal nodes are SVM taking\nas input predictions computed by the children.\n\nThe generality of the method is unclear: you seem to implicitly assume\nregression problems but this is never explicitly mentioned. Could the\nmethod work for classification?\n\nThe significance seems modest to me. First, it is unclear in what\nsense the algorithm performs feature learning as the intermediate\nlayers contain in facts predictions. Additionally, all the experiments\nuse a linear kernel and thus from what I understand from Section 3 the\ntree in Figure 1 computes a linear function of its input. Clearly I\nmust be missing something otherwise this would not be a deep learning\nsystem at all. But the presentation should be improved to clarify\nthis. The notation is also confusing, for example does overline{y}\ndenote a mean? Over what quantities exactly (targets or predictions)?\nPseudo-code 2 seem to contradict Figure 1 as each SVM is trained on\ninputs x (again probably a notational issue).\n\nThe experiments are only preliminary and based on small data sets. The\nreported R and hat{R} seem to be unnormalized, why?"}, {"reviewer": "anonymous reviewer bbb2", "Review": "* A brief summary of the paper's contributions, in the context of prior work.\nPapers suggests to stack multiple machine learning modules on top of each other. Applies it to SVMs.\n\n* An assessment of novelty and quality. \n        Not novel, quality is low.\n\n* A list of pros and cons (reasons to accept/reject).\npros :\nExploration of non-standard deep architectures. Good direction of research.\n\ncons :\nPaper suggests randomly establish group of features to find correlated groups. This task might be extremely expensive and infeasible. \n\nVery poor experiments. One experiment on synthetic data, which is trivial to learn (sum xi) ^ 2, and others on unknown datasets.\n\nIt is unclear where is non-linearity coming from. If this are just SVMs stacked on top of each other, and there is no non-linearity in between ? Then entire procedure is just a linear classifier with regularization. \n\nPaper doesn\u2019t state what is optimization objective of the entire system. It just brings an algorithm.\n\nDimensionality of data is extremely small ~25 dims."}], "url": "https://arxiv.org/abs/1312.4209"}