{"paper_id": "ylE6yojDR5yqX", "header": "Network In Network", "abstract": "We propose a novel network structure called 'Network In Network' (NIN) to enhance the model discriminability for local receptive fields. The conventional convolutional layer uses linear filters followed by a nonlinear activation function to scan the input. Instead, we build micro neural networks with more complex structures to handle the variance of the local receptive fields. We instantiate the micro neural network with a nonlinear multiple layer structure which is a potent function approximator. The feature maps are obtained by sliding the micro networks over the input in a similar manner of CNN and then fed into the next layer. The deep NIN is thus implemented as stacking of multiple sliding micro neural networks. With the enhanced local modeling via micro network, we are able to utilize global average pooling over feature maps in the classification layer, which is more interpretable and less prone to overfitting than traditional fully connected layers. We demonstrated state-of-the-art classification performances with NIN on CIFAR-10, CIFAR-100 and SVHN datasets.", "reviews": [{"reviewer": "Jost Tobias Springenberg", "Review": "Interesting Paper. I think there are a lot of possibilities hidden in\nthe Ideas brought up here - as well as in the general Idea brought up\nby the maxout work. I have a short comment to make regarding the\nperformance that you achieve with the 'Network in Network' model:\n\nAlthough I do not think that this should influence the decision on\nthis paper (nor do I think it takes anything away from the Network \nin Network idea) I want to make you aware that I believe a large part\nof your performance increase over maxout stems from your choice of\nhyperparameters.\n\nI am currently running a hyperparameter search for maxout for a paper\nsubmitted to ICLR (the 'Improving Deep Neural Networks with\nProbabilistic Maxout Units' paper). The preliminary best result that I\nobtained for a maxout network on CIFAR-10 without data augmentation \n(using the same amount of units per layer as in the original maxout\npaper) is 10.92 % error. If I understand it correctly then this is\napproximately the same as the NiN model with a fully connected layer. \nThe hyperparameter settings for this model are very similar to the\nsettings I assume were used in your paper (based on the parameter file \nyou posted here\n", "Reply": "Hi Jost,\n\nI initialized the hyperparameter according to the parameters released by the maxout paper. For CIFAR-10, there are two things I tuned, one is the weight decay, and the other is the kernel size of the last layer (3x3 instead of 5x5).\n\nTuning the weight decay gives me most of the performance. The other settings, such as 5x5 kernel size instead of 8x8; I just set them once and they were not tuned for performance. \n\nI think the t tunable range for kernel size is quite small. It depends on the size  of the object within the image. I've no idea whether it would affect the performance that much. I'm very interested about this, looking forward to seeing the effect of hyperparameters."}, {"reviewer": "anonymous reviewer bae9", "Review": "Authors propose the following modification to standard architecture:\n\nReplace:\nconvolution -> relu\nwith\nconvolution -> relu -> convolution (1x1 filter) -> relu\n\nAdditionally, instead of using fully connected layers, the depth of the last conv layer is the same as number of classes, which they average over x,y position. This generates a vector of per-class scores. \n\nThere's a number of internal inconsistencies and omitted details which make reproducing the results impossible. Those issues must be fixed to be considered for acceptance. They do bring up one intriguing idea which gives a novel approach to localization.\n\n- Authors would be better off using standard terminology, like I did above, that makes reading the paper easier.\n\n- Some space is unnecessarily taken up by issues that are irrelevant/speculative, like discussing that this architecture allows for feature filters that are 'universal function approximators.' Do we have any evidence this is actually needed for performance?\n\n- In section 3.2 they say that last averaged layer is fed into softmax, but this contradicts Figure 4 where it seems that last layer features actually correspond to classes, and no softmax is needed. I assumed the later was the intention.\n\n- Following sentence is unclear, consider expanding or removing:\n\n'A vectorized view of the global average pooling is that the output of the last mlpconv layer is forced into orthogonal subspaces for different categories of inputs'\n\n- Most serious shortcoming of this paper is lack of detailed explanation of architecture. All I have to go on is the picture in Figure 2, which looks like 3 spatial pooling layers and 6 convolutional layers. Authors need to provide following information for each layer -- filter size/pooling size/stride/number of features. Ideally it would be in a succinct format like Table 2 of 'OverFeat' paper (1312.6229). We have implemented NIN idea on our own network we used for SVHN and got worse results. Since detailed architecture spec is missing, I can't tell if it's the problem of the idea or the particulars of the network we used.\n\nOne intriguing/promising idea they bring up is the idea of using averaging instead of fully connected layers. I expected this to allow one to be able to localize the object by looking at the outputs of the last conv layer before averaging, which indeed seems like the case from Figure 4.", "Reply": "I'm sorry that I missed this comment, but fortunately I updated on March 4th. Tmr I'll leave Banff, really had a good time here enjoying the talks."}, {"reviewer": "anonymous reviewer 5205", "Reply": "I'm sorry that I missed this comment, but fortunately I updated on March 4th. Tmr I'll leave Banff, really had a good time here enjoying the talks."}, {"reviewer": "\u00c7a\u011flar G\u00fcl\u00e7ehre", "Review": "That is an interesting paper. I have a few suggestions and comments about it:\n\n(i) We used the same architecture in a paper publised at ICLR 2013 [1] for a specific problem and we called it as SMLP. Two differences in their approach from our paper are, for NIN authors stack several layers of locally connected MLPs(mlpconv) with tied weights, whereas we used only one layer of mlpconv and we didn't use Global Average Pooling. However sliding neural network over an image to do detection/classification is quiet old [2]. I think authors should cite those papers.\n\n(ii) Moreover I think authors should provide more details about their experiments and hyperparameters that they have used (such as size of the local receptive fields, size of the strides).\n\n(iii) A speed comparison between regular convolutional neural networks and NIN would be also interesting. \n\n[1] G\u00fcl\u00e7ehre, \u00c7a\u011flar, and Yoshua Bengio. 'Knowledge matters: Importance of prior information for optimization.' arXiv preprint arXiv:1301.4083 (2013). \n[2] Rowley, Henry A., Shumeet Baluja, and Takeo Kanade. Human face detection in visual scenes. Pittsburgh, PA: School of Computer Science, Carnegie Mellon University, 1995.", "Reply": "1. Thanks for the information, we'll cite those papers in the coming version.\n2. The hyper-parameters of the models are in our supplementary material and will soon be online.\n3. NIN has a smaller number of parameters than CNN. However, it has lots of nodes thus lots of computation. But since the nodes in NIN are fully parallel, it is not a problem if we have lots of computing nodes just as human brain does."}, {"reviewer": "Dong-Hyun Lee", "Review": "I doubt that the mlpconv layers can be easily implemented by successive 1x1 conv layers. In a 1x1 conv layer, the lower feature maps and the upper feature maps at each location are fully-connected.  For examples, 5x5 conv - 1x1 conv - 1x1 conv is equivalent to 5x5 mlpconv layers with 3 local layers.\n\nOf course, this work is still interesting and valuable even though my thinking is correct. But in that case, it can be easily implemented by the ordinary CNN packages.", "Reply": "Yes, in the node sharing case (which is used in the experiment of this paper), it is equivalent to convolution with kernel size 1. By the way, the overfeat paper submitted in iclr2014 uses 1x1 convolution kernel in the last layer. It is true you can use the convolution function in ordinary CNN packages, but the most efficient way is to use matrix multiplication functions in cublas."}, {"reviewer": "anonymous reviewer 5dc9", "Review": "> - A brief summary of the paper's contributions, in the context of prior work.\n\nConvolutional neural networks have been an essential part of the recent breakthroughs deep learning has made on pattern recognition problems such as object detection and speech recognition. Typically, such networks consist of convolutional layers (where copies of the same neuron look at different patches of the same image), pooling layers, normal fully-connected layers, and finally a softmax layer.\n\nThis paper modifies the architecture in two ways. Firstly, the authors explore an extremely natural generalization of convolutional layers by changing the unit of convolution: instead of running a neuron in lots of locations, they run a 'micro network.' Secondly, instead of having fully-connected layers, they have features generated by the final convolutional layer correspond to categories, and perform global average pooling before feeding the features into a softmax layer. Dropout is used between mlpconv layers.\n\nThe paper reports new state-of-the-art results with this modified architecture on a variety of benchmark datasets: CIFAR-10, CIFAR-100, and SVHN. They also achieve near state-of-the-art performance on MNIST.\n\n> - An assessment of novelty and quality.\n\nThe reviewer is not an expert but believes this to be the first use of the 'Network In Network' architecture in the literature. The most similar thing the reviewer is aware of is work designing more flexible neurons and using them in convolutional layers (eg. maxout by Goodfellow et al, cited in this paper). The difference between a very flexible neuron and a small network with only one output may become a matter of interpretation at some point.\n\nThe paper very clearly outlines the new architecture, the experiments performed, and the results.\n\n> - A list of pros and cons (reasons to accept/reject).\n\nPros:\n* The work is performed in an important and active area.\n* The paper explores a very natural generalization of convolutional layers. It's really nice to have this so thoroughly explored.\n* The authors perform experiments to understand how global average pooling affect networks independently of mlpconv layers.\n* The paper reports new state-of-the-art results on several standard datasets.\n* The paper is clearly written.\n\nCons:\n* All the datasets the model is tested on are classification of rather small images (32x32 and 28x28). One could imagine a few stories where the mlpconv layers would have a comparative advantage on small images (eg. the small size makes having lots of convolutional layers tricky, so it's really helpful to have each layer be more powerful individually). If this was the case, mlpconv would still be useful and worth publishing, but it would be a bit less exciting. That said, it clearly wouldn't be reasonable to demand the architecture be tested on ImageNet -- the reviewer is just very curious.\n* It would also be nice to know what happens if you apply dropout to the entire model instead of just between mlpconv layers. (Again, the reviewer is just curious.)", "Reply": "We fully agree that NIN should be tested on larger images such as imagenet.\nWe've got reasonable preliminary results on imagenet, but since the performance of maxout on imagenet is unknown, we didn't include it in the paper.\n\nAs is mentioned in our reply to Anonymous 5205, we think how dropout should be applied on a model is not yet fully understood; it makes another story itself."}, {"reviewer": "anonymous reviewer 5205", "Review": "Summary of contributions:\nProposes a new activation function for backprop nets. Advocates using global mean pooling instead of densely connected layers at the output of convolutional nets.\n\nNovelty: moderate\nQuality: moderate\n\nPros:\n\t-Very impressive results on CIFAR-10 and CIFAR-100\n\t-Acceptable results on SVHN and MNIST\n\t-Experiments distinguish between performance improvements due to NIN structure and performance improvements due to global average pooling\nCons:\n\t-Explanation of why NIN works well doesn\u2019t make a lot of sense\n\nI suspect that NIN\u2019s performance has more to do with the way you apply dropout to the model, rather than the explanations you give in the paper. I elaborate more below in the detailed comments.\n\nDid you ever try NIN without dropout?\n\nMaxout without dropout generally does not work all that well, except in cases where each maxout unit has few filters, or the dataset size is very large. I suspect your NIN units don\u2019t work well without dropout either, unless the micro-net is very small or you have a lot of data. I find it very weird that you don\u2019t explore how well NIN works without dropout, and that your explanation of NIN\u2019s performance doesn\u2019t involve dropout at all.\n\nThis paper has strong results but I think a lot of the presentation is misleading. It should be published after being edited to take out some of the less certain stuff from the explanations. It could be a really great paper if you had a better story for why NIN works well, including experiments to back up this story. I suspect the story you have now is wrong though, and I suspect the correct story involves the interaction between NIN and dropout.\n\nI\u2019ve hear Geoff Hinton proposed using some kind of unit similar to this during a talk at the CIFAR summer school this year. I\u2019ll ask one of the summer school students to comment on this paper. I don\u2019t think this subtracts from your originality but it might be worth acknowledging his talk, depending on what the summer school student says.\n\nDetailed comments:\n\nAbstract:\n\tI don\u2019t understand what it means \u201cto enhance the model discriminability for local receptive fields.\u201d\n\t\n\nIntroduction\n\tParagraph 1: I don\u2019t think we can confidently say that convolutional net features are generally related to binary discrimination of whether a specific feature is present, or that they are related to probabilities. For example, some of them might be related to measurements (\u201chow red is this patch?\u201d rather than \u201cwhat is the probability that this patch is red?\u201d) In general, our knowledge of what features are doing is fairly primitive, informal, and ad hoc. Note that the other ICLR submission \u201cIntriguing Properties of Neural Networks\u201d has some strong arguments against the idea of looking at the meaning of individual features in isolutian, or interpreting them as probabilistic detectors. Basically I think you could describe conv nets in the intro without committing to these less well-established ideas about how conv nets work.\n\t\n\tParagraph 2: I understand that many interesting features can\u2019t be detected by a GLM. But why does the first layer of the global architecture need to be a nonlinear feature detector? Your NIN architecture still is built out of GLM primitives. It seems like it\u2019s a bit arbitrary which things you say can be linear versus non-linear. i.e., why does it matter that you group all of the functionality of the micro-networks and say that together those are non-linear? Couldn\u2019t we just group the first two layers of a standard deep network and say they form a non-linear layer? Can\u2019t we derive a NIN layer just by restricting the connective of multiple layers of a regular network in the right way?\n\n\tParagraph 3: Why call it an mlpconv layer? Why not call it a NIN layer for consistency with the title of the paper?\n\n\tLast paragraph: why average pooling? Doesn\u2019t it get hard for this to have a high confidence output if the spatial extent of the layer gets large?\n\nSection 2: Convolutional Neural Networks\n\n\teqn 1: use \text{max} so that the word \u201cmax\u201d doesn\u2019t appear in italics. italics are for variable names.\n\n\tRest of the section: I don\u2019t really buy your argument that people use overcompleteness to avoid the limitations of linear feature detectors. I\u2019d say instead they use multiple layers of features. When you use two layers of any kind of MLP, the second layer can include / exclude any kind of set, regardless of whether the MLP is using sigmoid or maxout units, so I\u2019m not sure why it matters that the first layer can only include / exclude linear half-spaces for sigmoid units and can only exclude convex sets for maxout units.\n\n\tRegarding maxout: I think the argument here could use a little bit more detail / precision. I think what you\u2019re saying is that if you divide input space into an included set and an excluded set by comparing the value of a single unit against some threshold t, then traditional GLM feature detectors can only divide the input into two half-spaces with a linear boundary, while maxout can divide the input space into a convex set and its complement. Your presentation is a little weird though because it makes it sound like maxout units are active (have value > threshold) within a convex region, when in fact the opposite is true. Maxout units are active *outside* a convex region. It also doesn\u2019t make a lot of sense to refer to \u201cseparating hyperplanes\u201d anymore when you\u2019re talking about this kind of convex region discrimination. \n\nSection 3.1\n\tPar 1: I\u2019d argue that an RBF network is just an MLP with a specific kind of unit.\n\n\tEquation 2: again, \u201cmax\u201d should not be in italics\n\nSection 4.1\n\tLet me be sure I understand how you\u2019re applying dropout. You drop the output of each micro-MLP, but you don\u2019t drop the hidden units within the micro-MLP, right? I bet this is what leads to your performance improvement: you\u2019ve made the unit of dropping have higher capacity. The way you group things to be dropped for the droput algorithm actually has a functional consequence. The way you group things when looking for linear versus non-linear feature detectors is relatively arbitrary. So I don\u2019t really buy your story in sections 1-3 about why NIN performs better, but I bet the way you use dropout could explain why it works so well.\n\nSection 4.2\n\tThese results are very impressive!\n\tWhile reading this section I wanted to know how much of the improvements were due to global averaging pooling versus NIN. I see you\u2019ve done those experiemnts later in section 4.6. I\u2019d suggest bringing Table 5 into this section so all the CIFAR-10 experiments are together and readers won\u2019t think of this objection without knowing you\u2019ve addressed it.\n\t\nSection 4.3\n\tConvolutional maxout is actually not the previous state of the art for this dataset. The previous state of the art is 36.85% error, in this paper:\n", "Reply": "I think it would be perfectly valid to report your result on CIFAR-10 without dropout. It would definitely be nice to have a fair comparison between maxout and NIN without dropout but the NIN number alone is still interesting."}, {"reviewer": "anonymous reviewer 5205", "Reply": "I think it would be perfectly valid to report your result on CIFAR-10 without dropout. It would definitely be nice to have a fair comparison between maxout and NIN without dropout but the NIN number alone is still interesting."}], "url": "https://arxiv.org/abs/1312.4400"}