{"paper_id": "YvgSX22hONWpI", "header": "Multimodal Transitions for Generative Stochastic Networks", "abstract": "Generative Stochastic Networks (GSNs) have been recently introduced as an alternative to traditional probabilistic modeling: instead of parametrizing the data distribution directly, one parametrizes a transition operator for a Markov chain whose stationary distribution is an estimator of the data generating distribution. The result of training is therefore a machine that generates samples through this Markov chain. However, the previously introduced GSN consistency theorems suggest that in order to capture a wide class of distributions, the transition operator in general should be multimodal, something that has not been done before this paper. We introduce for the first time multimodal transition distributions for GSNs, in particular using models in the NADE family (Neural Autoregressive Density Estimator) as output distributions of the transition operator. A NADE model is related to an RBM (and can thus model multimodal distributions) but its likelihood (and likelihood gradient) can be computed easily. The parameters of the NADE are obtained as a learned function of the previous state of the learned Markov chain. Experiments clearly illustrate the advantage of such multimodal transition distributions over unimodal GSNs.", "reviews": [{"reviewer": "Yoshua Bengio", "Review": "We thank the reviewers for the feedback and suggested improvements, which we will incorporate in the revised paper."}, {"reviewer": "anonymous reviewer 6682", "Review": "Generative Stochastic Networks have recently been introduced as a new generative model formalism. Instead of directly parameterizing the data distribution, GSNs learn the transition distribution for a Markov chain which generates samples from the learned distribution. Previous results on GSNs, namely using the denoising criterion, have used a transition distribution that is factorized or unimodal. This makes it easier to learn the GSN, but limits the expressivity of the model. This paper proposes a type of GSN which uses conditional NADE to represent multi-modal output distributions for the transition operator. Results show it performing better than the uni-modal approach on MNIST and a toy 2d dataset.\n\nThe paper is novel. The GSN is a relatively recent formalism, with essentially all work coming from the same research group. This is the first work to propose a multi-modal transition operator. It's also an interesting use of NADE and bears some similarity to the recent use of NADE as an output distribution for recurrent neural networks. It is an interesting paper: well motivated and well written.\n\nPros:\n* In my opinion, GSNs are a fascinating framework and this paper addresses one of the limitations of previous work\n* The paper is clear and gives a great deal of background; in summarizing the work to-date on GSNs, it's complimentary to other published work\n\nCons:\n* Experiments are limited to a toy dataset (2d - a few hundred (?) examples) and MNIST; the former is ok for visualization and the later is used to compare methods based on an approximation to test log likelihood proposed by the same group\n* The comparisons aren't very extensive - essentially the model without NADE and the baseline model using 'walkback' training\n* Although the background and review of GSNs are welcome, more than half of the paper is devoted to background. I feel that the paper makes a good contribution, but not as substantial as other ICLR papers. It could certainly be strengthened by exploring other types of output distribution models beyond NADE or experiments beyond MNIST.\n\nComments\n--------\n\nIn the experiments section, I suggest giving a pointer that discussion re: walkback not being applied to GSN-NADE will be addressed later (i.e. in next section).\n\nSection 4 refers to a Figure 2, but I believe it should be Figure 1.\n\nSection 6 'fatorial' -> 'factorial'\n\nEven though the CSL method is referenced, you could give a short description of it in the experiments section.\n\nIs R-NADE being used for the 2d dataset and regular NADE being used for MNIST? I didn't see this explicitly stated.\n\nFirst sentence on page 7 reads 'On the contrary, GSN-NADE with the walkback training alleviates this issue.' This is confusing, GSN-NADE didn't use walkback training. Should it say 'GSN-NADE without the walkback training?'"}, {"reviewer": "anonymous reviewer 8572", "Review": "The authors present work that tackles learning data distributions indirectly, by learning a neural-network based transition operator (a Generative Stochastic Neural Network, GSN), whose stationary distribution is the desired distribution. Specifically, they introduce a GSN where the transition distribution is multimodal. The proposed model is evaluated in two experiments (spiral distribution and generating MNIST) and shown to produce samples that better capture the data distribution.\n\nI'm not enough of an expert to give an in-depth analysis of the proposed method, however, I review the paper in general terms.\n\n\nPros: addressing sampling issues is worthwhile, and I would like to learn more about the proposed approach.\nCons: the initial part of the paper is way too wordy. At the same time, details and explanations regarding the model and experimental procedures are missing. There's few actual results; this should have been written as a short workshop paper.\n\n\nThe introduction/motivation section is very long and has some content that is not directly relevant to the paper, or detail that is unnecessary. The authors write over a page to motivate unsupervised learning in general, and to describe well-known facts (Boltzmann machines are difficult to handle; the existence of many, separated modes makes MCMC difficult). This strikes me as too general for the paper and could have been one or two short paragraphs instead. Similarly, what is the benefit of spelling out in full Theorem 1, from an earlier reference? Etc. \n\nThe writing should be made more succinct and be structured better. In Section 1, the general introduction of the topic and overview of the paper should be separated. Wording could be improved (e.g., '[...] MAP approximations could all fall on their face.'; or 'In a sense, this is something that we are directly testing in this paper.'--in a sense?). \n\nIn Section 5, I take it that the NADE factorization is now over pixels rather than frames? The notation should make this clearer (x_{} is used for both). RNADE was not defined (should be with ref [12]). A figure would have been helpful for understanding the GSN-NADE architecture (and the other models).\n\nResults are not presented until Section 6, more than halfway through the paper. Here, the methods used are not properly explained and not enough details are given. \n\nIn the first experiment, what are the model parameters and training procedure? For the second experiment, the authors write 'The training of model uses the same procedure as in [13]', with no further explanation. Similarly: 'To evaluate the quality of trained GSNs as generative models, we adopt the Conservative Sampling-based Log-likelihood (CSL) estimator proposed in [9]' and 'The GSN-1-w is [...] trained with the walkback procedure proposed in Bengio et al. [11].' No explanation is given for any of this. The references are all very recent (2013), so it's not like the general reader can be expected to be familiar with these methods. Again, model parameters are missing ('For the details of models being compared, please refer to [9].').\n\n\nIn conclusion, if the authors were to expand the experimental section and better explain the methods used, and cut out unnecessary content, this could make for a workshop track paper. But I don't see enough content for a conference paper.\n\nFurther notes:\n\nPage 3: 'Monte-Carlo Markov Chain (MCMC) methods' -> Markov chain Monte Carlo (MCMC) methods\nPage 4: 'Figure 2' should be Figure 1?\n\nIt looks like the paper was updated after the review period had started (24 Jan.). It would be good in such cases to notify reviewers by posting a comment here, to make sure they are reviewing the latest version."}, {"reviewer": "anonymous reviewer 3e78", "Review": "Recently, (Bengio et al. 2013b,2013c) proposed a novel way to estimate a data distribution indirectly, by training the transition operator T(x_{t}|x_{t-1}) of a Markov chain instead of trying to estimate the data distribution directly. These Generative Stochastic Networks (GSN) have several theoretical benefits, mainly avoiding the costly process of sampling in a highly multi-modal distribution (either when trying to sample from the model to estimate the so called 'negative gradient update', or when trying to perform MAP inference) as is traditionally required when training highly multi-modal models.\n\nThis paper proposes using a Neural Auto-Regressive Density Estimator (NADE) to learn a *multimodal* transitition operator, thus hopefully improving results compared to the above works in which the transition operator is unimodal.\n\nThe authors make a very good review of recent advances related to GSNs and argue that using a multi-modal transition operator could allow for better mixing of the markov chain and deal more gracefully with huge numbers of modes.\n\nTwo sets of experiments are performed, the first trying to estimate a 'spiral' distribution in 2D (a 2D slice of the traditional Swiss roll seen in manifold learning studies), the second on the Mnist dataset of handwritten digits. These experiments compare GSNs using the proposed multi-modal NADE transition operator with GSNs based on uni-modal transition operators which were used in previous works.\n\nThe results show that GSN-NADE fare much better at representing the spiral dataset, but fall a little short of expectations on the Mnist dataset where the walkback trick proposed in (Bengio et al. 2013c) allows a GSN with a uni-modal transition operator to fare better than the proposed GSN-NADE. In other words, the results support the hypothesis that a multi-modal NADE transition operator can be helpful, but using the walkback trick to deal with spurious modes appears to be even more helpful. As a possible future work, the authors propose to try and find a way to combine both benefits since walkback is not trivially applicable to the proposed GSN-NADE.\n\nThis study presents a new approach to a problem clearly identified in an earlier study, gives a very good summary of the state-of-the-art, clearly identifies key issues to overcome, and honestly presents its own limitations. Although the results fall a little short of expectations, they do indeed point to the fact that a multi-modal transition operator can be helpful in GSNs.\nRegrettably the experiments do not try to assess the quality of the representations obtained with GSN-NADE in a classification setting and on more complex datasets than Mnist.", "Reply": "We thank the review for the thoughtful comments.\n\nWe believe that we have found a way to speed-up sampling of GSN-NADE (especially deep NADE) in order to incorporate the walkback algorithm in the training process.  The idea is to avoid the lengthy loop over all the pixels by only resampling subsets at a time (according to a GSN framework!).\n\nWe have started experiments with this approach.  We will add these results to the final version of the paper.\n\nThe main contribution however remains that GSNs with a multimodal output distribution can be trained and that they can avoid *modeling* difficulties that can otherwise hurt GSNs with unimodal/factorized output distributions (such as those used in previous papers).\n\nWe will also add results on other datasets."}], "url": "https://arxiv.org/abs/1312.5578"}